Name,Image,Buy,Sell,Color1,Color2,Source,Catalog
admiral,https://acnhcdn.com/latest/FtrIcon/PosterNpcNmlBrd06.png,1000,250,green,blue,Nook's Shopping - Posters,fs
agent s,https://acnhcdn.com/latest/FtrIcon/PosterNpcNmlSqu05.png,1000,250,blue,gray,Nook's Shopping - Posters,fs
agnes,https://acnhcdn.com/latest/FtrIcon/PosterNpcNmlPig17.png,1000,250,pink,black,Nook's Shopping - Posters,fs
al,https://acnhcdn.com/latest/FtrIcon/PosterNpcNmlGor08.png,1000,250,red,light blue,Nook's Shopping - Posters,fs
alfonso,https://acnhcdn.com/latest/FtrIcon/PosterNpcNmlCrd00.png,1000,250,orange,red,Nook's Shopping - Posters,fs
alice,https://acnhcdn.com/latest/FtrIcon/PosterNpcNmlKal01.png,1000,250,beige,white,Nook's Shopping - Posters,fs
alli,https://acnhcdn.com/latest/FtrIcon/PosterNpcNmlCrd01.png,1000,250,light blue,red,Nook's Shopping - Posters,fs
amelia,https://acnhcdn.com/latest/FtrIcon/PosterNpcNmlPbr01.png,1000,250,red,white,Nook's Shopping - Posters,fs
anabelle,https://acnhcdn.com/latest/FtrIcon/PosterNpcNmlAnt03.png,1000,250,yellow,blue,Nook's Shopping - Posters,fs
anchovy,https://acnhcdn.com/latest/FtrIcon/PosterNpcNmlBrd02.png,1000,250,brown,light blue,Nook's Shopping - Posters,fs
angus,https://acnhcdn.com/latest/FtrIcon/PosterNpcNmlBul00.png,1000,250,red,orange,Nook's Shopping - Posters,fs
anicotti,https://acnhcdn.com/latest/FtrIcon/PosterNpcNmlMus10.png,1000,250,green,brown,Nook's Shopping - Posters,fs
ankha,https://acnhcdn.com/latest/FtrIcon/PosterNpcNmlCat19.png,1000,250,yellow,brown,Nook's Shopping - Posters,fs
annalisa,https://acnhcdn.com/latest/FtrIcon/PosterNpcNmlAnt08.png,1000,250,beige,pink,Nook's Shopping - Posters,fs
annalise,https://acnhcdn.com/latest/FtrIcon/PosterNpcNmlHrs09.png,1000,250,brown,purple,Nook's Shopping - Posters,fs
antonio,https://acnhcdn.com/latest/FtrIcon/PosterNpcNmlAnt01.png,1000,250,blue,yellow,Nook's Shopping - Posters,fs
apollo,https://acnhcdn.com/latest/FtrIcon/PosterNpcNmlPbr00.png,1000,250,black,white,Nook's Shopping - Posters,fs
apple,https://acnhcdn.com/latest/FtrIcon/PosterNpcNmlHam01.png,1000,250,red,yellow,Nook's Shopping - Posters,fs
astrid,https://acnhcdn.com/latest/FtrIcon/PosterNpcNmlKgr05.png,1000,250,white,black,Nook's Shopping - Posters,fs
audie,https://acnhcdn.com/latest/FtrIcon/PosterNpcNmlWol12.png,1000,250,red,yellow,Nook's Shopping - Posters,fs
aurora,https://acnhcdn.com/latest/FtrIcon/PosterNpcNmlPgn00.png,1000,250,black,red,Nook's Shopping - Posters,fs
ava,https://acnhcdn.com/latest/FtrIcon/PosterNpcNmlChn05.png,1000,250,beige,pink,Nook's Shopping - Posters,fs
avery,https://acnhcdn.com/latest/FtrIcon/PosterNpcNmlPbr05.png,1000,250,gray,black,Nook's Shopping - Posters,fs
axel,https://acnhcdn.com/latest/FtrIcon/PosterNpcNmlElp06.png,1000,250,blue,red,Nook's Shopping - Posters,fs
baabara,https://acnhcdn.com/latest/FtrIcon/PosterNpcNmlShp01.png,1000,250,brown,light blue,Nook's Shopping - Posters,fs
bam,https://acnhcdn.com/latest/FtrIcon/PosterNpcNmlDer01.png,1000,250,blue,green,Nook's Shopping - Posters,fs
bangle,https://acnhcdn.com/latest/FtrIcon/PosterNpcNmlTig03.png,1000,250,brown,green,Nook's Shopping - Posters,fs
barold,https://acnhcdn.com/latest/FtrIcon/PosterNpcNmlCbr16.png,1000,250,gray,black,Nook's Shopping - Posters,fs
bea,https://acnhcdn.com/latest/FtrIcon/PosterNpcNmlDog10.png,1000,250,light blue,brown,Nook's Shopping - Posters,fs
beardo,https://acnhcdn.com/latest/FtrIcon/PosterNpcNmlBea13.png,1000,250,light blue,brown,Nook's Shopping - Posters,fs
beau,https://acnhcdn.com/latest/FtrIcon/PosterNpcNmlDer07.png,1000,250,light blue,brown,Nook's Shopping - Posters,fs
becky,https://acnhcdn.com/latest/FtrIcon/PosterNpcNmlChn09.png,1000,250,purple,red,Nook's Shopping - Posters,fs
bella,https://acnhcdn.com/latest/FtrIcon/PosterNpcNmlMus02.png,1000,250,purple,white,Nook's Shopping - Posters,fs
benedict,https://acnhcdn.com/latest/FtrIcon/PosterNpcNmlChn01.png,1000,250,red,green,Nook's Shopping - Posters,fs
benjamin,https://acnhcdn.com/latest/FtrIcon/PosterNpcNmlDog16.png,1000,250,yellow,green,Nook's Shopping - Posters,fs
bertha,https://acnhcdn.com/latest/FtrIcon/PosterNpcNmlHip03.png,1000,250,pink,green,Nook's Shopping - Posters,fs
bettina,https://acnhcdn.com/latest/FtrIcon/PosterNpcNmlMus15.png,1000,250,orange,blue,Nook's Shopping - Posters,fs
bianca,https://acnhcdn.com/latest/FtrIcon/PosterNpcNmlTig06.png,1000,250,light blue,blue,Nook's Shopping - Posters,fs
biff,https://acnhcdn.com/latest/FtrIcon/PosterNpcNmlHip04.png,1000,250,red,black,Nook's Shopping - Posters,fs
big top,https://acnhcdn.com/latest/FtrIcon/PosterNpcNmlElp02.png,1000,250,green,yellow,Nook's Shopping - Posters,fs
bill,https://acnhcdn.com/latest/FtrIcon/PosterNpcNmlDuk00.png,1000,250,brown,yellow,Nook's Shopping - Posters,fs
billy,https://acnhcdn.com/latest/FtrIcon/PosterNpcNmlGoa02.png,1000,250,brown,green,Nook's Shopping - Posters,fs
biskit,https://acnhcdn.com/latest/FtrIcon/PosterNpcNmlDog03.png,1000,250,orange,purple,Nook's Shopping - Posters,fs
bitty,https://acnhcdn.com/latest/FtrIcon/PosterNpcNmlHip05.png,1000,250,pink,red,Nook's Shopping - Posters,fs
blaire,https://acnhcdn.com/latest/FtrIcon/PosterNpcNmlSqu01.png,1000,250,black,brown,Nook's Shopping - Posters,fs
blanca,https://acnhcdn.com/latest/FtrIcon/PosterNpcSpMka.png,1000,250,white,light blue,Nook's Shopping - Posters,fs
blanche,https://acnhcdn.com/latest/FtrIcon/PosterNpcNmlOst08.png,1000,250,white,pink,Nook's Shopping - Posters,fs
blathers,https://acnhcdn.com/latest/FtrIcon/PosterNpcSpOwl.png,1000,250,brown,beige,Nook's Shopping - Posters,fs
bluebear,https://acnhcdn.com/latest/FtrIcon/PosterNpcNmlCbr00.png,1000,250,light blue,purple,Nook's Shopping - Posters,fs
bob,https://acnhcdn.com/latest/FtrIcon/PosterNpcNmlCat00.png,1000,250,purple,light blue,Nook's Shopping - Posters,fs
bonbon,https://acnhcdn.com/latest/FtrIcon/PosterNpcNmlRbt17.png,1000,250,brown,red,Nook's Shopping - Posters,fs
bones,https://acnhcdn.com/latest/FtrIcon/PosterNpcNmlDog04.png,1000,250,beige,pink,Nook's Shopping - Posters,fs
booker,https://acnhcdn.com/latest/FtrIcon/PosterNpcSpDgb.png,1000,250,orange,blue,Nook's Shopping - Posters,fs
boomer,https://acnhcdn.com/latest/FtrIcon/PosterNpcNmlPgn10.png,1000,250,black,blue,Nook's Shopping - Posters,fs
boone,https://acnhcdn.com/latest/FtrIcon/PosterNpcNmlGor02.png,1000,250,brown,white,Nook's Shopping - Posters,fs
boots,https://acnhcdn.com/latest/FtrIcon/PosterNpcNmlCrd02.png,1000,250,green,blue,Nook's Shopping - Posters,fs
boris,https://acnhcdn.com/latest/FtrIcon/PosterNpcNmlPig09.png,1000,250,blue,red,Nook's Shopping - Posters,fs
boyd,https://acnhcdn.com/latest/FtrIcon/PosterNpcNmlGor05.png,1000,250,red,blue,Nook's Shopping - Posters,fs
bree,https://acnhcdn.com/latest/FtrIcon/PosterNpcNmlMus03.png,1000,250,green,pink,Nook's Shopping - Posters,fs
brewster,https://acnhcdn.com/latest/FtrIcon/PosterNpcSpPge.png,1000,250,green,black,Nook's Shopping - Posters,fs
broccolo,https://acnhcdn.com/latest/FtrIcon/PosterNpcNmlMus12.png,1000,250,light blue,colorful,Nook's Shopping - Posters,fs
broffina,https://acnhcdn.com/latest/FtrIcon/PosterNpcNmlChn12.png,1000,250,orange,black,Nook's Shopping - Posters,fs
bruce,https://acnhcdn.com/latest/FtrIcon/PosterNpcNmlDer03.png,1000,250,gray,orange,Nook's Shopping - Posters,fs
bubbles,https://acnhcdn.com/latest/FtrIcon/PosterNpcNmlHip02.png,1000,250,orange,purple,Nook's Shopping - Posters,fs
buck,https://acnhcdn.com/latest/FtrIcon/PosterNpcNmlHrs00.png,1000,250,green,brown,Nook's Shopping - Posters,fs
bud,https://acnhcdn.com/latest/FtrIcon/PosterNpcNmlLon00.png,1000,250,brown,light blue,Nook's Shopping - Posters,fs
bunnie,https://acnhcdn.com/latest/FtrIcon/PosterNpcNmlRbt00.png,1000,250,red,beige,Nook's Shopping - Posters,fs
butch,https://acnhcdn.com/latest/FtrIcon/PosterNpcNmlDog01.png,1000,250,brown,green,Nook's Shopping - Posters,fs
buzz,https://acnhcdn.com/latest/FtrIcon/PosterNpcNmlPbr03.png,1000,250,brown,light blue,Nook's Shopping - Posters,fs
cally,https://acnhcdn.com/latest/FtrIcon/PosterNpcNmlSqu11.png,1000,250,beige,red,Nook's Shopping - Posters,fs
camofrog,https://acnhcdn.com/latest/FtrIcon/PosterNpcNmlFlg03.png,1000,250,green,brown,Nook's Shopping - Posters,fs
canberra,https://acnhcdn.com/latest/FtrIcon/PosterNpcNmlKal08.png,1000,250,orange,light blue,Nook's Shopping - Posters,fs
candi,https://acnhcdn.com/latest/FtrIcon/PosterNpcNmlMus08.png,1000,250,pink,yellow,Nook's Shopping - Posters,fs
carmen,https://acnhcdn.com/latest/FtrIcon/PosterNpcNmlRbt16.png,1000,250,brown,green,Nook's Shopping - Posters,fs
caroline,https://acnhcdn.com/latest/FtrIcon/PosterNpcNmlSqu06.png,1000,250,red,blue,Nook's Shopping - Posters,fs
carrie,https://acnhcdn.com/latest/FtrIcon/PosterNpcNmlKgr02.png,1000,250,orange,red,Nook's Shopping - Posters,fs
cashmere,https://acnhcdn.com/latest/FtrIcon/PosterNpcNmlShp04.png,1000,250,white,purple,Nook's Shopping - Posters,fs
celeste,https://acnhcdn.com/latest/FtrIcon/PosterNpcSpOws.png,1000,250,brown,blue,Nook's Shopping - Posters,fs
celia,https://acnhcdn.com/latest/FtrIcon/PosterNpcNmlPbr09.png,1000,250,white,green,Nook's Shopping - Posters,fs
cesar,https://acnhcdn.com/latest/FtrIcon/PosterNpcNmlGor00.png,1000,250,beige,orange,Nook's Shopping - Posters,fs
chadder,https://acnhcdn.com/latest/FtrIcon/PosterNpcNmlMus18.png,1000,250,yellow,blue,Nook's Shopping - Posters,fs
charlise,https://acnhcdn.com/latest/FtrIcon/PosterNpcNmlBea12.png,1000,250,green,red,Nook's Shopping - Posters,fs
cheri,https://acnhcdn.com/latest/FtrIcon/PosterNpcNmlCbr10.png,1000,250,red,blue,Nook's Shopping - Posters,fs
cherry,https://acnhcdn.com/latest/FtrIcon/PosterNpcNmlDog17.png,1000,250,red,black,Nook's Shopping - Posters,fs
chester,https://acnhcdn.com/latest/FtrIcon/PosterNpcNmlCbr15.png,1000,250,white,yellow,Nook's Shopping - Posters,fs
chevre,https://acnhcdn.com/latest/FtrIcon/PosterNpcNmlGoa00.png,1000,250,white,red,Nook's Shopping - Posters,fs
chief,https://acnhcdn.com/latest/FtrIcon/PosterNpcNmlWol00.png,1000,250,orange,beige,Nook's Shopping - Posters,fs
chip,https://acnhcdn.com/latest/FtrIcon/PosterNpcSpBev.png,1000,250,blue,beige,Nook's Shopping - Posters,fs
chops,https://acnhcdn.com/latest/FtrIcon/PosterNpcNmlPig14.png,1000,250,beige,red,Nook's Shopping - Posters,fs
chow,https://acnhcdn.com/latest/FtrIcon/PosterNpcNmlBea03.png,1000,250,pink,black,Nook's Shopping - Posters,fs
chrissy,https://acnhcdn.com/latest/FtrIcon/PosterNpcNmlRbt13.png,1000,250,pink,purple,Nook's Shopping - Posters,fs
cinnamoroll poster,https://acnhcdn.com/latest/FtrIcon/PosterNpcNmlElp11.png,1000,250,light blue,light blue,Nook's Shopping - Posters,fs
claude,https://acnhcdn.com/latest/FtrIcon/PosterNpcNmlRbt11.png,1000,250,brown,beige,Nook's Shopping - Posters,fs
claudia,https://acnhcdn.com/latest/FtrIcon/PosterNpcNmlTig05.png,1000,250,pink,white,Nook's Shopping - Posters,fs
clay,https://acnhcdn.com/latest/FtrIcon/PosterNpcNmlHam05.png,1000,250,brown,black,Nook's Shopping - Posters,fs
cleo,https://acnhcdn.com/latest/FtrIcon/PosterNpcNmlHrs07.png,1000,250,purple,light blue,Nook's Shopping - Posters,fs
clyde,https://acnhcdn.com/latest/FtrIcon/PosterNpcNmlHrs10.png,1000,250,yellow,pink,Nook's Shopping - Posters,fs
coach,https://acnhcdn.com/latest/FtrIcon/PosterNpcNmlBul07.png,1000,250,yellow,blue,Nook's Shopping - Posters,fs
cobb,https://acnhcdn.com/latest/FtrIcon/PosterNpcNmlPig08.png,1000,250,green,white,Nook's Shopping - Posters,fs
coco,https://acnhcdn.com/latest/FtrIcon/PosterNpcNmlRbt02.png,1000,250,beige,brown,Nook's Shopping - Posters,fs
cole,https://acnhcdn.com/latest/FtrIcon/PosterNpcNmlRbt18.png,1000,250,black,yellow,Nook's Shopping - Posters,fs
colton,https://acnhcdn.com/latest/FtrIcon/PosterNpcNmlHrs11.png,1000,250,white,colorful,Nook's Shopping - Posters,fs
cookie,https://acnhcdn.com/latest/FtrIcon/PosterNpcNmlDog08.png,1000,250,pink,purple,Nook's Shopping - Posters,fs
copper,https://acnhcdn.com/latest/FtrIcon/PosterNpcSpDga.png,1000,250,orange,blue,Nook's Shopping - Posters,fs
cousteau,https://acnhcdn.com/latest/FtrIcon/PosterNpcNmlFlg10.png,1000,250,orange,green,Nook's Shopping - Posters,fs
cranston,https://acnhcdn.com/latest/FtrIcon/PosterNpcNmlOst06.png,1000,250,white,red,Nook's Shopping - Posters,fs
croque,https://acnhcdn.com/latest/FtrIcon/PosterNpcNmlFlg17.png,1000,250,orange,red,Nook's Shopping - Posters,fs
cube,https://acnhcdn.com/latest/FtrIcon/PosterNpcNmlPgn02.png,1000,250,black,yellow,Nook's Shopping - Posters,fs
curlos,https://acnhcdn.com/latest/FtrIcon/PosterNpcNmlShp08.png,1000,250,brown,yellow,Nook's Shopping - Posters,fs
curly,https://acnhcdn.com/latest/FtrIcon/PosterNpcNmlPig00.png,1000,250,pink,green,Nook's Shopping - Posters,fs
curt,https://acnhcdn.com/latest/FtrIcon/PosterNpcNmlBea02.png,1000,250,gray,brown,Nook's Shopping - Posters,fs
cyd,https://acnhcdn.com/latest/FtrIcon/PosterNpcNmlElp12.png,1000,250,red,black,Nook's Shopping - Posters,fs
cyrano,https://acnhcdn.com/latest/FtrIcon/PosterNpcNmlAnt00.png,1000,250,orange,white,Nook's Shopping - Posters,fs
cyrus,https://acnhcdn.com/latest/FtrIcon/PosterNpcSpAlp.png,1000,250,light blue,pink,Nook's Shopping - Posters,fs
daisy,https://acnhcdn.com/latest/FtrIcon/PosterNpcNmlDog07.png,1000,250,white,beige,Nook's Shopping - Posters,fs
deena,https://acnhcdn.com/latest/FtrIcon/PosterNpcNmlDuk04.png,1000,250,brown,beige,Nook's Shopping - Posters,fs
deirdre,https://acnhcdn.com/latest/FtrIcon/PosterNpcNmlDer04.png,1000,250,beige,red,Nook's Shopping - Posters,fs
del,https://acnhcdn.com/latest/FtrIcon/PosterNpcNmlCrd04.png,1000,250,black,blue,Nook's Shopping - Posters,fs
deli,https://acnhcdn.com/latest/FtrIcon/PosterNpcNmlMnk08.png,1000,250,beige,brown,Nook's Shopping - Posters,fs
derwin,https://acnhcdn.com/latest/FtrIcon/PosterNpcNmlDuk08.png,1000,250,blue,pink,Nook's Shopping - Posters,fs
diana,https://acnhcdn.com/latest/FtrIcon/PosterNpcNmlDer08.png,1000,250,pink,purple,Nook's Shopping - Posters,fs
digby,https://acnhcdn.com/latest/FtrIcon/PosterNpcSpSzo.png,1000,250,brown,red,Nook's Shopping - Posters,fs
diva,https://acnhcdn.com/latest/FtrIcon/PosterNpcNmlFlg18.png,1000,250,purple,yellow,Nook's Shopping - Posters,fs
dizzy,https://acnhcdn.com/latest/FtrIcon/PosterNpcNmlElp01.png,1000,250,gray,light blue,Nook's Shopping - Posters,fs
dj kk,https://acnhcdn.com/latest/FtrIcon/PosterNpcSpTkkB.png,1000,250,white,black,Nook's Shopping - Posters,fs
dobie,https://acnhcdn.com/latest/FtrIcon/PosterNpcNmlWol04.png,1000,250,green,blue,Nook's Shopping - Posters,fs
doc,https://acnhcdn.com/latest/FtrIcon/PosterNpcNmlRbt10.png,1000,250,blue,black,Nook's Shopping - Posters,fs
dom,https://acnhcdn.com/latest/FtrIcon/PosterNpcNmlShp15.png,1000,250,beige,colorful,Nook's Shopping - Posters,fs
don,https://acnhcdn.com/latest/FtrIcon/PosterNpcSpMob.png,1000,250,brown,light blue,Nook's Shopping - Posters,fs
dora,https://acnhcdn.com/latest/FtrIcon/PosterNpcNmlMus00.png,1000,250,white,green,Nook's Shopping - Posters,fs
dotty,https://acnhcdn.com/latest/FtrIcon/PosterNpcNmlRbt01.png,1000,250,black,white,Nook's Shopping - Posters,fs
drago,https://acnhcdn.com/latest/FtrIcon/PosterNpcNmlCrd08.png,1000,250,green,yellow,Nook's Shopping - Posters,fs
drake,https://acnhcdn.com/latest/FtrIcon/PosterNpcNmlDuk09.png,1000,250,green,brown,Nook's Shopping - Posters,fs
drift,https://acnhcdn.com/latest/FtrIcon/PosterNpcNmlFlg04.png,1000,250,red,green,Nook's Shopping - Posters,fs
ed,https://acnhcdn.com/latest/FtrIcon/PosterNpcNmlHrs06.png,1000,250,light blue,black,Nook's Shopping - Posters,fs
egbert,https://acnhcdn.com/latest/FtrIcon/PosterNpcNmlChn02.png,1000,250,yellow,blue,Nook's Shopping - Posters,fs
elise,https://acnhcdn.com/latest/FtrIcon/PosterNpcNmlMnk05.png,1000,250,beige,purple,Nook's Shopping - Posters,fs
ellie,https://acnhcdn.com/latest/FtrIcon/PosterNpcNmlElp07.png,1000,250,beige,red,Nook's Shopping - Posters,fs
elmer,https://acnhcdn.com/latest/FtrIcon/PosterNpcNmlHrs03.png,1000,250,brown,green,Nook's Shopping - Posters,fs
eloise,https://acnhcdn.com/latest/FtrIcon/PosterNpcNmlElp03.png,1000,250,yellow,red,Nook's Shopping - Posters,fs
elvis,https://acnhcdn.com/latest/FtrIcon/PosterNpcNmlLon01.png,1000,250,yellow,red,Nook's Shopping - Posters,fs
erik,https://acnhcdn.com/latest/FtrIcon/PosterNpcNmlDer09.png,1000,250,brown,blue,Nook's Shopping - Posters,fs
eugene,https://acnhcdn.com/latest/FtrIcon/PosterNpcNmlKal10.png,1000,250,brown,black,Nook's Shopping - Posters,fs
eunice,https://acnhcdn.com/latest/FtrIcon/PosterNpcNmlShp02.png,1000,250,black,beige,Nook's Shopping - Posters,fs
fang,https://acnhcdn.com/latest/FtrIcon/PosterNpcNmlWol06.png,1000,250,beige,light blue,Nook's Shopping - Posters,fs
fauna,https://acnhcdn.com/latest/FtrIcon/PosterNpcNmlDer00.png,1000,250,brown,light blue,Nook's Shopping - Posters,fs
felicity,https://acnhcdn.com/latest/FtrIcon/PosterNpcNmlCat17.png,1000,250,beige,green,Nook's Shopping - Posters,fs
filbert,https://acnhcdn.com/latest/FtrIcon/PosterNpcNmlSqu02.png,1000,250,light blue,blue,Nook's Shopping - Posters,fs
flip,https://acnhcdn.com/latest/FtrIcon/PosterNpcNmlMnk06.png,1000,250,orange,blue,Nook's Shopping - Posters,fs
flo,https://acnhcdn.com/latest/FtrIcon/PosterNpcNmlPgn13.png,1000,250,blue,red,Nook's Shopping - Posters,fs
flora,https://acnhcdn.com/latest/FtrIcon/PosterNpcNmlOst09.png,1000,250,pink,yellow,Nook's Shopping - Posters,fs
flurry,https://acnhcdn.com/latest/FtrIcon/PosterNpcNmlHam06.png,1000,250,white,red,Nook's Shopping - Posters,fs
francine,https://acnhcdn.com/latest/FtrIcon/PosterNpcNmlRbt12.png,1000,250,light blue,purple,Nook's Shopping - Posters,fs
frank,https://acnhcdn.com/latest/FtrIcon/PosterNpcNmlPbr06.png,1000,250,green,yellow,Nook's Shopping - Posters,fs
franklin,https://acnhcdn.com/latest/FtrIcon/PosterNpcSpTuk.png,1000,250,pink,purple,Nook's Shopping - Posters,fs
freckles,https://acnhcdn.com/latest/FtrIcon/PosterNpcNmlDuk07.png,1000,250,red,yellow,Nook's Shopping - Posters,fs
freya,https://acnhcdn.com/latest/FtrIcon/PosterNpcNmlWol05.png,1000,250,pink,brown,Nook's Shopping - Posters,fs
friga,https://acnhcdn.com/latest/FtrIcon/PosterNpcNmlPgn04.png,1000,250,blue,white,Nook's Shopping - Posters,fs
frita,https://acnhcdn.com/latest/FtrIcon/PosterNpcNmlShp11.png,1000,250,yellow,red,Nook's Shopping - Posters,fs
frobert,https://acnhcdn.com/latest/FtrIcon/PosterNpcNmlFlg02.png,1000,250,green,green,Nook's Shopping - Posters,fs
fuchsia,https://acnhcdn.com/latest/FtrIcon/PosterNpcNmlDer06.png,1000,250,purple,purple,Nook's Shopping - Posters,fs
gabi,https://acnhcdn.com/latest/FtrIcon/PosterNpcNmlRbt05.png,1000,250,white,red,Nook's Shopping - Posters,fs
gala,https://acnhcdn.com/latest/FtrIcon/PosterNpcNmlPig13.png,1000,250,pink,light blue,Nook's Shopping - Posters,fs
gaston,https://acnhcdn.com/latest/FtrIcon/PosterNpcNmlRbt04.png,1000,250,yellow,black,Nook's Shopping - Posters,fs
gayle,https://acnhcdn.com/latest/FtrIcon/PosterNpcNmlCrd07.png,1000,250,pink,pink,Nook's Shopping - Posters,fs
genji,https://acnhcdn.com/latest/FtrIcon/PosterNpcNmlRbt08.png,1000,250,white,brown,Nook's Shopping - Posters,fs
gigi,https://acnhcdn.com/latest/FtrIcon/PosterNpcNmlFlg16.png,1000,250,purple,black,Nook's Shopping - Posters,fs
gladys,https://acnhcdn.com/latest/FtrIcon/PosterNpcNmlOst01.png,1000,250,black,red,Nook's Shopping - Posters,fs
gloria,https://acnhcdn.com/latest/FtrIcon/PosterNpcNmlDuk15.png,1000,250,purple,black,Nook's Shopping - Posters,fs
goldie,https://acnhcdn.com/latest/FtrIcon/PosterNpcNmlDog00.png,1000,250,yellow,brown,Nook's Shopping - Posters,fs
gonzo,https://acnhcdn.com/latest/FtrIcon/PosterNpcNmlKal04.png,1000,250,gray,brown,Nook's Shopping - Posters,fs
goose,https://acnhcdn.com/latest/FtrIcon/PosterNpcNmlChn00.png,1000,250,white,green,Nook's Shopping - Posters,fs
gracie,https://acnhcdn.com/latest/FtrIcon/PosterNpcSpGrf.png,1000,250,blue,green,Nook's Shopping - Posters,fs
graham,https://acnhcdn.com/latest/FtrIcon/PosterNpcNmlHam02.png,1000,250,yellow,black,Nook's Shopping - Posters,fs
grams,https://acnhcdn.com/latest/FtrIcon/PosterNpcSpKpg.png,1000,250,green,blue,Nook's Shopping - Posters,fs
greta,https://acnhcdn.com/latest/FtrIcon/PosterNpcNmlMus16.png,1000,250,beige,black,Nook's Shopping - Posters,fs
grizzly,https://acnhcdn.com/latest/FtrIcon/PosterNpcNmlBea09.png,1000,250,black,red,Nook's Shopping - Posters,fs
groucho,https://acnhcdn.com/latest/FtrIcon/PosterNpcNmlBea06.png,1000,250,blue,black,Nook's Shopping - Posters,fs
gruff,https://acnhcdn.com/latest/FtrIcon/PosterNpcNmlGoa04.png,1000,250,green,black,Nook's Shopping - Posters,fs
gulliver,https://acnhcdn.com/latest/FtrIcon/PosterNpcSpGul.png,1000,250,white,blue,Nook's Shopping - Posters,fs
gwen,https://acnhcdn.com/latest/FtrIcon/PosterNpcNmlPgn05.png,1000,250,purple,green,Nook's Shopping - Posters,fs
hamlet,https://acnhcdn.com/latest/FtrIcon/PosterNpcNmlHam00.png,1000,250,orange,light blue,Nook's Shopping - Posters,fs
hamphrey,https://acnhcdn.com/latest/FtrIcon/PosterNpcNmlHam07.png,1000,250,black,red,Nook's Shopping - Posters,fs
hans,https://acnhcdn.com/latest/FtrIcon/PosterNpcNmlGor10.png,1000,250,light blue,blue,Nook's Shopping - Posters,fs
harriet,https://acnhcdn.com/latest/FtrIcon/PosterNpcSpPoo.png,1000,250,pink,beige,Nook's Shopping - Posters,fs
harry,https://acnhcdn.com/latest/FtrIcon/PosterNpcNmlHip08.png,1000,250,yellow,black,Nook's Shopping - Posters,fs
hazel,https://acnhcdn.com/latest/FtrIcon/PosterNpcNmlSqu18.png,1000,250,orange,red,Nook's Shopping - Posters,fs
hello kitty poster,https://acnhcdn.com/latest/FtrIcon/PosterNpcNmlGor11.png,1000,250,red,colorful,Nook's Shopping - Posters,fs
henry,https://acnhcdn.com/latest/FtrIcon/PosterNpcNmlFlg19.png,1000,250,green,beige,Nook's Shopping - Posters,fs
hippeux,https://acnhcdn.com/latest/FtrIcon/PosterNpcNmlHip09.png,1000,250,yellow,orange,Nook's Shopping - Posters,fs
hopkins,https://acnhcdn.com/latest/FtrIcon/PosterNpcNmlRbt14.png,1000,250,light blue,yellow,Nook's Shopping - Posters,fs
hopper,https://acnhcdn.com/latest/FtrIcon/PosterNpcNmlPgn03.png,1000,250,black,yellow,Nook's Shopping - Posters,fs
hornsby,https://acnhcdn.com/latest/FtrIcon/PosterNpcNmlRhn04.png,1000,250,blue,green,Nook's Shopping - Posters,fs
huck,https://acnhcdn.com/latest/FtrIcon/PosterNpcNmlFlg11.png,1000,250,gray,red,Nook's Shopping - Posters,fs
hugh,https://acnhcdn.com/latest/FtrIcon/PosterNpcNmlPig03.png,1000,250,blue,green,Nook's Shopping - Posters,fs
iggly,https://acnhcdn.com/latest/FtrIcon/PosterNpcNmlPgn11.png,1000,250,white,red,Nook's Shopping - Posters,fs
ike,https://acnhcdn.com/latest/FtrIcon/PosterNpcNmlBea11.png,1000,250,brown,gray,Nook's Shopping - Posters,fs
isabelle,https://acnhcdn.com/latest/FtrIcon/PosterNpcSpSza.png,1000,250,yellow,green,Nook's Shopping - Posters,fs
jack,https://acnhcdn.com/latest/FtrIcon/PosterNpcSpPkn.png,1000,250,orange,black,Nook's Shopping - Posters,fs
jacob,https://acnhcdn.com/latest/FtrIcon/PosterNpcNmlBrd11.png,1000,250,purple,black,Nook's Shopping - Posters,fs
jacques,https://acnhcdn.com/latest/FtrIcon/PosterNpcNmlBrd16.png,1000,250,green,pink,Nook's Shopping - Posters,fs
jambette,https://acnhcdn.com/latest/FtrIcon/PosterNpcNmlFlg13.png,1000,250,blue,green,Nook's Shopping - Posters,fs
jay,https://acnhcdn.com/latest/FtrIcon/PosterNpcNmlBrd00.png,1000,250,blue,orange,Nook's Shopping - Posters,fs
jeremiah,https://acnhcdn.com/latest/FtrIcon/PosterNpcNmlFlg07.png,1000,250,brown,colorful,Nook's Shopping - Posters,fs
jingle,https://acnhcdn.com/latest/FtrIcon/PosterNpcSpRei.png,1000,250,green,light blue,Nook's Shopping - Posters,fs
jitters,https://acnhcdn.com/latest/FtrIcon/PosterNpcNmlBrd04.png,1000,250,brown,blue,Nook's Shopping - Posters,fs
joan,https://acnhcdn.com/latest/FtrIcon/PosterNpcSpBoa.png,1000,250,yellow,light blue,Nook's Shopping - Posters,fs
joey,https://acnhcdn.com/latest/FtrIcon/PosterNpcNmlDuk01.png,1000,250,pink,purple,Nook's Shopping - Posters,fs
judy,https://acnhcdn.com/latest/FtrIcon/PosterNpcNmlCbr19.png,1000,250,blue,green,Nook's Shopping - Posters,fs
julia,https://acnhcdn.com/latest/FtrIcon/PosterNpcNmlOst05.png,1000,250,light blue,red,Nook's Shopping - Posters,fs
julian,https://acnhcdn.com/latest/FtrIcon/PosterNpcNmlHrs13.png,1000,250,brown,red,Nook's Shopping - Posters,fs
june,https://acnhcdn.com/latest/FtrIcon/PosterNpcNmlCbr13.png,1000,250,white,black,Nook's Shopping - Posters,fs
k.k.,https://acnhcdn.com/latest/FtrIcon/PosterNpcSpTkkA.png,1000,250,white,colorful,Nook's Shopping - Posters,fs
kabuki,https://acnhcdn.com/latest/FtrIcon/PosterNpcNmlCat09.png,1000,250,green,blue,Nook's Shopping - Posters,fs
kapp'n,https://acnhcdn.com/latest/FtrIcon/PosterNpcSpKpp.png,1000,250,yellow,light blue,Nook's Shopping - Posters,fs
katie,https://acnhcdn.com/latest/FtrIcon/PosterNpcSpLom.png,1000,250,black,light blue,Nook's Shopping - Posters,fs
katrina,https://acnhcdn.com/latest/FtrIcon/PosterNpcSpBpt.png,1000,250,brown,black,Nook's Shopping - Posters,fs
katt,https://acnhcdn.com/latest/FtrIcon/PosterNpcNmlCat21.png,1000,250,light blue,yellow,Nook's Shopping - Posters,fs
keaton,https://acnhcdn.com/latest/FtrIcon/PosterNpcNmlPbr08.png,1000,250,blue,black,Nook's Shopping - Posters,fs
ken,https://acnhcdn.com/latest/FtrIcon/PosterNpcNmlChn13.png,1000,250,green,light blue,Nook's Shopping - Posters,fs
kerokerokeroppi,https://acnhcdn.com/latest/FtrIcon/PosterNpcNmlRbt20.png,1000,250,red,yellow,Nook's Shopping - Posters,fs
ketchup,https://acnhcdn.com/latest/FtrIcon/PosterNpcNmlDuk13.png,1000,250,brown,black,Nook's Shopping - Posters,fs
kevin,https://acnhcdn.com/latest/FtrIcon/PosterNpcNmlPig15.png,1000,250,black,beige,Nook's Shopping - Posters,fs
kicks,https://acnhcdn.com/latest/FtrIcon/PosterNpcSpSkk.png,1000,250,red,yellow,Nook's Shopping - Posters,fs
kid cat,https://acnhcdn.com/latest/FtrIcon/PosterNpcNmlCat10.png,1000,250,purple,gray,Nook's Shopping - Posters,fs
kidd,https://acnhcdn.com/latest/FtrIcon/PosterNpcNmlGoa07.png,1000,250,colorful,white,Nook's Shopping - Posters,fs
kiki & lala poster,https://acnhcdn.com/latest/FtrIcon/PosterNpcNmlShp14.png,1000,250,black,green,Nook's Shopping - Posters,fs
kiki,https://acnhcdn.com/latest/FtrIcon/PosterNpcNmlCat04.png,1000,250,green,purple,Nook's Shopping - Posters,fs
kitt,https://acnhcdn.com/latest/FtrIcon/PosterNpcNmlKgr00.png,1000,250,beige,blue,Nook's Shopping - Posters,fs
kitty,https://acnhcdn.com/latest/FtrIcon/PosterNpcNmlCat14.png,1000,250,gray,red,Nook's Shopping - Posters,fs
klaus,https://acnhcdn.com/latest/FtrIcon/PosterNpcNmlBea14.png,1000,250,yellow,red,Nook's Shopping - Posters,fs
knox,https://acnhcdn.com/latest/FtrIcon/PosterNpcNmlChn11.png,1000,250,light blue,brown,Nook's Shopping - Posters,fs
kody,https://acnhcdn.com/latest/FtrIcon/PosterNpcNmlCbr04.png,1000,250,beige,black,Nook's Shopping - Posters,fs
kyle,https://acnhcdn.com/latest/FtrIcon/PosterNpcNmlWol10.png,1000,250,purple,beige,Nook's Shopping - Posters,fs
label,https://acnhcdn.com/latest/FtrIcon/PosterNpcSpHgc.png,1000,250,beige,green,Nook's Shopping - Posters,fs
leif,https://acnhcdn.com/latest/FtrIcon/PosterNpcSpSlo.png,1000,250,green,blue,Nook's Shopping - Posters,fs
leila,https://acnhcdn.com/latest/FtrIcon/PosterNpcSpKps.png,1000,250,green,blue,Nook's Shopping - Posters,fs
leilani,https://acnhcdn.com/latest/FtrIcon/PosterNpcSpKpm.png,1000,250,orange,black,Nook's Shopping - Posters,fs
leonardo,https://acnhcdn.com/latest/FtrIcon/PosterNpcNmlTig04.png,1000,250,green,beige,Nook's Shopping - Posters,fs
leopold,https://acnhcdn.com/latest/FtrIcon/PosterNpcNmlLon04.png,1000,250,light blue,white,Nook's Shopping - Posters,fs
lily,https://acnhcdn.com/latest/FtrIcon/PosterNpcNmlFlg00.png,1000,250,orange,beige,Nook's Shopping - Posters,fs
limberg,https://acnhcdn.com/latest/FtrIcon/PosterNpcNmlMus01.png,1000,250,brown,black,Nook's Shopping - Posters,fs
lionel,https://acnhcdn.com/latest/FtrIcon/PosterNpcNmlLon08.png,1000,250,purple,gray,Nook's Shopping - Posters,fs
lobo,https://acnhcdn.com/latest/FtrIcon/PosterNpcNmlWol01.png,1000,250,light blue,red,Nook's Shopping - Posters,fs
lolly,https://acnhcdn.com/latest/FtrIcon/PosterNpcNmlCat18.png,1000,250,beige,red,Nook's Shopping - Posters,fs
lopez,https://acnhcdn.com/latest/FtrIcon/PosterNpcNmlDer05.png,1000,250,pink,colorful,Nook's Shopping - Posters,fs
lottie,https://acnhcdn.com/latest/FtrIcon/PosterNpcSpOtg.png,1000,250,brown,black,Nook's Shopping - Posters,fs
louie,https://acnhcdn.com/latest/FtrIcon/PosterNpcNmlGor04.png,1000,250,red,black,Nook's Shopping - Posters,fs
lucha,https://acnhcdn.com/latest/FtrIcon/PosterNpcNmlBrd15.png,1000,250,white,black,Nook's Shopping - Posters,fs
lucky,https://acnhcdn.com/latest/FtrIcon/PosterNpcNmlDog02.png,1000,250,white,red,Nook's Shopping - Posters,fs
lucy,https://acnhcdn.com/latest/FtrIcon/PosterNpcNmlPig04.png,1000,250,black,purple,Nook's Shopping - Posters,fs
luna,https://acnhcdn.com/latest/FtrIcon/PosterNpcSpTap.png,1000,250,colorful,blue,Nook's Shopping - Posters,fs
lyle,https://acnhcdn.com/latest/FtrIcon/PosterNpcSpOtt.png,1000,250,green,light blue,Nook's Shopping - Posters,fs
lyman,https://acnhcdn.com/latest/FtrIcon/PosterNpcNmlKal09.png,1000,250,blue,yellow,Nook's Shopping - Posters,fs
mabel,https://acnhcdn.com/latest/FtrIcon/PosterNpcSpHgh.png,1000,250,brown,blue,Nook's Shopping - Posters,fs
mac,https://acnhcdn.com/latest/FtrIcon/PosterNpcNmlDog14.png,1000,250,brown,green,Nook's Shopping - Posters,fs
maddie,https://acnhcdn.com/latest/FtrIcon/PosterNpcNmlDog09.png,1000,250,brown,yellow,Nook's Shopping - Posters,fs
maelle,https://acnhcdn.com/latest/FtrIcon/PosterNpcNmlDuk03.png,1000,250,yellow,pink,Nook's Shopping - Posters,fs
maggie,https://acnhcdn.com/latest/FtrIcon/PosterNpcNmlPig10.png,1000,250,purple,blue,Nook's Shopping - Posters,fs
mallary,https://acnhcdn.com/latest/FtrIcon/PosterNpcNmlDuk06.png,1000,250,brown,green,Nook's Shopping - Posters,fs
maple,https://acnhcdn.com/latest/FtrIcon/PosterNpcNmlCbr01.png,1000,250,white,green,Nook's Shopping - Posters,fs
marcel,https://acnhcdn.com/latest/FtrIcon/PosterNpcNmlDog15.png,1000,250,pink,beige,Nook's Shopping - Posters,fs
marcie,https://acnhcdn.com/latest/FtrIcon/PosterNpcNmlKgr10.png,1000,250,white,pink,Nook's Shopping - Posters,fs
margie,https://acnhcdn.com/latest/FtrIcon/PosterNpcNmlElp04.png,1000,250,pink,light blue,Nook's Shopping - Posters,fs
marina,https://acnhcdn.com/latest/FtrIcon/PosterNpcNmlOcp01.png,1000,250,beige,blue,Nook's Shopping - Posters,fs
marshal,https://acnhcdn.com/latest/FtrIcon/PosterNpcNmlSqu17.png,1000,250,black,red,Nook's Shopping - Posters,fs
mathilda,https://acnhcdn.com/latest/FtrIcon/PosterNpcNmlKgr01.png,1000,250,purple,yellow,Nook's Shopping - Posters,fs
megan,https://acnhcdn.com/latest/FtrIcon/PosterNpcNmlBea15.png,1000,250,beige,green,Nook's Shopping - Posters,fs
melba,https://acnhcdn.com/latest/FtrIcon/PosterNpcNmlKal02.png,1000,250,pink,beige,Nook's Shopping - Posters,fs
merengue,https://acnhcdn.com/latest/FtrIcon/PosterNpcNmlRhn07.png,1000,250,beige,pink,Nook's Shopping - Posters,fs
merry,https://acnhcdn.com/latest/FtrIcon/PosterNpcNmlCat16.png,1000,250,pink,green,Nook's Shopping - Posters,fs
midge,https://acnhcdn.com/latest/FtrIcon/PosterNpcNmlBrd08.png,1000,250,green,pink,Nook's Shopping - Posters,fs
mint,https://acnhcdn.com/latest/FtrIcon/PosterNpcNmlSqu09.png,1000,250,yellow,pink,Nook's Shopping - Posters,fs
mira,https://acnhcdn.com/latest/FtrIcon/PosterNpcNmlRbt19.png,1000,250,pink,light blue,Nook's Shopping - Posters,fs
miranda,https://acnhcdn.com/latest/FtrIcon/PosterNpcNmlDuk12.png,1000,250,blue,red,Nook's Shopping - Posters,fs
mitzi,https://acnhcdn.com/latest/FtrIcon/PosterNpcNmlCat01.png,1000,250,blue,green,Nook's Shopping - Posters,fs
moe,https://acnhcdn.com/latest/FtrIcon/PosterNpcNmlCat08.png,1000,250,beige,light blue,Nook's Shopping - Posters,fs
molly,https://acnhcdn.com/latest/FtrIcon/PosterNpcNmlDuk16.png,1000,250,beige,red,Nook's Shopping - Posters,fs
monique,https://acnhcdn.com/latest/FtrIcon/PosterNpcNmlCat11.png,1000,250,gray,pink,Nook's Shopping - Posters,fs
monty,https://acnhcdn.com/latest/FtrIcon/PosterNpcNmlMnk04.png,1000,250,gray,yellow,Nook's Shopping - Posters,fs
moose,https://acnhcdn.com/latest/FtrIcon/PosterNpcNmlMus14.png,1000,250,yellow,brown,Nook's Shopping - Posters,fs
mott,https://acnhcdn.com/latest/FtrIcon/PosterNpcNmlLon06.png,1000,250,purple,black,Nook's Shopping - Posters,fs
muffy,https://acnhcdn.com/latest/FtrIcon/PosterNpcNmlShp12.png,1000,250,green,brown,Nook's Shopping - Posters,fs
murphy,https://acnhcdn.com/latest/FtrIcon/PosterNpcNmlCbr07.png,1000,250,pink,pink,Nook's Shopping - Posters,fs
my melody poster,https://acnhcdn.com/latest/FtrIcon/PosterNpcNmlDer10.png,1000,250,black,pink,Nook's Shopping - Posters,fs
nan,https://acnhcdn.com/latest/FtrIcon/PosterNpcNmlGoa01.png,1000,250,pink,beige,Nook's Shopping - Posters,fs
nana,https://acnhcdn.com/latest/FtrIcon/PosterNpcNmlMnk01.png,1000,250,blue,pink,Nook's Shopping - Posters,fs
naomi,https://acnhcdn.com/latest/FtrIcon/PosterNpcNmlCow07.png,1000,250,green,green,Nook's Shopping - Posters,fs
nat,https://acnhcdn.com/latest/FtrIcon/PosterNpcSpChm.png,1000,250,green,light blue,Nook's Shopping - Posters,fs
nate,https://acnhcdn.com/latest/FtrIcon/PosterNpcNmlBea05.png,1000,250,green,pink,Nook's Shopping - Posters,fs
nibbles,https://acnhcdn.com/latest/FtrIcon/PosterNpcNmlSqu04.png,1000,250,light blue,pink,Nook's Shopping - Posters,fs
norma,https://acnhcdn.com/latest/FtrIcon/PosterNpcNmlCow06.png,1000,250,brown,blue,Nook's Shopping - Posters,fs
o'hare,https://acnhcdn.com/latest/FtrIcon/PosterNpcNmlRbt15.png,1000,250,red,colorful,Nook's Shopping - Posters,fs
octavian,https://acnhcdn.com/latest/FtrIcon/PosterNpcNmlOcp00.png,1000,250,brown,black,Nook's Shopping - Posters,fs
olaf,https://acnhcdn.com/latest/FtrIcon/PosterNpcNmlAnt09.png,1000,250,gray,green,Nook's Shopping - Posters,fs
olive,https://acnhcdn.com/latest/FtrIcon/PosterNpcNmlCbr09.png,1000,250,white,black,Nook's Shopping - Posters,fs
olivia,https://acnhcdn.com/latest/FtrIcon/PosterNpcNmlCat03.png,1000,250,green,brown,Nook's Shopping - Posters,fs
opal,https://acnhcdn.com/latest/FtrIcon/PosterNpcNmlElp00.png,1000,250,beige,red,Nook's Shopping - Posters,fs
ozzie,https://acnhcdn.com/latest/FtrIcon/PosterNpcNmlKal05.png,1000,250,brown,yellow,Nook's Shopping - Posters,fs
pancetti,https://acnhcdn.com/latest/FtrIcon/PosterNpcNmlPig16.png,1000,250,green,beige,Nook's Shopping - Posters,fs
pango,https://acnhcdn.com/latest/FtrIcon/PosterNpcNmlAnt02.png,1000,250,pink,yellow,Nook's Shopping - Posters,fs
paolo,https://acnhcdn.com/latest/FtrIcon/PosterNpcNmlElp05.png,1000,250,white,light blue,Nook's Shopping - Posters,fs
papi,https://acnhcdn.com/latest/FtrIcon/PosterNpcNmlHrs12.png,1000,250,red,light blue,Nook's Shopping - Posters,fs
pascal,https://acnhcdn.com/latest/FtrIcon/PosterNpcSpSeo.png,1000,250,orange,beige,Nook's Shopping - Posters,fs
pashmina,https://acnhcdn.com/latest/FtrIcon/PosterNpcNmlGoa08.png,1000,250,light blue,red,Nook's Shopping - Posters,fs
pate,https://acnhcdn.com/latest/FtrIcon/PosterNpcNmlDuk02.png,1000,250,brown,light blue,Nook's Shopping - Posters,fs
patty,https://acnhcdn.com/latest/FtrIcon/PosterNpcNmlCow00.png,1000,250,beige,pink,Nook's Shopping - Posters,fs
paula,https://acnhcdn.com/latest/FtrIcon/PosterNpcNmlBea10.png,1000,250,light blue,pink,Nook's Shopping - Posters,fs
pave,https://acnhcdn.com/latest/FtrIcon/PosterNpcSpPck.png,1000,250,pink,light blue,Nook's Shopping - Posters,fs
peaches,https://acnhcdn.com/latest/FtrIcon/PosterNpcNmlHrs08.png,1000,250,pink,yellow,Nook's Shopping - Posters,fs
peanut,https://acnhcdn.com/latest/FtrIcon/PosterNpcNmlSqu00.png,1000,250,brown,purple,Nook's Shopping - Posters,fs
pecan,https://acnhcdn.com/latest/FtrIcon/PosterNpcNmlSqu03.png,1000,250,brown,black,Nook's Shopping - Posters,fs
peck,https://acnhcdn.com/latest/FtrIcon/PosterNpcNmlBrd17.png,1000,250,black,orange,Nook's Shopping - Posters,fs
peewee,https://acnhcdn.com/latest/FtrIcon/PosterNpcNmlGor01.png,1000,250,beige,red,Nook's Shopping - Posters,fs
peggy,https://acnhcdn.com/latest/FtrIcon/PosterNpcNmlPig11.png,1000,250,beige,yellow,Nook's Shopping - Posters,fs
pekoe,https://acnhcdn.com/latest/FtrIcon/PosterNpcNmlCbr14.png,1000,250,white,red,Nook's Shopping - Posters,fs
pelly,https://acnhcdn.com/latest/FtrIcon/PosterNpcSpPlk.png,1000,250,pink,blue,Nook's Shopping - Posters,fs
penelope,https://acnhcdn.com/latest/FtrIcon/PosterNpcNmlMus17.png,1000,250,green,red,Nook's Shopping - Posters,fs
pete,https://acnhcdn.com/latest/FtrIcon/PosterNpcSpPlo.png,1000,250,purple,brown,Nook's Shopping - Posters,fs
phil,https://acnhcdn.com/latest/FtrIcon/PosterNpcNmlOst07.png,1000,250,beige,green,Nook's Shopping - Posters,fs
phineas,https://acnhcdn.com/latest/FtrIcon/PosterNpcSpFsl.png,1000,250,red,yellow,Nook's Shopping - Posters,fs
phoebe,https://acnhcdn.com/latest/FtrIcon/PosterNpcNmlOst10.png,1000,250,purple,red,Nook's Shopping - Posters,fs
phyllis,https://acnhcdn.com/latest/FtrIcon/PosterNpcSpPlm.png,1000,250,light blue,beige,Nook's Shopping - Posters,fs
pierce,https://acnhcdn.com/latest/FtrIcon/PosterNpcNmlPbr02.png,1000,250,colorful,beige,Nook's Shopping - Posters,fs
pietro,https://acnhcdn.com/latest/FtrIcon/PosterNpcNmlShp13.png,1000,250,pink,red,Nook's Shopping - Posters,fs
pinky,https://acnhcdn.com/latest/FtrIcon/PosterNpcNmlBea01.png,1000,250,white,green,Nook's Shopping - Posters,fs
piper,https://acnhcdn.com/latest/FtrIcon/PosterNpcNmlBrd05.png,1000,250,beige,red,Nook's Shopping - Posters,fs
pippy,https://acnhcdn.com/latest/FtrIcon/PosterNpcNmlRbt06.png,1000,250,brown,light blue,Nook's Shopping - Posters,fs
plucky,https://acnhcdn.com/latest/FtrIcon/PosterNpcNmlChn10.png,1000,250,white,pink,Nook's Shopping - Posters,fs
pompom,https://acnhcdn.com/latest/FtrIcon/PosterNpcNmlDuk05.png,1000,250,yellow,brown,Nook's Shopping - Posters,fs
pompompurin poster,https://acnhcdn.com/latest/FtrIcon/PosterNpcNmlCbr18.png,1000,250,blue,green,Nook's Shopping - Posters,fs
poncho,https://acnhcdn.com/latest/FtrIcon/PosterNpcNmlCbr02.png,1000,250,red,light blue,Nook's Shopping - Posters,fs
poppy,https://acnhcdn.com/latest/FtrIcon/PosterNpcNmlSqu15.png,1000,250,beige,blue,Nook's Shopping - Posters,fs
porter,https://acnhcdn.com/latest/FtrIcon/PosterNpcSpMnk.png,1000,250,white,purple,Nook's Shopping - Posters,fs
portia,https://acnhcdn.com/latest/FtrIcon/PosterNpcNmlDog05.png,1000,250,green,light blue,Nook's Shopping - Posters,fs
prince,https://acnhcdn.com/latest/FtrIcon/PosterNpcNmlFlg12.png,1000,250,blue,white,Nook's Shopping - Posters,fs
puck,https://acnhcdn.com/latest/FtrIcon/PosterNpcNmlPgn06.png,1000,250,pink,green,Nook's Shopping - Posters,fs
puddles,https://acnhcdn.com/latest/FtrIcon/PosterNpcNmlFlg06.png,1000,250,orange,green,Nook's Shopping - Posters,fs
pudge,https://acnhcdn.com/latest/FtrIcon/PosterNpcNmlCbr03.png,1000,250,black,white,Nook's Shopping - Posters,fs
punchy,https://acnhcdn.com/latest/FtrIcon/PosterNpcNmlCat06.png,1000,250,beige,brown,Nook's Shopping - Posters,fs
purrl,https://acnhcdn.com/latest/FtrIcon/PosterNpcNmlCat07.png,1000,250,purple,beige,Nook's Shopping - Posters,fs
queenie,https://acnhcdn.com/latest/FtrIcon/PosterNpcNmlOst00.png,1000,250,green,gray,Nook's Shopping - Posters,fs
quillson,https://acnhcdn.com/latest/FtrIcon/PosterNpcNmlDuk17.png,1000,250,black,yellow,Nook's Shopping - Posters,fs
raddle,https://acnhcdn.com/latest/FtrIcon/PosterNpcNmlFlg15.png,1000,250,red,blue,Nook's Shopping - Posters,fs
rasher,https://acnhcdn.com/latest/FtrIcon/PosterNpcNmlPig02.png,1000,250,gray,beige,Nook's Shopping - Posters,fs
raymond,https://acnhcdn.com/latest/FtrIcon/PosterNpcNmlCat23.png,1000,250,orange,green,Nook's Shopping - Posters,fs
redd,https://acnhcdn.com/latest/FtrIcon/PosterNpcSpFox.png,1000,250,pink,red,Nook's Shopping - Posters,fs
reese,https://acnhcdn.com/latest/FtrIcon/PosterNpcSpAlw.png,1000,250,pink,white,Nook's Shopping - Posters,fs
renee,https://acnhcdn.com/latest/FtrIcon/PosterNpcNmlRhn08.png,1000,250,black,blue,Nook's Shopping - Posters,fs
reneigh,https://acnhcdn.com/latest/FtrIcon/PosterNpcNmlHrs16.png,1000,250,brown,light blue,Nook's Shopping - Posters,fs
resetti,https://acnhcdn.com/latest/FtrIcon/PosterNpcSpMol.png,1000,250,brown,light blue,Nook's Shopping - Posters,fs
rex,https://acnhcdn.com/latest/FtrIcon/PosterNpcNmlLon02.png,1000,250,white,purple,Nook's Shopping - Posters,fs
rhonda,https://acnhcdn.com/latest/FtrIcon/PosterNpcNmlRhn01.png,1000,250,gray,yellow,Nook's Shopping - Posters,fs
ribbot,https://acnhcdn.com/latest/FtrIcon/PosterNpcNmlFlg01.png,1000,250,orange,blue,Nook's Shopping - Posters,fs
ricky,https://acnhcdn.com/latest/FtrIcon/PosterNpcNmlSqu10.png,1000,250,purple,blue,Nook's Shopping - Posters,fs
rizzo,https://acnhcdn.com/latest/FtrIcon/PosterNpcNmlMus09.png,1000,250,blue,red,Nook's Shopping - Posters,fs
roald,https://acnhcdn.com/latest/FtrIcon/PosterNpcNmlPgn01.png,1000,250,blue,yellow,Nook's Shopping - Posters,fs
robin,https://acnhcdn.com/latest/FtrIcon/PosterNpcNmlBrd01.png,1000,250,green,black,Nook's Shopping - Posters,fs
rocco,https://acnhcdn.com/latest/FtrIcon/PosterNpcNmlHip00.png,1000,250,pink,light blue,Nook's Shopping - Posters,fs
rocket,https://acnhcdn.com/latest/FtrIcon/PosterNpcNmlGor09.png,1000,250,purple,light blue,Nook's Shopping - Posters,fs
rod,https://acnhcdn.com/latest/FtrIcon/PosterNpcNmlMus05.png,1000,250,gray,black,Nook's Shopping - Posters,fs
rodeo,https://acnhcdn.com/latest/FtrIcon/PosterNpcNmlBul01.png,1000,250,light blue,beige,Nook's Shopping - Posters,fs
rodney,https://acnhcdn.com/latest/FtrIcon/PosterNpcNmlHam03.png,1000,250,white,blue,Nook's Shopping - Posters,fs
rolf,https://acnhcdn.com/latest/FtrIcon/PosterNpcNmlTig00.png,1000,250,light blue,black,Nook's Shopping - Posters,fs
rooney,https://acnhcdn.com/latest/FtrIcon/PosterNpcNmlKgr09.png,1000,250,orange,light blue,Nook's Shopping - Posters,fs
rory,https://acnhcdn.com/latest/FtrIcon/PosterNpcNmlLon07.png,1000,250,black,gray,Nook's Shopping - Posters,fs
roscoe,https://acnhcdn.com/latest/FtrIcon/PosterNpcNmlHrs04.png,1000,250,blue,pink,Nook's Shopping - Posters,fs
rosie,https://acnhcdn.com/latest/FtrIcon/PosterNpcNmlCat02.png,1000,250,blue,red,Nook's Shopping - Posters,fs
rover,https://acnhcdn.com/latest/FtrIcon/PosterNpcSpXct.png,1000,250,orange,light blue,Nook's Shopping - Posters,fs
rowan,https://acnhcdn.com/latest/FtrIcon/PosterNpcNmlTig01.png,1000,250,white,blue,Nook's Shopping - Posters,fs
ruby,https://acnhcdn.com/latest/FtrIcon/PosterNpcNmlRbt09.png,1000,250,brown,colorful,Nook's Shopping - Posters,fs
rudy,https://acnhcdn.com/latest/FtrIcon/PosterNpcNmlCat20.png,1000,250,brown,green,Nook's Shopping - Posters,fs
sable,https://acnhcdn.com/latest/FtrIcon/PosterNpcSpHgs.png,1000,250,beige,light blue,Nook's Shopping - Posters,fs
saharah,https://acnhcdn.com/latest/FtrIcon/PosterNpcSpCml.png,1000,250,orange,green,Nook's Shopping - Posters,fs
sally,https://acnhcdn.com/latest/FtrIcon/PosterNpcNmlSqu07.png,1000,250,gray,green,Nook's Shopping - Posters,fs
samson,https://acnhcdn.com/latest/FtrIcon/PosterNpcNmlMus04.png,1000,250,orange,blue,Nook's Shopping - Posters,fs
sandy,https://acnhcdn.com/latest/FtrIcon/PosterNpcNmlOst02.png,1000,250,white,red,Nook's Shopping - Posters,fs
savannah,https://acnhcdn.com/latest/FtrIcon/PosterNpcNmlHrs02.png,1000,250,green,blue,Nook's Shopping - Posters,fs
scoot,https://acnhcdn.com/latest/FtrIcon/PosterNpcNmlDuk10.png,1000,250,gray,green,Nook's Shopping - Posters,fs
shari,https://acnhcdn.com/latest/FtrIcon/PosterNpcNmlMnk07.png,1000,250,yellow,red,Nook's Shopping - Posters,fs
sheldon,https://acnhcdn.com/latest/FtrIcon/PosterNpcNmlSqu16.png,1000,250,brown,beige,Nook's Shopping - Posters,fs
shep,https://acnhcdn.com/latest/FtrIcon/PosterNpcNmlDog18.png,1000,250,light blue,pink,Nook's Shopping - Posters,fs
sherb,https://acnhcdn.com/latest/FtrIcon/PosterNpcNmlGoa09.png,1000,250,red,colorful,Nook's Shopping - Posters,fs
shrunk,https://acnhcdn.com/latest/FtrIcon/PosterNpcSpUpa.png,1000,250,yellow,red,Nook's Shopping - Posters,fs
simon,https://acnhcdn.com/latest/FtrIcon/PosterNpcNmlMnk02.png,1000,250,light blue,red,Nook's Shopping - Posters,fs
skye,https://acnhcdn.com/latest/FtrIcon/PosterNpcNmlWol09.png,1000,250,orange,brown,Nook's Shopping - Posters,fs
sly,https://acnhcdn.com/latest/FtrIcon/PosterNpcNmlCrd06.png,1000,250,pink,blue,Nook's Shopping - Posters,fs
snake,https://acnhcdn.com/latest/FtrIcon/PosterNpcNmlRbt03.png,1000,250,pink,green,Nook's Shopping - Posters,fs
snooty,https://acnhcdn.com/latest/FtrIcon/PosterNpcNmlAnt06.png,1000,250,orange,light blue,Nook's Shopping - Posters,fs
soleil,https://acnhcdn.com/latest/FtrIcon/PosterNpcNmlHam04.png,1000,250,brown,blue,Nook's Shopping - Posters,fs
sparro,https://acnhcdn.com/latest/FtrIcon/PosterNpcNmlBrd18.png,1000,250,orange,black,Nook's Shopping - Posters,fs
spike,https://acnhcdn.com/latest/FtrIcon/PosterNpcNmlRhn02.png,1000,250,white,pink,Nook's Shopping - Posters,fs
spork,https://acnhcdn.com/latest/FtrIcon/PosterNpcNmlPig05.png,1000,250,green,black,Nook's Shopping - Posters,fs
sprinkle,https://acnhcdn.com/latest/FtrIcon/PosterNpcNmlPgn14.png,1000,250,purple,brown,Nook's Shopping - Posters,fs
sprocket,https://acnhcdn.com/latest/FtrIcon/PosterNpcNmlOst03.png,1000,250,pink,light blue,Nook's Shopping - Posters,fs
static,https://acnhcdn.com/latest/FtrIcon/PosterNpcNmlSqu08.png,1000,250,gray,blue,Nook's Shopping - Posters,fs
stella,https://acnhcdn.com/latest/FtrIcon/PosterNpcNmlShp03.png,1000,250,red,gray,Nook's Shopping - Posters,fs
sterling,https://acnhcdn.com/latest/FtrIcon/PosterNpcNmlPbr07.png,1000,250,colorful,light blue,Nook's Shopping - Posters,fs
stinky,https://acnhcdn.com/latest/FtrIcon/PosterNpcNmlCat13.png,1000,250,blue,blue,Nook's Shopping - Posters,fs
stitches,https://acnhcdn.com/latest/FtrIcon/PosterNpcNmlCbr05.png,1000,250,purple,yellow,Nook's Shopping - Posters,fs
stu,https://acnhcdn.com/latest/FtrIcon/PosterNpcNmlBul03.png,1000,250,brown,purple,Nook's Shopping - Posters,fs
sydney,https://acnhcdn.com/latest/FtrIcon/PosterNpcNmlKal03.png,1000,250,purple,orange,Nook's Shopping - Posters,fs
sylvana,https://acnhcdn.com/latest/FtrIcon/PosterNpcNmlSqu14.png,1000,250,gray,blue,Nook's Shopping - Posters,fs
sylvia,https://acnhcdn.com/latest/FtrIcon/PosterNpcNmlKgr06.png,1000,250,orange,black,Nook's Shopping - Posters,fs
t-bone,https://acnhcdn.com/latest/FtrIcon/PosterNpcNmlBul05.png,1000,250,green,blue,Nook's Shopping - Posters,fs
tabby,https://acnhcdn.com/latest/FtrIcon/PosterNpcNmlCat12.png,1000,250,yellow,purple,Nook's Shopping - Posters,fs
tad,https://acnhcdn.com/latest/FtrIcon/PosterNpcNmlFlg09.png,1000,250,yellow,light blue,Nook's Shopping - Posters,fs
tammi,https://acnhcdn.com/latest/FtrIcon/PosterNpcNmlMnk03.png,1000,250,orange,green,Nook's Shopping - Posters,fs
tammy,https://acnhcdn.com/latest/FtrIcon/PosterNpcNmlCbr17.png,1000,250,gray,red,Nook's Shopping - Posters,fs
tangy,https://acnhcdn.com/latest/FtrIcon/PosterNpcNmlCat05.png,1000,250,black,brown,Nook's Shopping - Posters,fs
tank,https://acnhcdn.com/latest/FtrIcon/PosterNpcNmlRhn00.png,1000,250,orange,colorful,Nook's Shopping - Posters,fs
tasha,https://acnhcdn.com/latest/FtrIcon/PosterNpcNmlSqu13.png,1000,250,black,gray,Nook's Shopping - Posters,fs
teddy,https://acnhcdn.com/latest/FtrIcon/PosterNpcNmlBea00.png,1000,250,white,light blue,Nook's Shopping - Posters,fs
tex,https://acnhcdn.com/latest/FtrIcon/PosterNpcNmlPgn12.png,1000,250,white,black,Nook's Shopping - Posters,fs
tia,https://acnhcdn.com/latest/FtrIcon/PosterNpcNmlElp10.png,1000,250,brown,blue,Nook's Shopping - Posters,fs
tiffany,https://acnhcdn.com/latest/FtrIcon/PosterNpcNmlRbt07.png,1000,250,brown,green,Nook's Shopping - Posters,fs
timbra,https://acnhcdn.com/latest/FtrIcon/PosterNpcNmlShp10.png,1000,250,white,pink,Nook's Shopping - Posters,fs
timmy,https://acnhcdn.com/latest/FtrIcon/PosterNpcSpRcm.png,1000,250,brown,green,Nook's Shopping - Posters,fs
tipper,https://acnhcdn.com/latest/FtrIcon/PosterNpcNmlCow01.png,1000,250,blue,black,Nook's Shopping - Posters,fs
tom nook,https://acnhcdn.com/latest/FtrIcon/PosterNpcSpRco.png,1000,250,brown,green,Nook's Shopping - Posters,fs
tom,https://acnhcdn.com/latest/FtrIcon/PosterNpcNmlCat15.png,1000,250,green,blue,Nook's Shopping - Posters,fs
tommy,https://acnhcdn.com/latest/FtrIcon/PosterNpcSpRct.png,1000,250,pink,orange,Nook's Shopping - Posters,fs
tortimer,https://acnhcdn.com/latest/FtrIcon/PosterNpcSpTtlA.png,1000,250,orange,yellow,Nook's Shopping - Posters,fs
truffles,https://acnhcdn.com/latest/FtrIcon/PosterNpcNmlPig01.png,1000,250,white,red,Nook's Shopping - Posters,fs
tucker,https://acnhcdn.com/latest/FtrIcon/PosterNpcNmlElp09.png,1000,250,yellow,light blue,Nook's Shopping - Posters,fs
tutu,https://acnhcdn.com/latest/FtrIcon/PosterNpcNmlBea07.png,1000,250,orange,orange,Nook's Shopping - Posters,fs
twiggy,https://acnhcdn.com/latest/FtrIcon/PosterNpcNmlBrd03.png,1000,250,pink,yellow,Nook's Shopping - Posters,fs
tybalt,https://acnhcdn.com/latest/FtrIcon/PosterNpcNmlTig02.png,1000,250,pink,brown,Nook's Shopping - Posters,fs
ursala,https://acnhcdn.com/latest/FtrIcon/PosterNpcNmlBea08.png,1000,250,white,black,Nook's Shopping - Posters,fs
velma,https://acnhcdn.com/latest/FtrIcon/PosterNpcNmlGoa06.png,1000,250,brown,black,Nook's Shopping - Posters,fs
vesta,https://acnhcdn.com/latest/FtrIcon/PosterNpcNmlShp00.png,1000,250,yellow,green,Nook's Shopping - Posters,fs
vic,https://acnhcdn.com/latest/FtrIcon/PosterNpcNmlBul08.png,1000,250,red,yellow,Nook's Shopping - Posters,fs
victoria,https://acnhcdn.com/latest/FtrIcon/PosterNpcNmlHrs01.png,1000,250,pink,green,Nook's Shopping - Posters,fs
villager,https://acnhcdn.com/latest/FtrIcon/PosterVillager.png,1000,250,brown,beige,Nook's Shopping - Posters,fs
violet,https://acnhcdn.com/latest/FtrIcon/PosterNpcNmlGor07.png,1000,250,pink,gray,Nook's Shopping - Posters,fs
vivian,https://acnhcdn.com/latest/FtrIcon/PosterNpcNmlWol08.png,1000,250,black,blue,Nook's Shopping - Posters,fs
vladimir,https://acnhcdn.com/latest/FtrIcon/PosterNpcNmlCbr06.png,1000,250,gray,green,Nook's Shopping - Posters,fs
wade,https://acnhcdn.com/latest/FtrIcon/PosterNpcNmlPgn09.png,1000,250,gray,brown,Nook's Shopping - Posters,fs
walker,https://acnhcdn.com/latest/FtrIcon/PosterNpcNmlDog06.png,1000,250,orange,green,Nook's Shopping - Posters,fs
walt,https://acnhcdn.com/latest/FtrIcon/PosterNpcNmlKgr08.png,1000,250,pink,beige,Nook's Shopping - Posters,fs
wart jr.,https://acnhcdn.com/latest/FtrIcon/PosterNpcNmlFlg05.png,1000,250,light blue,beige,Nook's Shopping - Posters,fs
weber,https://acnhcdn.com/latest/FtrIcon/PosterNpcNmlDuk11.png,1000,250,red,light blue,Nook's Shopping - Posters,fs
wendell,https://acnhcdn.com/latest/FtrIcon/PosterNpcSpWrl.png,1000,250,light blue,brown,Nook's Shopping - Posters,fs
wendy,https://acnhcdn.com/latest/FtrIcon/PosterNpcNmlShp09.png,1000,250,yellow,pink,Nook's Shopping - Posters,fs
whitney,https://acnhcdn.com/latest/FtrIcon/PosterNpcNmlWol03.png,1000,250,beige,light blue,Nook's Shopping - Posters,fs
willow,https://acnhcdn.com/latest/FtrIcon/PosterNpcNmlShp07.png,1000,250,blue,brown,Nook's Shopping - Posters,fs
winnie,https://acnhcdn.com/latest/FtrIcon/PosterNpcNmlHrs05.png,1000,250,blue,green,Nook's Shopping - Posters,fs
wolfgang,https://acnhcdn.com/latest/FtrIcon/PosterNpcNmlWol02.png,1000,250,black,white,Nook's Shopping - Posters,fs
yuka,https://acnhcdn.com/latest/FtrIcon/PosterNpcNmlKal00.png,1000,250,yellow,pink,Nook's Shopping - Posters,fs
zell,https://acnhcdn.com/latest/FtrIcon/PosterNpcNmlDer02.png,1000,250,beige,blue,Nook's Shopping - Posters,fs
zipper,https://acnhcdn.com/latest/FtrIcon/PosterNpcSpPyn.png,1000,250,yellow,pink,Nook's Shopping - Posters,fs
zucker,https://acnhcdn.com/latest/FtrIcon/PosterNpcNmlOcp02.png,1000,250,beige,blue,Nook's Shopping - Posters,fs
