Name,Image,Buy,Sell,Color1,Color2,Source
Admiral's poster,https://acnhcdn.com/latest/FtrIcon/PosterNpcNmlBrd06.png,1000,250,Green,Blue,Nook's Shopping - Posters
Agent S's poster,https://acnhcdn.com/latest/FtrIcon/PosterNpcNmlSqu05.png,1000,250,Blue,Gray,Nook's Shopping - Posters
Agnes's poster,https://acnhcdn.com/latest/FtrIcon/PosterNpcNmlPig17.png,1000,250,Pink,Black,Nook's Shopping - Posters
Al's poster,https://acnhcdn.com/latest/FtrIcon/PosterNpcNmlGor08.png,1000,250,Red,Light blue,Nook's Shopping - Posters
Alfonso's poster,https://acnhcdn.com/latest/FtrIcon/PosterNpcNmlCrd00.png,1000,250,Orange,Red,Nook's Shopping - Posters
Alice's poster,https://acnhcdn.com/latest/FtrIcon/PosterNpcNmlKal01.png,1000,250,Beige,White,Nook's Shopping - Posters
Alli's poster,https://acnhcdn.com/latest/FtrIcon/PosterNpcNmlCrd01.png,1000,250,Light blue,Red,Nook's Shopping - Posters
Amelia's poster,https://acnhcdn.com/latest/FtrIcon/PosterNpcNmlPbr01.png,1000,250,Red,White,Nook's Shopping - Posters
Anabelle's poster,https://acnhcdn.com/latest/FtrIcon/PosterNpcNmlAnt03.png,1000,250,Yellow,Blue,Nook's Shopping - Posters
Anchovy's poster,https://acnhcdn.com/latest/FtrIcon/PosterNpcNmlBrd02.png,1000,250,Brown,Light blue,Nook's Shopping - Posters
Angus's poster,https://acnhcdn.com/latest/FtrIcon/PosterNpcNmlBul00.png,1000,250,Red,Orange,Nook's Shopping - Posters
Anicotti's poster,https://acnhcdn.com/latest/FtrIcon/PosterNpcNmlMus10.png,1000,250,Green,Brown,Nook's Shopping - Posters
Ankha's poster,https://acnhcdn.com/latest/FtrIcon/PosterNpcNmlCat19.png,1000,250,Yellow,Brown,Nook's Shopping - Posters
Annalisa's poster,https://acnhcdn.com/latest/FtrIcon/PosterNpcNmlAnt08.png,1000,250,Beige,Pink,Nook's Shopping - Posters
Annalise's poster,https://acnhcdn.com/latest/FtrIcon/PosterNpcNmlHrs09.png,1000,250,Brown,Purple,Nook's Shopping - Posters
Antonio's poster,https://acnhcdn.com/latest/FtrIcon/PosterNpcNmlAnt01.png,1000,250,Blue,Yellow,Nook's Shopping - Posters
Apollo's poster,https://acnhcdn.com/latest/FtrIcon/PosterNpcNmlPbr00.png,1000,250,Black,White,Nook's Shopping - Posters
Apple's poster,https://acnhcdn.com/latest/FtrIcon/PosterNpcNmlHam01.png,1000,250,Red,Yellow,Nook's Shopping - Posters
Astrid's poster,https://acnhcdn.com/latest/FtrIcon/PosterNpcNmlKgr05.png,1000,250,White,Black,Nook's Shopping - Posters
Audie's poster,https://acnhcdn.com/latest/FtrIcon/PosterNpcNmlWol12.png,1000,250,Red,Yellow,Nook's Shopping - Posters
Aurora's poster,https://acnhcdn.com/latest/FtrIcon/PosterNpcNmlPgn00.png,1000,250,Black,Red,Nook's Shopping - Posters
Ava's poster,https://acnhcdn.com/latest/FtrIcon/PosterNpcNmlChn05.png,1000,250,Beige,Pink,Nook's Shopping - Posters
Avery's poster,https://acnhcdn.com/latest/FtrIcon/PosterNpcNmlPbr05.png,1000,250,Gray,Black,Nook's Shopping - Posters
Axel's poster,https://acnhcdn.com/latest/FtrIcon/PosterNpcNmlElp06.png,1000,250,Blue,Red,Nook's Shopping - Posters
Baabara's poster,https://acnhcdn.com/latest/FtrIcon/PosterNpcNmlShp01.png,1000,250,Brown,Light blue,Nook's Shopping - Posters
Bam's poster,https://acnhcdn.com/latest/FtrIcon/PosterNpcNmlDer01.png,1000,250,Blue,Green,Nook's Shopping - Posters
Bangle's poster,https://acnhcdn.com/latest/FtrIcon/PosterNpcNmlTig03.png,1000,250,Brown,Green,Nook's Shopping - Posters
Barold's poster,https://acnhcdn.com/latest/FtrIcon/PosterNpcNmlCbr16.png,1000,250,Gray,Black,Nook's Shopping - Posters
Bea's poster,https://acnhcdn.com/latest/FtrIcon/PosterNpcNmlDog10.png,1000,250,Light blue,Brown,Nook's Shopping - Posters
Beardo's poster,https://acnhcdn.com/latest/FtrIcon/PosterNpcNmlBea13.png,1000,250,Light blue,Brown,Nook's Shopping - Posters
Beau's poster,https://acnhcdn.com/latest/FtrIcon/PosterNpcNmlDer07.png,1000,250,Light blue,Brown,Nook's Shopping - Posters
Becky's poster,https://acnhcdn.com/latest/FtrIcon/PosterNpcNmlChn09.png,1000,250,Purple,Red,Nook's Shopping - Posters
Bella's poster,https://acnhcdn.com/latest/FtrIcon/PosterNpcNmlMus02.png,1000,250,Purple,White,Nook's Shopping - Posters
Benedict's poster,https://acnhcdn.com/latest/FtrIcon/PosterNpcNmlChn01.png,1000,250,Red,Green,Nook's Shopping - Posters
Benjamin's poster,https://acnhcdn.com/latest/FtrIcon/PosterNpcNmlDog16.png,1000,250,Yellow,Green,Nook's Shopping - Posters
Bertha's poster,https://acnhcdn.com/latest/FtrIcon/PosterNpcNmlHip03.png,1000,250,Pink,Green,Nook's Shopping - Posters
Bettina's poster,https://acnhcdn.com/latest/FtrIcon/PosterNpcNmlMus15.png,1000,250,Orange,Blue,Nook's Shopping - Posters
Bianca's poster,https://acnhcdn.com/latest/FtrIcon/PosterNpcNmlTig06.png,1000,250,Light blue,Blue,Nook's Shopping - Posters
Biff's poster,https://acnhcdn.com/latest/FtrIcon/PosterNpcNmlHip04.png,1000,250,Red,Black,Nook's Shopping - Posters
Big Top's poster,https://acnhcdn.com/latest/FtrIcon/PosterNpcNmlElp02.png,1000,250,Green,Yellow,Nook's Shopping - Posters
Bill's poster,https://acnhcdn.com/latest/FtrIcon/PosterNpcNmlDuk00.png,1000,250,Brown,Yellow,Nook's Shopping - Posters
Billy's poster,https://acnhcdn.com/latest/FtrIcon/PosterNpcNmlGoa02.png,1000,250,Brown,Green,Nook's Shopping - Posters
Biskit's poster,https://acnhcdn.com/latest/FtrIcon/PosterNpcNmlDog03.png,1000,250,Orange,Purple,Nook's Shopping - Posters
Bitty's poster,https://acnhcdn.com/latest/FtrIcon/PosterNpcNmlHip05.png,1000,250,Pink,Red,Nook's Shopping - Posters
Blaire's poster,https://acnhcdn.com/latest/FtrIcon/PosterNpcNmlSqu01.png,1000,250,Black,Brown,Nook's Shopping - Posters
Blanca's poster,https://acnhcdn.com/latest/FtrIcon/PosterNpcSpMka.png,1000,250,White,Light blue,Nook's Shopping - Posters
Blanche's poster,https://acnhcdn.com/latest/FtrIcon/PosterNpcNmlOst08.png,1000,250,White,Pink,Nook's Shopping - Posters
Blathers's poster,https://acnhcdn.com/latest/FtrIcon/PosterNpcSpOwl.png,1000,250,Brown,Beige,Nook's Shopping - Posters
Bluebear's poster,https://acnhcdn.com/latest/FtrIcon/PosterNpcNmlCbr00.png,1000,250,Light blue,Purple,Nook's Shopping - Posters
Bob's poster,https://acnhcdn.com/latest/FtrIcon/PosterNpcNmlCat00.png,1000,250,Purple,Light blue,Nook's Shopping - Posters
Bonbon's poster,https://acnhcdn.com/latest/FtrIcon/PosterNpcNmlRbt17.png,1000,250,Brown,Red,Nook's Shopping - Posters
Bones's poster,https://acnhcdn.com/latest/FtrIcon/PosterNpcNmlDog04.png,1000,250,Beige,Pink,Nook's Shopping - Posters
Booker's poster,https://acnhcdn.com/latest/FtrIcon/PosterNpcSpDgb.png,1000,250,Orange,Blue,Nook's Shopping - Posters
Boomer's poster,https://acnhcdn.com/latest/FtrIcon/PosterNpcNmlPgn10.png,1000,250,Black,Blue,Nook's Shopping - Posters
Boone's poster,https://acnhcdn.com/latest/FtrIcon/PosterNpcNmlGor02.png,1000,250,Brown,White,Nook's Shopping - Posters
Boots's poster,https://acnhcdn.com/latest/FtrIcon/PosterNpcNmlCrd02.png,1000,250,Green,Blue,Nook's Shopping - Posters
Boris's poster,https://acnhcdn.com/latest/FtrIcon/PosterNpcNmlPig09.png,1000,250,Blue,Red,Nook's Shopping - Posters
Boyd's poster,https://acnhcdn.com/latest/FtrIcon/PosterNpcNmlGor05.png,1000,250,Red,Blue,Nook's Shopping - Posters
Bree's poster,https://acnhcdn.com/latest/FtrIcon/PosterNpcNmlMus03.png,1000,250,Green,Pink,Nook's Shopping - Posters
Brewster's poster,https://acnhcdn.com/latest/FtrIcon/PosterNpcSpPge.png,1000,250,Green,Black,Nook's Shopping - Posters
Broccolo's poster,https://acnhcdn.com/latest/FtrIcon/PosterNpcNmlMus12.png,1000,250,Light blue,Colorful,Nook's Shopping - Posters
Broffina's poster,https://acnhcdn.com/latest/FtrIcon/PosterNpcNmlChn12.png,1000,250,Orange,Black,Nook's Shopping - Posters
Bruce's poster,https://acnhcdn.com/latest/FtrIcon/PosterNpcNmlDer03.png,1000,250,Gray,Orange,Nook's Shopping - Posters
Bubbles's poster,https://acnhcdn.com/latest/FtrIcon/PosterNpcNmlHip02.png,1000,250,Orange,Purple,Nook's Shopping - Posters
Buck's poster,https://acnhcdn.com/latest/FtrIcon/PosterNpcNmlHrs00.png,1000,250,Green,Brown,Nook's Shopping - Posters
Bud's poster,https://acnhcdn.com/latest/FtrIcon/PosterNpcNmlLon00.png,1000,250,Brown,Light blue,Nook's Shopping - Posters
Bunnie's poster,https://acnhcdn.com/latest/FtrIcon/PosterNpcNmlRbt00.png,1000,250,Red,Beige,Nook's Shopping - Posters
Butch's poster,https://acnhcdn.com/latest/FtrIcon/PosterNpcNmlDog01.png,1000,250,Brown,Green,Nook's Shopping - Posters
Buzz's poster,https://acnhcdn.com/latest/FtrIcon/PosterNpcNmlPbr03.png,1000,250,Brown,Light blue,Nook's Shopping - Posters
Cally's poster,https://acnhcdn.com/latest/FtrIcon/PosterNpcNmlSqu11.png,1000,250,Beige,Red,Nook's Shopping - Posters
Camofrog's poster,https://acnhcdn.com/latest/FtrIcon/PosterNpcNmlFlg03.png,1000,250,Green,Brown,Nook's Shopping - Posters
Canberra's poster,https://acnhcdn.com/latest/FtrIcon/PosterNpcNmlKal08.png,1000,250,Orange,Light blue,Nook's Shopping - Posters
Candi's poster,https://acnhcdn.com/latest/FtrIcon/PosterNpcNmlMus08.png,1000,250,Pink,Yellow,Nook's Shopping - Posters
Carmen's poster,https://acnhcdn.com/latest/FtrIcon/PosterNpcNmlRbt16.png,1000,250,Brown,Green,Nook's Shopping - Posters
Caroline's poster,https://acnhcdn.com/latest/FtrIcon/PosterNpcNmlSqu06.png,1000,250,Red,Blue,Nook's Shopping - Posters
Carrie's poster,https://acnhcdn.com/latest/FtrIcon/PosterNpcNmlKgr02.png,1000,250,Orange,Red,Nook's Shopping - Posters
Cashmere's poster,https://acnhcdn.com/latest/FtrIcon/PosterNpcNmlShp04.png,1000,250,White,Purple,Nook's Shopping - Posters
Celeste's poster,https://acnhcdn.com/latest/FtrIcon/PosterNpcSpOws.png,1000,250,Brown,Blue,Nook's Shopping - Posters
Celia's poster,https://acnhcdn.com/latest/FtrIcon/PosterNpcNmlPbr09.png,1000,250,White,Green,Nook's Shopping - Posters
Cesar's poster,https://acnhcdn.com/latest/FtrIcon/PosterNpcNmlGor00.png,1000,250,Beige,Orange,Nook's Shopping - Posters
Chadder's poster,https://acnhcdn.com/latest/FtrIcon/PosterNpcNmlMus18.png,1000,250,Yellow,Blue,Nook's Shopping - Posters
Charlise's poster,https://acnhcdn.com/latest/FtrIcon/PosterNpcNmlBea12.png,1000,250,Green,Red,Nook's Shopping - Posters
Cheri's poster,https://acnhcdn.com/latest/FtrIcon/PosterNpcNmlCbr10.png,1000,250,Red,Blue,Nook's Shopping - Posters
Cherry's poster,https://acnhcdn.com/latest/FtrIcon/PosterNpcNmlDog17.png,1000,250,Red,Black,Nook's Shopping - Posters
Chester's poster,https://acnhcdn.com/latest/FtrIcon/PosterNpcNmlCbr15.png,1000,250,White,Yellow,Nook's Shopping - Posters
Chevre's poster,https://acnhcdn.com/latest/FtrIcon/PosterNpcNmlGoa00.png,1000,250,White,Red,Nook's Shopping - Posters
Chief's poster,https://acnhcdn.com/latest/FtrIcon/PosterNpcNmlWol00.png,1000,250,Orange,Beige,Nook's Shopping - Posters
Chip's poster,https://acnhcdn.com/latest/FtrIcon/PosterNpcSpBev.png,1000,250,Blue,Beige,Nook's Shopping - Posters
Chops's poster,https://acnhcdn.com/latest/FtrIcon/PosterNpcNmlPig14.png,1000,250,Beige,Red,Nook's Shopping - Posters
Chow's poster,https://acnhcdn.com/latest/FtrIcon/PosterNpcNmlBea03.png,1000,250,Pink,Black,Nook's Shopping - Posters
Chrissy's poster,https://acnhcdn.com/latest/FtrIcon/PosterNpcNmlRbt13.png,1000,250,Pink,Purple,Nook's Shopping - Posters
Cinnamoroll poster,https://acnhcdn.com/latest/FtrIcon/PosterNpcNmlElp11.png,1000,250,Light blue,Light blue,Nook's Shopping - Posters
Claude's poster,https://acnhcdn.com/latest/FtrIcon/PosterNpcNmlRbt11.png,1000,250,Brown,Beige,Nook's Shopping - Posters
Claudia's poster,https://acnhcdn.com/latest/FtrIcon/PosterNpcNmlTig05.png,1000,250,Pink,White,Nook's Shopping - Posters
Clay's poster,https://acnhcdn.com/latest/FtrIcon/PosterNpcNmlHam05.png,1000,250,Brown,Black,Nook's Shopping - Posters
Cleo's poster,https://acnhcdn.com/latest/FtrIcon/PosterNpcNmlHrs07.png,1000,250,Purple,Light blue,Nook's Shopping - Posters
Clyde's poster,https://acnhcdn.com/latest/FtrIcon/PosterNpcNmlHrs10.png,1000,250,Yellow,Pink,Nook's Shopping - Posters
Coach's poster,https://acnhcdn.com/latest/FtrIcon/PosterNpcNmlBul07.png,1000,250,Yellow,Blue,Nook's Shopping - Posters
Cobb's poster,https://acnhcdn.com/latest/FtrIcon/PosterNpcNmlPig08.png,1000,250,Green,White,Nook's Shopping - Posters
Coco's poster,https://acnhcdn.com/latest/FtrIcon/PosterNpcNmlRbt02.png,1000,250,Beige,Brown,Nook's Shopping - Posters
Cole's poster,https://acnhcdn.com/latest/FtrIcon/PosterNpcNmlRbt18.png,1000,250,Black,Yellow,Nook's Shopping - Posters
Colton's poster,https://acnhcdn.com/latest/FtrIcon/PosterNpcNmlHrs11.png,1000,250,White,Colorful,Nook's Shopping - Posters
Cookie's poster,https://acnhcdn.com/latest/FtrIcon/PosterNpcNmlDog08.png,1000,250,Pink,Purple,Nook's Shopping - Posters
Copper's poster,https://acnhcdn.com/latest/FtrIcon/PosterNpcSpDga.png,1000,250,Orange,Blue,Nook's Shopping - Posters
Cousteau's poster,https://acnhcdn.com/latest/FtrIcon/PosterNpcNmlFlg10.png,1000,250,Orange,Green,Nook's Shopping - Posters
Cranston's poster,https://acnhcdn.com/latest/FtrIcon/PosterNpcNmlOst06.png,1000,250,White,Red,Nook's Shopping - Posters
Croque's poster,https://acnhcdn.com/latest/FtrIcon/PosterNpcNmlFlg17.png,1000,250,Orange,Red,Nook's Shopping - Posters
Cube's poster,https://acnhcdn.com/latest/FtrIcon/PosterNpcNmlPgn02.png,1000,250,Black,Yellow,Nook's Shopping - Posters
Curlos's poster,https://acnhcdn.com/latest/FtrIcon/PosterNpcNmlShp08.png,1000,250,Brown,Yellow,Nook's Shopping - Posters
Curly's poster,https://acnhcdn.com/latest/FtrIcon/PosterNpcNmlPig00.png,1000,250,Pink,Green,Nook's Shopping - Posters
Curt's poster,https://acnhcdn.com/latest/FtrIcon/PosterNpcNmlBea02.png,1000,250,Gray,Brown,Nook's Shopping - Posters
Cyd's poster,https://acnhcdn.com/latest/FtrIcon/PosterNpcNmlElp12.png,1000,250,Red,Black,Nook's Shopping - Posters
Cyrano's poster,https://acnhcdn.com/latest/FtrIcon/PosterNpcNmlAnt00.png,1000,250,Orange,White,Nook's Shopping - Posters
Cyrus's poster,https://acnhcdn.com/latest/FtrIcon/PosterNpcSpAlp.png,1000,250,Light blue,Pink,Nook's Shopping - Posters
Daisy's poster,https://acnhcdn.com/latest/FtrIcon/PosterNpcNmlDog07.png,1000,250,White,Beige,Nook's Shopping - Posters
Deena's poster,https://acnhcdn.com/latest/FtrIcon/PosterNpcNmlDuk04.png,1000,250,Brown,Beige,Nook's Shopping - Posters
Deirdre's poster,https://acnhcdn.com/latest/FtrIcon/PosterNpcNmlDer04.png,1000,250,Beige,Red,Nook's Shopping - Posters
Del's poster,https://acnhcdn.com/latest/FtrIcon/PosterNpcNmlCrd04.png,1000,250,Black,Blue,Nook's Shopping - Posters
Deli's poster,https://acnhcdn.com/latest/FtrIcon/PosterNpcNmlMnk08.png,1000,250,Beige,Brown,Nook's Shopping - Posters
Derwin's poster,https://acnhcdn.com/latest/FtrIcon/PosterNpcNmlDuk08.png,1000,250,Blue,Pink,Nook's Shopping - Posters
Diana's poster,https://acnhcdn.com/latest/FtrIcon/PosterNpcNmlDer08.png,1000,250,Pink,Purple,Nook's Shopping - Posters
Digby's poster,https://acnhcdn.com/latest/FtrIcon/PosterNpcSpSzo.png,1000,250,Brown,Red,Nook's Shopping - Posters
Diva's poster,https://acnhcdn.com/latest/FtrIcon/PosterNpcNmlFlg18.png,1000,250,Purple,Yellow,Nook's Shopping - Posters
Dizzy's poster,https://acnhcdn.com/latest/FtrIcon/PosterNpcNmlElp01.png,1000,250,Gray,Light blue,Nook's Shopping - Posters
DJ KK's poster,https://acnhcdn.com/latest/FtrIcon/PosterNpcSpTkkB.png,1000,250,White,Black,Nook's Shopping - Posters
Dobie's poster,https://acnhcdn.com/latest/FtrIcon/PosterNpcNmlWol04.png,1000,250,Green,Blue,Nook's Shopping - Posters
Doc's poster,https://acnhcdn.com/latest/FtrIcon/PosterNpcNmlRbt10.png,1000,250,Blue,Black,Nook's Shopping - Posters
Dom's poster,https://acnhcdn.com/latest/FtrIcon/PosterNpcNmlShp15.png,1000,250,Beige,Colorful,Nook's Shopping - Posters
Don's poster,https://acnhcdn.com/latest/FtrIcon/PosterNpcSpMob.png,1000,250,Brown,Light blue,Nook's Shopping - Posters
Dora's poster,https://acnhcdn.com/latest/FtrIcon/PosterNpcNmlMus00.png,1000,250,White,Green,Nook's Shopping - Posters
Dotty's poster,https://acnhcdn.com/latest/FtrIcon/PosterNpcNmlRbt01.png,1000,250,Black,White,Nook's Shopping - Posters
Drago's poster,https://acnhcdn.com/latest/FtrIcon/PosterNpcNmlCrd08.png,1000,250,Green,Yellow,Nook's Shopping - Posters
Drake's poster,https://acnhcdn.com/latest/FtrIcon/PosterNpcNmlDuk09.png,1000,250,Green,Brown,Nook's Shopping - Posters
Drift's poster,https://acnhcdn.com/latest/FtrIcon/PosterNpcNmlFlg04.png,1000,250,Red,Green,Nook's Shopping - Posters
Ed's poster,https://acnhcdn.com/latest/FtrIcon/PosterNpcNmlHrs06.png,1000,250,Light blue,Black,Nook's Shopping - Posters
Egbert's poster,https://acnhcdn.com/latest/FtrIcon/PosterNpcNmlChn02.png,1000,250,Yellow,Blue,Nook's Shopping - Posters
Elise's poster,https://acnhcdn.com/latest/FtrIcon/PosterNpcNmlMnk05.png,1000,250,Beige,Purple,Nook's Shopping - Posters
Ellie's poster,https://acnhcdn.com/latest/FtrIcon/PosterNpcNmlElp07.png,1000,250,Beige,Red,Nook's Shopping - Posters
Elmer's poster,https://acnhcdn.com/latest/FtrIcon/PosterNpcNmlHrs03.png,1000,250,Brown,Green,Nook's Shopping - Posters
Eloise's poster,https://acnhcdn.com/latest/FtrIcon/PosterNpcNmlElp03.png,1000,250,Yellow,Red,Nook's Shopping - Posters
Elvis's poster,https://acnhcdn.com/latest/FtrIcon/PosterNpcNmlLon01.png,1000,250,Yellow,Red,Nook's Shopping - Posters
Erik's poster,https://acnhcdn.com/latest/FtrIcon/PosterNpcNmlDer09.png,1000,250,Brown,Blue,Nook's Shopping - Posters
Eugene's poster,https://acnhcdn.com/latest/FtrIcon/PosterNpcNmlKal10.png,1000,250,Brown,Black,Nook's Shopping - Posters
Eunice's poster,https://acnhcdn.com/latest/FtrIcon/PosterNpcNmlShp02.png,1000,250,Black,Beige,Nook's Shopping - Posters
Fang's poster,https://acnhcdn.com/latest/FtrIcon/PosterNpcNmlWol06.png,1000,250,Beige,Light blue,Nook's Shopping - Posters
Fauna's poster,https://acnhcdn.com/latest/FtrIcon/PosterNpcNmlDer00.png,1000,250,Brown,Light blue,Nook's Shopping - Posters
Felicity's poster,https://acnhcdn.com/latest/FtrIcon/PosterNpcNmlCat17.png,1000,250,Beige,Green,Nook's Shopping - Posters
Filbert's poster,https://acnhcdn.com/latest/FtrIcon/PosterNpcNmlSqu02.png,1000,250,Light blue,Blue,Nook's Shopping - Posters
Flip's poster,https://acnhcdn.com/latest/FtrIcon/PosterNpcNmlMnk06.png,1000,250,Orange,Blue,Nook's Shopping - Posters
Flo's poster,https://acnhcdn.com/latest/FtrIcon/PosterNpcNmlPgn13.png,1000,250,Blue,Red,Nook's Shopping - Posters
Flora's poster,https://acnhcdn.com/latest/FtrIcon/PosterNpcNmlOst09.png,1000,250,Pink,Yellow,Nook's Shopping - Posters
Flurry's poster,https://acnhcdn.com/latest/FtrIcon/PosterNpcNmlHam06.png,1000,250,White,Red,Nook's Shopping - Posters
Francine's poster,https://acnhcdn.com/latest/FtrIcon/PosterNpcNmlRbt12.png,1000,250,Light blue,Purple,Nook's Shopping - Posters
Frank's poster,https://acnhcdn.com/latest/FtrIcon/PosterNpcNmlPbr06.png,1000,250,Green,Yellow,Nook's Shopping - Posters
Franklin's poster,https://acnhcdn.com/latest/FtrIcon/PosterNpcSpTuk.png,1000,250,Pink,Purple,Nook's Shopping - Posters
Freckles's poster,https://acnhcdn.com/latest/FtrIcon/PosterNpcNmlDuk07.png,1000,250,Red,Yellow,Nook's Shopping - Posters
Freya's poster,https://acnhcdn.com/latest/FtrIcon/PosterNpcNmlWol05.png,1000,250,Pink,Brown,Nook's Shopping - Posters
Friga's poster,https://acnhcdn.com/latest/FtrIcon/PosterNpcNmlPgn04.png,1000,250,Blue,White,Nook's Shopping - Posters
Frita's poster,https://acnhcdn.com/latest/FtrIcon/PosterNpcNmlShp11.png,1000,250,Yellow,Red,Nook's Shopping - Posters
Frobert's poster,https://acnhcdn.com/latest/FtrIcon/PosterNpcNmlFlg02.png,1000,250,Green,Green,Nook's Shopping - Posters
Fuchsia's poster,https://acnhcdn.com/latest/FtrIcon/PosterNpcNmlDer06.png,1000,250,Purple,Purple,Nook's Shopping - Posters
Gabi's poster,https://acnhcdn.com/latest/FtrIcon/PosterNpcNmlRbt05.png,1000,250,White,Red,Nook's Shopping - Posters
Gala's poster,https://acnhcdn.com/latest/FtrIcon/PosterNpcNmlPig13.png,1000,250,Pink,Light blue,Nook's Shopping - Posters
Gaston's poster,https://acnhcdn.com/latest/FtrIcon/PosterNpcNmlRbt04.png,1000,250,Yellow,Black,Nook's Shopping - Posters
Gayle's poster,https://acnhcdn.com/latest/FtrIcon/PosterNpcNmlCrd07.png,1000,250,Pink,Pink,Nook's Shopping - Posters
Genji's poster,https://acnhcdn.com/latest/FtrIcon/PosterNpcNmlRbt08.png,1000,250,White,Brown,Nook's Shopping - Posters
Gigi's poster,https://acnhcdn.com/latest/FtrIcon/PosterNpcNmlFlg16.png,1000,250,Purple,Black,Nook's Shopping - Posters
Gladys's poster,https://acnhcdn.com/latest/FtrIcon/PosterNpcNmlOst01.png,1000,250,Black,Red,Nook's Shopping - Posters
Gloria's poster,https://acnhcdn.com/latest/FtrIcon/PosterNpcNmlDuk15.png,1000,250,Purple,Black,Nook's Shopping - Posters
Goldie's poster,https://acnhcdn.com/latest/FtrIcon/PosterNpcNmlDog00.png,1000,250,Yellow,Brown,Nook's Shopping - Posters
Gonzo's poster,https://acnhcdn.com/latest/FtrIcon/PosterNpcNmlKal04.png,1000,250,Gray,Brown,Nook's Shopping - Posters
Goose's poster,https://acnhcdn.com/latest/FtrIcon/PosterNpcNmlChn00.png,1000,250,White,Green,Nook's Shopping - Posters
Gracie's poster,https://acnhcdn.com/latest/FtrIcon/PosterNpcSpGrf.png,1000,250,Blue,Green,Nook's Shopping - Posters
Graham's poster,https://acnhcdn.com/latest/FtrIcon/PosterNpcNmlHam02.png,1000,250,Yellow,Black,Nook's Shopping - Posters
Grams's poster,https://acnhcdn.com/latest/FtrIcon/PosterNpcSpKpg.png,1000,250,Green,Blue,Nook's Shopping - Posters
Greta's poster,https://acnhcdn.com/latest/FtrIcon/PosterNpcNmlMus16.png,1000,250,Beige,Black,Nook's Shopping - Posters
Grizzly's poster,https://acnhcdn.com/latest/FtrIcon/PosterNpcNmlBea09.png,1000,250,Black,Red,Nook's Shopping - Posters
Groucho's poster,https://acnhcdn.com/latest/FtrIcon/PosterNpcNmlBea06.png,1000,250,Blue,Black,Nook's Shopping - Posters
Gruff's poster,https://acnhcdn.com/latest/FtrIcon/PosterNpcNmlGoa04.png,1000,250,Green,Black,Nook's Shopping - Posters
Gulliver's poster,https://acnhcdn.com/latest/FtrIcon/PosterNpcSpGul.png,1000,250,White,Blue,Nook's Shopping - Posters
Gwen's poster,https://acnhcdn.com/latest/FtrIcon/PosterNpcNmlPgn05.png,1000,250,Purple,Green,Nook's Shopping - Posters
Hamlet's poster,https://acnhcdn.com/latest/FtrIcon/PosterNpcNmlHam00.png,1000,250,Orange,Light blue,Nook's Shopping - Posters
Hamphrey's poster,https://acnhcdn.com/latest/FtrIcon/PosterNpcNmlHam07.png,1000,250,Black,Red,Nook's Shopping - Posters
Hans's poster,https://acnhcdn.com/latest/FtrIcon/PosterNpcNmlGor10.png,1000,250,Light blue,Blue,Nook's Shopping - Posters
Harriet's poster,https://acnhcdn.com/latest/FtrIcon/PosterNpcSpPoo.png,1000,250,Pink,Beige,Nook's Shopping - Posters
Harry's poster,https://acnhcdn.com/latest/FtrIcon/PosterNpcNmlHip08.png,1000,250,Yellow,Black,Nook's Shopping - Posters
Hazel's poster,https://acnhcdn.com/latest/FtrIcon/PosterNpcNmlSqu18.png,1000,250,Orange,Red,Nook's Shopping - Posters
Hello Kitty poster,https://acnhcdn.com/latest/FtrIcon/PosterNpcNmlGor11.png,1000,250,Red,Colorful,Nook's Shopping - Posters
Henry's poster,https://acnhcdn.com/latest/FtrIcon/PosterNpcNmlFlg19.png,1000,250,Green,Beige,Nook's Shopping - Posters
Hippeux's poster,https://acnhcdn.com/latest/FtrIcon/PosterNpcNmlHip09.png,1000,250,Yellow,Orange,Nook's Shopping - Posters
Hopkins's poster,https://acnhcdn.com/latest/FtrIcon/PosterNpcNmlRbt14.png,1000,250,Light blue,Yellow,Nook's Shopping - Posters
Hopper's poster,https://acnhcdn.com/latest/FtrIcon/PosterNpcNmlPgn03.png,1000,250,Black,Yellow,Nook's Shopping - Posters
Hornsby's poster,https://acnhcdn.com/latest/FtrIcon/PosterNpcNmlRhn04.png,1000,250,Blue,Green,Nook's Shopping - Posters
Huck's poster,https://acnhcdn.com/latest/FtrIcon/PosterNpcNmlFlg11.png,1000,250,Gray,Red,Nook's Shopping - Posters
Hugh's poster,https://acnhcdn.com/latest/FtrIcon/PosterNpcNmlPig03.png,1000,250,Blue,Green,Nook's Shopping - Posters
Iggly's poster,https://acnhcdn.com/latest/FtrIcon/PosterNpcNmlPgn11.png,1000,250,White,Red,Nook's Shopping - Posters
Ike's poster,https://acnhcdn.com/latest/FtrIcon/PosterNpcNmlBea11.png,1000,250,Brown,Gray,Nook's Shopping - Posters
Isabelle's poster,https://acnhcdn.com/latest/FtrIcon/PosterNpcSpSza.png,1000,250,Yellow,Green,Nook's Shopping - Posters
Jack's poster,https://acnhcdn.com/latest/FtrIcon/PosterNpcSpPkn.png,1000,250,Orange,Black,Nook's Shopping - Posters
Jacob's poster,https://acnhcdn.com/latest/FtrIcon/PosterNpcNmlBrd11.png,1000,250,Purple,Black,Nook's Shopping - Posters
Jacques's poster,https://acnhcdn.com/latest/FtrIcon/PosterNpcNmlBrd16.png,1000,250,Green,Pink,Nook's Shopping - Posters
Jambette's poster,https://acnhcdn.com/latest/FtrIcon/PosterNpcNmlFlg13.png,1000,250,Blue,Green,Nook's Shopping - Posters
Jay's poster,https://acnhcdn.com/latest/FtrIcon/PosterNpcNmlBrd00.png,1000,250,Blue,Orange,Nook's Shopping - Posters
Jeremiah's poster,https://acnhcdn.com/latest/FtrIcon/PosterNpcNmlFlg07.png,1000,250,Brown,Colorful,Nook's Shopping - Posters
Jingle's poster,https://acnhcdn.com/latest/FtrIcon/PosterNpcSpRei.png,1000,250,Green,Light blue,Nook's Shopping - Posters
Jitters's poster,https://acnhcdn.com/latest/FtrIcon/PosterNpcNmlBrd04.png,1000,250,Brown,Blue,Nook's Shopping - Posters
Joan's poster,https://acnhcdn.com/latest/FtrIcon/PosterNpcSpBoa.png,1000,250,Yellow,Light blue,Nook's Shopping - Posters
Joey's poster,https://acnhcdn.com/latest/FtrIcon/PosterNpcNmlDuk01.png,1000,250,Pink,Purple,Nook's Shopping - Posters
Judy's poster,https://acnhcdn.com/latest/FtrIcon/PosterNpcNmlCbr19.png,1000,250,Blue,Green,Nook's Shopping - Posters
Julia's poster,https://acnhcdn.com/latest/FtrIcon/PosterNpcNmlOst05.png,1000,250,Light blue,Red,Nook's Shopping - Posters
Julian's poster,https://acnhcdn.com/latest/FtrIcon/PosterNpcNmlHrs13.png,1000,250,Brown,Red,Nook's Shopping - Posters
June's poster,https://acnhcdn.com/latest/FtrIcon/PosterNpcNmlCbr13.png,1000,250,White,Black,Nook's Shopping - Posters
K.K.'s poster,https://acnhcdn.com/latest/FtrIcon/PosterNpcSpTkkA.png,1000,250,White,Colorful,Nook's Shopping - Posters
Kabuki's poster,https://acnhcdn.com/latest/FtrIcon/PosterNpcNmlCat09.png,1000,250,Green,Blue,Nook's Shopping - Posters
Kapp'n's poster,https://acnhcdn.com/latest/FtrIcon/PosterNpcSpKpp.png,1000,250,Yellow,Light blue,Nook's Shopping - Posters
Katie's poster,https://acnhcdn.com/latest/FtrIcon/PosterNpcSpLom.png,1000,250,Black,Light blue,Nook's Shopping - Posters
Katrina's poster,https://acnhcdn.com/latest/FtrIcon/PosterNpcSpBpt.png,1000,250,Brown,Black,Nook's Shopping - Posters
Katt's poster,https://acnhcdn.com/latest/FtrIcon/PosterNpcNmlCat21.png,1000,250,Light blue,Yellow,Nook's Shopping - Posters
Keaton's poster,https://acnhcdn.com/latest/FtrIcon/PosterNpcNmlPbr08.png,1000,250,Blue,Black,Nook's Shopping - Posters
Ken's poster,https://acnhcdn.com/latest/FtrIcon/PosterNpcNmlChn13.png,1000,250,Green,Light blue,Nook's Shopping - Posters
Kerokerokeroppi poster,https://acnhcdn.com/latest/FtrIcon/PosterNpcNmlRbt20.png,1000,250,Red,Yellow,Nook's Shopping - Posters
Ketchup's poster,https://acnhcdn.com/latest/FtrIcon/PosterNpcNmlDuk13.png,1000,250,Brown,Black,Nook's Shopping - Posters
Kevin's poster,https://acnhcdn.com/latest/FtrIcon/PosterNpcNmlPig15.png,1000,250,Black,Beige,Nook's Shopping - Posters
Kicks's poster,https://acnhcdn.com/latest/FtrIcon/PosterNpcSpSkk.png,1000,250,Red,Yellow,Nook's Shopping - Posters
Kid Cat's poster,https://acnhcdn.com/latest/FtrIcon/PosterNpcNmlCat10.png,1000,250,Purple,Gray,Nook's Shopping - Posters
Kidd's poster,https://acnhcdn.com/latest/FtrIcon/PosterNpcNmlGoa07.png,1000,250,Colorful,White,Nook's Shopping - Posters
Kiki & Lala poster,https://acnhcdn.com/latest/FtrIcon/PosterNpcNmlShp14.png,1000,250,Black,Green,Nook's Shopping - Posters
Kiki's poster,https://acnhcdn.com/latest/FtrIcon/PosterNpcNmlCat04.png,1000,250,Green,Purple,Nook's Shopping - Posters
Kitt's poster,https://acnhcdn.com/latest/FtrIcon/PosterNpcNmlKgr00.png,1000,250,Beige,Blue,Nook's Shopping - Posters
Kitty's poster,https://acnhcdn.com/latest/FtrIcon/PosterNpcNmlCat14.png,1000,250,Gray,Red,Nook's Shopping - Posters
Klaus's poster,https://acnhcdn.com/latest/FtrIcon/PosterNpcNmlBea14.png,1000,250,Yellow,Red,Nook's Shopping - Posters
Knox's poster,https://acnhcdn.com/latest/FtrIcon/PosterNpcNmlChn11.png,1000,250,Light blue,Brown,Nook's Shopping - Posters
Kody's poster,https://acnhcdn.com/latest/FtrIcon/PosterNpcNmlCbr04.png,1000,250,Beige,Black,Nook's Shopping - Posters
Kyle's poster,https://acnhcdn.com/latest/FtrIcon/PosterNpcNmlWol10.png,1000,250,Purple,Beige,Nook's Shopping - Posters
Label's poster,https://acnhcdn.com/latest/FtrIcon/PosterNpcSpHgc.png,1000,250,Beige,Green,Nook's Shopping - Posters
Leif's poster,https://acnhcdn.com/latest/FtrIcon/PosterNpcSpSlo.png,1000,250,Green,Blue,Nook's Shopping - Posters
Leila's poster,https://acnhcdn.com/latest/FtrIcon/PosterNpcSpKps.png,1000,250,Green,Blue,Nook's Shopping - Posters
Leilani's poster,https://acnhcdn.com/latest/FtrIcon/PosterNpcSpKpm.png,1000,250,Orange,Black,Nook's Shopping - Posters
Leonardo's poster,https://acnhcdn.com/latest/FtrIcon/PosterNpcNmlTig04.png,1000,250,Green,Beige,Nook's Shopping - Posters
Leopold's poster,https://acnhcdn.com/latest/FtrIcon/PosterNpcNmlLon04.png,1000,250,Light blue,White,Nook's Shopping - Posters
Lily's poster,https://acnhcdn.com/latest/FtrIcon/PosterNpcNmlFlg00.png,1000,250,Orange,Beige,Nook's Shopping - Posters
Limberg's poster,https://acnhcdn.com/latest/FtrIcon/PosterNpcNmlMus01.png,1000,250,Brown,Black,Nook's Shopping - Posters
Lionel's poster,https://acnhcdn.com/latest/FtrIcon/PosterNpcNmlLon08.png,1000,250,Purple,Gray,Nook's Shopping - Posters
Lobo's poster,https://acnhcdn.com/latest/FtrIcon/PosterNpcNmlWol01.png,1000,250,Light blue,Red,Nook's Shopping - Posters
Lolly's poster,https://acnhcdn.com/latest/FtrIcon/PosterNpcNmlCat18.png,1000,250,Beige,Red,Nook's Shopping - Posters
Lopez's poster,https://acnhcdn.com/latest/FtrIcon/PosterNpcNmlDer05.png,1000,250,Pink,Colorful,Nook's Shopping - Posters
Lottie's poster,https://acnhcdn.com/latest/FtrIcon/PosterNpcSpOtg.png,1000,250,Brown,Black,Nook's Shopping - Posters
Louie's poster,https://acnhcdn.com/latest/FtrIcon/PosterNpcNmlGor04.png,1000,250,Red,Black,Nook's Shopping - Posters
Lucha's poster,https://acnhcdn.com/latest/FtrIcon/PosterNpcNmlBrd15.png,1000,250,White,Black,Nook's Shopping - Posters
Lucky's poster,https://acnhcdn.com/latest/FtrIcon/PosterNpcNmlDog02.png,1000,250,White,Red,Nook's Shopping - Posters
Lucy's poster,https://acnhcdn.com/latest/FtrIcon/PosterNpcNmlPig04.png,1000,250,Black,Purple,Nook's Shopping - Posters
Luna's poster,https://acnhcdn.com/latest/FtrIcon/PosterNpcSpTap.png,1000,250,Colorful,Blue,Nook's Shopping - Posters
Lyle's poster,https://acnhcdn.com/latest/FtrIcon/PosterNpcSpOtt.png,1000,250,Green,Light blue,Nook's Shopping - Posters
Lyman's poster,https://acnhcdn.com/latest/FtrIcon/PosterNpcNmlKal09.png,1000,250,Blue,Yellow,Nook's Shopping - Posters
Mabel's poster,https://acnhcdn.com/latest/FtrIcon/PosterNpcSpHgh.png,1000,250,Brown,Blue,Nook's Shopping - Posters
Mac's poster,https://acnhcdn.com/latest/FtrIcon/PosterNpcNmlDog14.png,1000,250,Brown,Green,Nook's Shopping - Posters
Maddie's poster,https://acnhcdn.com/latest/FtrIcon/PosterNpcNmlDog09.png,1000,250,Brown,Yellow,Nook's Shopping - Posters
Maelle's poster,https://acnhcdn.com/latest/FtrIcon/PosterNpcNmlDuk03.png,1000,250,Yellow,Pink,Nook's Shopping - Posters
Maggie's poster,https://acnhcdn.com/latest/FtrIcon/PosterNpcNmlPig10.png,1000,250,Purple,Blue,Nook's Shopping - Posters
Mallary's poster,https://acnhcdn.com/latest/FtrIcon/PosterNpcNmlDuk06.png,1000,250,Brown,Green,Nook's Shopping - Posters
Maple's poster,https://acnhcdn.com/latest/FtrIcon/PosterNpcNmlCbr01.png,1000,250,White,Green,Nook's Shopping - Posters
Marcel's poster,https://acnhcdn.com/latest/FtrIcon/PosterNpcNmlDog15.png,1000,250,Pink,Beige,Nook's Shopping - Posters
Marcie's poster,https://acnhcdn.com/latest/FtrIcon/PosterNpcNmlKgr10.png,1000,250,White,Pink,Nook's Shopping - Posters
Margie's poster,https://acnhcdn.com/latest/FtrIcon/PosterNpcNmlElp04.png,1000,250,Pink,Light blue,Nook's Shopping - Posters
Marina's poster,https://acnhcdn.com/latest/FtrIcon/PosterNpcNmlOcp01.png,1000,250,Beige,Blue,Nook's Shopping - Posters
Marshal's poster,https://acnhcdn.com/latest/FtrIcon/PosterNpcNmlSqu17.png,1000,250,Black,Red,Nook's Shopping - Posters
Mathilda's poster,https://acnhcdn.com/latest/FtrIcon/PosterNpcNmlKgr01.png,1000,250,Purple,Yellow,Nook's Shopping - Posters
Megan's poster,https://acnhcdn.com/latest/FtrIcon/PosterNpcNmlBea15.png,1000,250,Beige,Green,Nook's Shopping - Posters
Melba's poster,https://acnhcdn.com/latest/FtrIcon/PosterNpcNmlKal02.png,1000,250,Pink,Beige,Nook's Shopping - Posters
Merengue's poster,https://acnhcdn.com/latest/FtrIcon/PosterNpcNmlRhn07.png,1000,250,Beige,Pink,Nook's Shopping - Posters
Merry's poster,https://acnhcdn.com/latest/FtrIcon/PosterNpcNmlCat16.png,1000,250,Pink,Green,Nook's Shopping - Posters
Midge's poster,https://acnhcdn.com/latest/FtrIcon/PosterNpcNmlBrd08.png,1000,250,Green,Pink,Nook's Shopping - Posters
Mint's poster,https://acnhcdn.com/latest/FtrIcon/PosterNpcNmlSqu09.png,1000,250,Yellow,Pink,Nook's Shopping - Posters
Mira's poster,https://acnhcdn.com/latest/FtrIcon/PosterNpcNmlRbt19.png,1000,250,Pink,Light blue,Nook's Shopping - Posters
Miranda's poster,https://acnhcdn.com/latest/FtrIcon/PosterNpcNmlDuk12.png,1000,250,Blue,Red,Nook's Shopping - Posters
Mitzi's poster,https://acnhcdn.com/latest/FtrIcon/PosterNpcNmlCat01.png,1000,250,Blue,Green,Nook's Shopping - Posters
Moe's poster,https://acnhcdn.com/latest/FtrIcon/PosterNpcNmlCat08.png,1000,250,Beige,Light blue,Nook's Shopping - Posters
Molly's poster,https://acnhcdn.com/latest/FtrIcon/PosterNpcNmlDuk16.png,1000,250,Beige,Red,Nook's Shopping - Posters
Monique's poster,https://acnhcdn.com/latest/FtrIcon/PosterNpcNmlCat11.png,1000,250,Gray,Pink,Nook's Shopping - Posters
Monty's poster,https://acnhcdn.com/latest/FtrIcon/PosterNpcNmlMnk04.png,1000,250,Gray,Yellow,Nook's Shopping - Posters
Moose's poster,https://acnhcdn.com/latest/FtrIcon/PosterNpcNmlMus14.png,1000,250,Yellow,Brown,Nook's Shopping - Posters
Mott's poster,https://acnhcdn.com/latest/FtrIcon/PosterNpcNmlLon06.png,1000,250,Purple,Black,Nook's Shopping - Posters
Muffy's poster,https://acnhcdn.com/latest/FtrIcon/PosterNpcNmlShp12.png,1000,250,Green,Brown,Nook's Shopping - Posters
Murphy's poster,https://acnhcdn.com/latest/FtrIcon/PosterNpcNmlCbr07.png,1000,250,Pink,Pink,Nook's Shopping - Posters
My Melody poster,https://acnhcdn.com/latest/FtrIcon/PosterNpcNmlDer10.png,1000,250,Black,Pink,Nook's Shopping - Posters
Nan's poster,https://acnhcdn.com/latest/FtrIcon/PosterNpcNmlGoa01.png,1000,250,Pink,Beige,Nook's Shopping - Posters
Nana's poster,https://acnhcdn.com/latest/FtrIcon/PosterNpcNmlMnk01.png,1000,250,Blue,Pink,Nook's Shopping - Posters
Naomi's poster,https://acnhcdn.com/latest/FtrIcon/PosterNpcNmlCow07.png,1000,250,Green,Green,Nook's Shopping - Posters
Nat's poster,https://acnhcdn.com/latest/FtrIcon/PosterNpcSpChm.png,1000,250,Green,Light blue,Nook's Shopping - Posters
Nate's poster,https://acnhcdn.com/latest/FtrIcon/PosterNpcNmlBea05.png,1000,250,Green,Pink,Nook's Shopping - Posters
Nibbles's poster,https://acnhcdn.com/latest/FtrIcon/PosterNpcNmlSqu04.png,1000,250,Light blue,Pink,Nook's Shopping - Posters
Norma's poster,https://acnhcdn.com/latest/FtrIcon/PosterNpcNmlCow06.png,1000,250,Brown,Blue,Nook's Shopping - Posters
O'Hare's poster,https://acnhcdn.com/latest/FtrIcon/PosterNpcNmlRbt15.png,1000,250,Red,Colorful,Nook's Shopping - Posters
Octavian's poster,https://acnhcdn.com/latest/FtrIcon/PosterNpcNmlOcp00.png,1000,250,Brown,Black,Nook's Shopping - Posters
Olaf's poster,https://acnhcdn.com/latest/FtrIcon/PosterNpcNmlAnt09.png,1000,250,Gray,Green,Nook's Shopping - Posters
Olive's poster,https://acnhcdn.com/latest/FtrIcon/PosterNpcNmlCbr09.png,1000,250,White,Black,Nook's Shopping - Posters
Olivia's poster,https://acnhcdn.com/latest/FtrIcon/PosterNpcNmlCat03.png,1000,250,Green,Brown,Nook's Shopping - Posters
Opal's poster,https://acnhcdn.com/latest/FtrIcon/PosterNpcNmlElp00.png,1000,250,Beige,Red,Nook's Shopping - Posters
Ozzie's poster,https://acnhcdn.com/latest/FtrIcon/PosterNpcNmlKal05.png,1000,250,Brown,Yellow,Nook's Shopping - Posters
Pancetti's poster,https://acnhcdn.com/latest/FtrIcon/PosterNpcNmlPig16.png,1000,250,Green,Beige,Nook's Shopping - Posters
Pango's poster,https://acnhcdn.com/latest/FtrIcon/PosterNpcNmlAnt02.png,1000,250,Pink,Yellow,Nook's Shopping - Posters
Paolo's poster,https://acnhcdn.com/latest/FtrIcon/PosterNpcNmlElp05.png,1000,250,White,Light blue,Nook's Shopping - Posters
Papi's poster,https://acnhcdn.com/latest/FtrIcon/PosterNpcNmlHrs12.png,1000,250,Red,Light blue,Nook's Shopping - Posters
Pascal's poster,https://acnhcdn.com/latest/FtrIcon/PosterNpcSpSeo.png,1000,250,Orange,Beige,Nook's Shopping - Posters
Pashmina's poster,https://acnhcdn.com/latest/FtrIcon/PosterNpcNmlGoa08.png,1000,250,Light blue,Red,Nook's Shopping - Posters
Pate's poster,https://acnhcdn.com/latest/FtrIcon/PosterNpcNmlDuk02.png,1000,250,Brown,Light blue,Nook's Shopping - Posters
Patty's poster,https://acnhcdn.com/latest/FtrIcon/PosterNpcNmlCow00.png,1000,250,Beige,Pink,Nook's Shopping - Posters
Paula's poster,https://acnhcdn.com/latest/FtrIcon/PosterNpcNmlBea10.png,1000,250,Light blue,Pink,Nook's Shopping - Posters
Pavé's poster,https://acnhcdn.com/latest/FtrIcon/PosterNpcSpPck.png,1000,250,Pink,Light blue,Nook's Shopping - Posters
Peaches's poster,https://acnhcdn.com/latest/FtrIcon/PosterNpcNmlHrs08.png,1000,250,Pink,Yellow,Nook's Shopping - Posters
Peanut's poster,https://acnhcdn.com/latest/FtrIcon/PosterNpcNmlSqu00.png,1000,250,Brown,Purple,Nook's Shopping - Posters
Pecan's poster,https://acnhcdn.com/latest/FtrIcon/PosterNpcNmlSqu03.png,1000,250,Brown,Black,Nook's Shopping - Posters
Peck's poster,https://acnhcdn.com/latest/FtrIcon/PosterNpcNmlBrd17.png,1000,250,Black,Orange,Nook's Shopping - Posters
Peewee's poster,https://acnhcdn.com/latest/FtrIcon/PosterNpcNmlGor01.png,1000,250,Beige,Red,Nook's Shopping - Posters
Peggy's poster,https://acnhcdn.com/latest/FtrIcon/PosterNpcNmlPig11.png,1000,250,Beige,Yellow,Nook's Shopping - Posters
Pekoe's poster,https://acnhcdn.com/latest/FtrIcon/PosterNpcNmlCbr14.png,1000,250,White,Red,Nook's Shopping - Posters
Pelly's poster,https://acnhcdn.com/latest/FtrIcon/PosterNpcSpPlk.png,1000,250,Pink,Blue,Nook's Shopping - Posters
Penelope's poster,https://acnhcdn.com/latest/FtrIcon/PosterNpcNmlMus17.png,1000,250,Green,Red,Nook's Shopping - Posters
Pete's poster,https://acnhcdn.com/latest/FtrIcon/PosterNpcSpPlo.png,1000,250,Purple,Brown,Nook's Shopping - Posters
Phil's poster,https://acnhcdn.com/latest/FtrIcon/PosterNpcNmlOst07.png,1000,250,Beige,Green,Nook's Shopping - Posters
Phineas's poster,https://acnhcdn.com/latest/FtrIcon/PosterNpcSpFsl.png,1000,250,Red,Yellow,Nook's Shopping - Posters
Phoebe's poster,https://acnhcdn.com/latest/FtrIcon/PosterNpcNmlOst10.png,1000,250,Purple,Red,Nook's Shopping - Posters
Phyllis's poster,https://acnhcdn.com/latest/FtrIcon/PosterNpcSpPlm.png,1000,250,Light blue,Beige,Nook's Shopping - Posters
Pierce's poster,https://acnhcdn.com/latest/FtrIcon/PosterNpcNmlPbr02.png,1000,250,Colorful,Beige,Nook's Shopping - Posters
Pietro's poster,https://acnhcdn.com/latest/FtrIcon/PosterNpcNmlShp13.png,1000,250,Pink,Red,Nook's Shopping - Posters
Pinky's poster,https://acnhcdn.com/latest/FtrIcon/PosterNpcNmlBea01.png,1000,250,White,Green,Nook's Shopping - Posters
Piper's poster,https://acnhcdn.com/latest/FtrIcon/PosterNpcNmlBrd05.png,1000,250,Beige,Red,Nook's Shopping - Posters
Pippy's poster,https://acnhcdn.com/latest/FtrIcon/PosterNpcNmlRbt06.png,1000,250,Brown,Light blue,Nook's Shopping - Posters
Plucky's poster,https://acnhcdn.com/latest/FtrIcon/PosterNpcNmlChn10.png,1000,250,White,Pink,Nook's Shopping - Posters
Pompom's poster,https://acnhcdn.com/latest/FtrIcon/PosterNpcNmlDuk05.png,1000,250,Yellow,Brown,Nook's Shopping - Posters
Pompompurin poster,https://acnhcdn.com/latest/FtrIcon/PosterNpcNmlCbr18.png,1000,250,Blue,Green,Nook's Shopping - Posters
Poncho's poster,https://acnhcdn.com/latest/FtrIcon/PosterNpcNmlCbr02.png,1000,250,Red,Light blue,Nook's Shopping - Posters
Poppy's poster,https://acnhcdn.com/latest/FtrIcon/PosterNpcNmlSqu15.png,1000,250,Beige,Blue,Nook's Shopping - Posters
Porter's poster,https://acnhcdn.com/latest/FtrIcon/PosterNpcSpMnk.png,1000,250,White,Purple,Nook's Shopping - Posters
Portia's poster,https://acnhcdn.com/latest/FtrIcon/PosterNpcNmlDog05.png,1000,250,Green,Light blue,Nook's Shopping - Posters
Prince's poster,https://acnhcdn.com/latest/FtrIcon/PosterNpcNmlFlg12.png,1000,250,Blue,White,Nook's Shopping - Posters
Puck's poster,https://acnhcdn.com/latest/FtrIcon/PosterNpcNmlPgn06.png,1000,250,Pink,Green,Nook's Shopping - Posters
Puddles's poster,https://acnhcdn.com/latest/FtrIcon/PosterNpcNmlFlg06.png,1000,250,Orange,Green,Nook's Shopping - Posters
Pudge's poster,https://acnhcdn.com/latest/FtrIcon/PosterNpcNmlCbr03.png,1000,250,Black,White,Nook's Shopping - Posters
Punchy's poster,https://acnhcdn.com/latest/FtrIcon/PosterNpcNmlCat06.png,1000,250,Beige,Brown,Nook's Shopping - Posters
Purrl's poster,https://acnhcdn.com/latest/FtrIcon/PosterNpcNmlCat07.png,1000,250,Purple,Beige,Nook's Shopping - Posters
Queenie's poster,https://acnhcdn.com/latest/FtrIcon/PosterNpcNmlOst00.png,1000,250,Green,Gray,Nook's Shopping - Posters
Quillson's poster,https://acnhcdn.com/latest/FtrIcon/PosterNpcNmlDuk17.png,1000,250,Black,Yellow,Nook's Shopping - Posters
Raddle's poster,https://acnhcdn.com/latest/FtrIcon/PosterNpcNmlFlg15.png,1000,250,Red,Blue,Nook's Shopping - Posters
Rasher's poster,https://acnhcdn.com/latest/FtrIcon/PosterNpcNmlPig02.png,1000,250,Gray,Beige,Nook's Shopping - Posters
Raymond's poster,https://acnhcdn.com/latest/FtrIcon/PosterNpcNmlCat23.png,1000,250,Orange,Green,Nook's Shopping - Posters
Redd's poster,https://acnhcdn.com/latest/FtrIcon/PosterNpcSpFox.png,1000,250,Pink,Red,Nook's Shopping - Posters
Reese's poster,https://acnhcdn.com/latest/FtrIcon/PosterNpcSpAlw.png,1000,250,Pink,White,Nook's Shopping - Posters
Renée's poster,https://acnhcdn.com/latest/FtrIcon/PosterNpcNmlRhn08.png,1000,250,Black,Blue,Nook's Shopping - Posters
Reneigh's poster,https://acnhcdn.com/latest/FtrIcon/PosterNpcNmlHrs16.png,1000,250,Brown,Light blue,Nook's Shopping - Posters
Resetti's poster,https://acnhcdn.com/latest/FtrIcon/PosterNpcSpMol.png,1000,250,Brown,Light blue,Nook's Shopping - Posters
Rex's poster,https://acnhcdn.com/latest/FtrIcon/PosterNpcNmlLon02.png,1000,250,White,Purple,Nook's Shopping - Posters
Rhonda's poster,https://acnhcdn.com/latest/FtrIcon/PosterNpcNmlRhn01.png,1000,250,Gray,Yellow,Nook's Shopping - Posters
Ribbot's poster,https://acnhcdn.com/latest/FtrIcon/PosterNpcNmlFlg01.png,1000,250,Orange,Blue,Nook's Shopping - Posters
Ricky's poster,https://acnhcdn.com/latest/FtrIcon/PosterNpcNmlSqu10.png,1000,250,Purple,Blue,Nook's Shopping - Posters
Rizzo's poster,https://acnhcdn.com/latest/FtrIcon/PosterNpcNmlMus09.png,1000,250,Blue,Red,Nook's Shopping - Posters
Roald's poster,https://acnhcdn.com/latest/FtrIcon/PosterNpcNmlPgn01.png,1000,250,Blue,Yellow,Nook's Shopping - Posters
Robin's poster,https://acnhcdn.com/latest/FtrIcon/PosterNpcNmlBrd01.png,1000,250,Green,Black,Nook's Shopping - Posters
Rocco's poster,https://acnhcdn.com/latest/FtrIcon/PosterNpcNmlHip00.png,1000,250,Pink,Light blue,Nook's Shopping - Posters
Rocket's poster,https://acnhcdn.com/latest/FtrIcon/PosterNpcNmlGor09.png,1000,250,Purple,Light blue,Nook's Shopping - Posters
Rod's poster,https://acnhcdn.com/latest/FtrIcon/PosterNpcNmlMus05.png,1000,250,Gray,Black,Nook's Shopping - Posters
Rodeo's poster,https://acnhcdn.com/latest/FtrIcon/PosterNpcNmlBul01.png,1000,250,Light blue,Beige,Nook's Shopping - Posters
Rodney's poster,https://acnhcdn.com/latest/FtrIcon/PosterNpcNmlHam03.png,1000,250,White,Blue,Nook's Shopping - Posters
Rolf's poster,https://acnhcdn.com/latest/FtrIcon/PosterNpcNmlTig00.png,1000,250,Light blue,Black,Nook's Shopping - Posters
Rooney's poster,https://acnhcdn.com/latest/FtrIcon/PosterNpcNmlKgr09.png,1000,250,Orange,Light blue,Nook's Shopping - Posters
Rory's poster,https://acnhcdn.com/latest/FtrIcon/PosterNpcNmlLon07.png,1000,250,Black,Gray,Nook's Shopping - Posters
Roscoe's poster,https://acnhcdn.com/latest/FtrIcon/PosterNpcNmlHrs04.png,1000,250,Blue,Pink,Nook's Shopping - Posters
Rosie's poster,https://acnhcdn.com/latest/FtrIcon/PosterNpcNmlCat02.png,1000,250,Blue,Red,Nook's Shopping - Posters
Rover's poster,https://acnhcdn.com/latest/FtrIcon/PosterNpcSpXct.png,1000,250,Orange,Light blue,Nook's Shopping - Posters
Rowan's poster,https://acnhcdn.com/latest/FtrIcon/PosterNpcNmlTig01.png,1000,250,White,Blue,Nook's Shopping - Posters
Ruby's poster,https://acnhcdn.com/latest/FtrIcon/PosterNpcNmlRbt09.png,1000,250,Brown,Colorful,Nook's Shopping - Posters
Rudy's poster,https://acnhcdn.com/latest/FtrIcon/PosterNpcNmlCat20.png,1000,250,Brown,Green,Nook's Shopping - Posters
Sable's poster,https://acnhcdn.com/latest/FtrIcon/PosterNpcSpHgs.png,1000,250,Beige,Light blue,Nook's Shopping - Posters
Saharah's poster,https://acnhcdn.com/latest/FtrIcon/PosterNpcSpCml.png,1000,250,Orange,Green,Nook's Shopping - Posters
Sally's poster,https://acnhcdn.com/latest/FtrIcon/PosterNpcNmlSqu07.png,1000,250,Gray,Green,Nook's Shopping - Posters
Samson's poster,https://acnhcdn.com/latest/FtrIcon/PosterNpcNmlMus04.png,1000,250,Orange,Blue,Nook's Shopping - Posters
Sandy's poster,https://acnhcdn.com/latest/FtrIcon/PosterNpcNmlOst02.png,1000,250,White,Red,Nook's Shopping - Posters
Savannah's poster,https://acnhcdn.com/latest/FtrIcon/PosterNpcNmlHrs02.png,1000,250,Green,Blue,Nook's Shopping - Posters
Scoot's poster,https://acnhcdn.com/latest/FtrIcon/PosterNpcNmlDuk10.png,1000,250,Gray,Green,Nook's Shopping - Posters
Shari's poster,https://acnhcdn.com/latest/FtrIcon/PosterNpcNmlMnk07.png,1000,250,Yellow,Red,Nook's Shopping - Posters
Sheldon's poster,https://acnhcdn.com/latest/FtrIcon/PosterNpcNmlSqu16.png,1000,250,Brown,Beige,Nook's Shopping - Posters
Shep's poster,https://acnhcdn.com/latest/FtrIcon/PosterNpcNmlDog18.png,1000,250,Light blue,Pink,Nook's Shopping - Posters
Sherb's poster,https://acnhcdn.com/latest/FtrIcon/PosterNpcNmlGoa09.png,1000,250,Red,Colorful,Nook's Shopping - Posters
Shrunk's poster,https://acnhcdn.com/latest/FtrIcon/PosterNpcSpUpa.png,1000,250,Yellow,Red,Nook's Shopping - Posters
Simon's poster,https://acnhcdn.com/latest/FtrIcon/PosterNpcNmlMnk02.png,1000,250,Light blue,Red,Nook's Shopping - Posters
Skye's poster,https://acnhcdn.com/latest/FtrIcon/PosterNpcNmlWol09.png,1000,250,Orange,Brown,Nook's Shopping - Posters
Sly's poster,https://acnhcdn.com/latest/FtrIcon/PosterNpcNmlCrd06.png,1000,250,Pink,Blue,Nook's Shopping - Posters
Snake's poster,https://acnhcdn.com/latest/FtrIcon/PosterNpcNmlRbt03.png,1000,250,Pink,Green,Nook's Shopping - Posters
Snooty's poster,https://acnhcdn.com/latest/FtrIcon/PosterNpcNmlAnt06.png,1000,250,Orange,Light blue,Nook's Shopping - Posters
Soleil's poster,https://acnhcdn.com/latest/FtrIcon/PosterNpcNmlHam04.png,1000,250,Brown,Blue,Nook's Shopping - Posters
Sparro's poster,https://acnhcdn.com/latest/FtrIcon/PosterNpcNmlBrd18.png,1000,250,Orange,Black,Nook's Shopping - Posters
Spike's poster,https://acnhcdn.com/latest/FtrIcon/PosterNpcNmlRhn02.png,1000,250,White,Pink,Nook's Shopping - Posters
Spork's poster,https://acnhcdn.com/latest/FtrIcon/PosterNpcNmlPig05.png,1000,250,Green,Black,Nook's Shopping - Posters
Sprinkle's poster,https://acnhcdn.com/latest/FtrIcon/PosterNpcNmlPgn14.png,1000,250,Purple,Brown,Nook's Shopping - Posters
Sprocket's poster,https://acnhcdn.com/latest/FtrIcon/PosterNpcNmlOst03.png,1000,250,Pink,Light blue,Nook's Shopping - Posters
Static's poster,https://acnhcdn.com/latest/FtrIcon/PosterNpcNmlSqu08.png,1000,250,Gray,Blue,Nook's Shopping - Posters
Stella's poster,https://acnhcdn.com/latest/FtrIcon/PosterNpcNmlShp03.png,1000,250,Red,Gray,Nook's Shopping - Posters
Sterling's poster,https://acnhcdn.com/latest/FtrIcon/PosterNpcNmlPbr07.png,1000,250,Colorful,Light blue,Nook's Shopping - Posters
Stinky's poster,https://acnhcdn.com/latest/FtrIcon/PosterNpcNmlCat13.png,1000,250,Blue,Blue,Nook's Shopping - Posters
Stitches's poster,https://acnhcdn.com/latest/FtrIcon/PosterNpcNmlCbr05.png,1000,250,Purple,Yellow,Nook's Shopping - Posters
Stu's poster,https://acnhcdn.com/latest/FtrIcon/PosterNpcNmlBul03.png,1000,250,Brown,Purple,Nook's Shopping - Posters
Sydney's poster,https://acnhcdn.com/latest/FtrIcon/PosterNpcNmlKal03.png,1000,250,Purple,Orange,Nook's Shopping - Posters
Sylvana's poster,https://acnhcdn.com/latest/FtrIcon/PosterNpcNmlSqu14.png,1000,250,Gray,Blue,Nook's Shopping - Posters
Sylvia's poster,https://acnhcdn.com/latest/FtrIcon/PosterNpcNmlKgr06.png,1000,250,Orange,Black,Nook's Shopping - Posters
T-Bone's poster,https://acnhcdn.com/latest/FtrIcon/PosterNpcNmlBul05.png,1000,250,Green,Blue,Nook's Shopping - Posters
Tabby's poster,https://acnhcdn.com/latest/FtrIcon/PosterNpcNmlCat12.png,1000,250,Yellow,Purple,Nook's Shopping - Posters
Tad's poster,https://acnhcdn.com/latest/FtrIcon/PosterNpcNmlFlg09.png,1000,250,Yellow,Light blue,Nook's Shopping - Posters
Tammi's poster,https://acnhcdn.com/latest/FtrIcon/PosterNpcNmlMnk03.png,1000,250,Orange,Green,Nook's Shopping - Posters
Tammy's poster,https://acnhcdn.com/latest/FtrIcon/PosterNpcNmlCbr17.png,1000,250,Gray,Red,Nook's Shopping - Posters
Tangy's poster,https://acnhcdn.com/latest/FtrIcon/PosterNpcNmlCat05.png,1000,250,Black,Brown,Nook's Shopping - Posters
Tank's poster,https://acnhcdn.com/latest/FtrIcon/PosterNpcNmlRhn00.png,1000,250,Orange,Colorful,Nook's Shopping - Posters
Tasha's poster,https://acnhcdn.com/latest/FtrIcon/PosterNpcNmlSqu13.png,1000,250,Black,Gray,Nook's Shopping - Posters
Teddy's poster,https://acnhcdn.com/latest/FtrIcon/PosterNpcNmlBea00.png,1000,250,White,Light blue,Nook's Shopping - Posters
Tex's poster,https://acnhcdn.com/latest/FtrIcon/PosterNpcNmlPgn12.png,1000,250,White,Black,Nook's Shopping - Posters
Tia's poster,https://acnhcdn.com/latest/FtrIcon/PosterNpcNmlElp10.png,1000,250,Brown,Blue,Nook's Shopping - Posters
Tiffany's poster,https://acnhcdn.com/latest/FtrIcon/PosterNpcNmlRbt07.png,1000,250,Brown,Green,Nook's Shopping - Posters
Timbra's poster,https://acnhcdn.com/latest/FtrIcon/PosterNpcNmlShp10.png,1000,250,White,Pink,Nook's Shopping - Posters
Timmy's poster,https://acnhcdn.com/latest/FtrIcon/PosterNpcSpRcm.png,1000,250,Brown,Green,Nook's Shopping - Posters
Tipper's poster,https://acnhcdn.com/latest/FtrIcon/PosterNpcNmlCow01.png,1000,250,Blue,Black,Nook's Shopping - Posters
Tom Nook's poster,https://acnhcdn.com/latest/FtrIcon/PosterNpcSpRco.png,1000,250,Brown,Green,Nook's Shopping - Posters
Tom's poster,https://acnhcdn.com/latest/FtrIcon/PosterNpcNmlCat15.png,1000,250,Green,Blue,Nook's Shopping - Posters
Tommy's poster,https://acnhcdn.com/latest/FtrIcon/PosterNpcSpRct.png,1000,250,Pink,Orange,Nook's Shopping - Posters
Tortimer's poster,https://acnhcdn.com/latest/FtrIcon/PosterNpcSpTtlA.png,1000,250,Orange,Yellow,Nook's Shopping - Posters
Truffles's poster,https://acnhcdn.com/latest/FtrIcon/PosterNpcNmlPig01.png,1000,250,White,Red,Nook's Shopping - Posters
Tucker's poster,https://acnhcdn.com/latest/FtrIcon/PosterNpcNmlElp09.png,1000,250,Yellow,Light blue,Nook's Shopping - Posters
Tutu's poster,https://acnhcdn.com/latest/FtrIcon/PosterNpcNmlBea07.png,1000,250,Orange,Orange,Nook's Shopping - Posters
Twiggy's poster,https://acnhcdn.com/latest/FtrIcon/PosterNpcNmlBrd03.png,1000,250,Pink,Yellow,Nook's Shopping - Posters
Tybalt's poster,https://acnhcdn.com/latest/FtrIcon/PosterNpcNmlTig02.png,1000,250,Pink,Brown,Nook's Shopping - Posters
Ursala's poster,https://acnhcdn.com/latest/FtrIcon/PosterNpcNmlBea08.png,1000,250,White,Black,Nook's Shopping - Posters
Velma's poster,https://acnhcdn.com/latest/FtrIcon/PosterNpcNmlGoa06.png,1000,250,Brown,Black,Nook's Shopping - Posters
Vesta's poster,https://acnhcdn.com/latest/FtrIcon/PosterNpcNmlShp00.png,1000,250,Yellow,Green,Nook's Shopping - Posters
Vic's poster,https://acnhcdn.com/latest/FtrIcon/PosterNpcNmlBul08.png,1000,250,Red,Yellow,Nook's Shopping - Posters
Victoria's poster,https://acnhcdn.com/latest/FtrIcon/PosterNpcNmlHrs01.png,1000,250,Pink,Green,Nook's Shopping - Posters
Villager's poster,https://acnhcdn.com/latest/FtrIcon/PosterVillager.png,1000,250,Brown,Beige,Nook's Shopping - Posters
Violet's poster,https://acnhcdn.com/latest/FtrIcon/PosterNpcNmlGor07.png,1000,250,Pink,Gray,Nook's Shopping - Posters
Vivian's poster,https://acnhcdn.com/latest/FtrIcon/PosterNpcNmlWol08.png,1000,250,Black,Blue,Nook's Shopping - Posters
Vladimir's poster,https://acnhcdn.com/latest/FtrIcon/PosterNpcNmlCbr06.png,1000,250,Gray,Green,Nook's Shopping - Posters
Wade's poster,https://acnhcdn.com/latest/FtrIcon/PosterNpcNmlPgn09.png,1000,250,Gray,Brown,Nook's Shopping - Posters
Walker's poster,https://acnhcdn.com/latest/FtrIcon/PosterNpcNmlDog06.png,1000,250,Orange,Green,Nook's Shopping - Posters
Walt's poster,https://acnhcdn.com/latest/FtrIcon/PosterNpcNmlKgr08.png,1000,250,Pink,Beige,Nook's Shopping - Posters
Wart Jr.'s poster,https://acnhcdn.com/latest/FtrIcon/PosterNpcNmlFlg05.png,1000,250,Light blue,Beige,Nook's Shopping - Posters
Weber's poster,https://acnhcdn.com/latest/FtrIcon/PosterNpcNmlDuk11.png,1000,250,Red,Light blue,Nook's Shopping - Posters
Wendell's poster,https://acnhcdn.com/latest/FtrIcon/PosterNpcSpWrl.png,1000,250,Light blue,Brown,Nook's Shopping - Posters
Wendy's poster,https://acnhcdn.com/latest/FtrIcon/PosterNpcNmlShp09.png,1000,250,Yellow,Pink,Nook's Shopping - Posters
Whitney's poster,https://acnhcdn.com/latest/FtrIcon/PosterNpcNmlWol03.png,1000,250,Beige,Light blue,Nook's Shopping - Posters
Willow's poster,https://acnhcdn.com/latest/FtrIcon/PosterNpcNmlShp07.png,1000,250,Blue,Brown,Nook's Shopping - Posters
Winnie's poster,https://acnhcdn.com/latest/FtrIcon/PosterNpcNmlHrs05.png,1000,250,Blue,Green,Nook's Shopping - Posters
Wolfgang's poster,https://acnhcdn.com/latest/FtrIcon/PosterNpcNmlWol02.png,1000,250,Black,White,Nook's Shopping - Posters
Yuka's poster,https://acnhcdn.com/latest/FtrIcon/PosterNpcNmlKal00.png,1000,250,Yellow,Pink,Nook's Shopping - Posters
Zell's poster,https://acnhcdn.com/latest/FtrIcon/PosterNpcNmlDer02.png,1000,250,Beige,Blue,Nook's Shopping - Posters
Zipper's poster,https://acnhcdn.com/latest/FtrIcon/PosterNpcSpPyn.png,1000,250,Yellow,Pink,Nook's Shopping - Posters
Zucker's poster,https://acnhcdn.com/latest/FtrIcon/PosterNpcNmlOcp02.png,1000,250,Beige,Blue,Nook's Shopping - Posters
