Name,Image,Variation,DIY,Buy,Sell,Color1,Color2,Source,SourceNotes,Style,LabelThemes,Catalog
aerobics leggings,https://acnhcdn.com/latest/ClosetIcon/SocksTexAerobics0.png,red & pink,No,700,175,pink,red,Kicks,,active,sporty,fs
aerobics leggings,https://acnhcdn.com/latest/ClosetIcon/SocksTexAerobics1.png,emerald & lime,No,700,175,green,light blue,Kicks,,active,sporty,fs
aerobics leggings,https://acnhcdn.com/latest/ClosetIcon/SocksTexAerobics2.png,purple & orange,No,700,175,orange,purple,Kicks,,active,sporty,fs
aerobics leggings,https://acnhcdn.com/latest/ClosetIcon/SocksTexAerobics3.png,light blue & salmon pink,No,700,175,pink,light blue,Kicks,,active,sporty,fs
aerobics leggings,https://acnhcdn.com/latest/ClosetIcon/SocksTexAerobics4.png,yellow & blue,No,700,175,blue,yellow,Kicks,,active,sporty,fs
aran-knit socks,https://acnhcdn.com/latest/ClosetIcon/SocksTexAlan0.png,beige,No,720,180,beige,beige,Able Sisters,Available from either Mable's temporary shop or Able Sisters shop,simple,everyday; comfy,fs
aran-knit socks,https://acnhcdn.com/latest/ClosetIcon/SocksTexAlan1.png,white,No,720,180,white,white,Able Sisters,Available from either Mable's temporary shop or Able Sisters shop,simple,everyday; comfy,fs
aran-knit socks,https://acnhcdn.com/latest/ClosetIcon/SocksTexAlan2.png,red,No,720,180,red,red,Able Sisters,Available from either Mable's temporary shop or Able Sisters shop,simple,everyday; comfy,fs
aran-knit socks,https://acnhcdn.com/latest/ClosetIcon/SocksTexAlan3.png,green,No,720,180,green,green,Able Sisters,Available from either Mable's temporary shop or Able Sisters shop,simple,everyday; comfy,fs
aran-knit socks,https://acnhcdn.com/latest/ClosetIcon/SocksTexAlan4.png,blue,No,720,180,blue,blue,Able Sisters,Available from either Mable's temporary shop or Able Sisters shop,simple,everyday; comfy,fs
aran-knit socks,https://acnhcdn.com/latest/ClosetIcon/SocksTexAlan5.png,black,No,720,180,black,black,Able Sisters,Available from either Mable's temporary shop or Able Sisters shop,simple,everyday; comfy,fs
argyle crew socks,https://acnhcdn.com/latest/ClosetIcon/SocksTexArgyle0.png,blue,No,720,180,blue,light blue,Able Sisters,Available from Able Sisters shop only,elegant,everyday; formal; work,fs
argyle crew socks,https://acnhcdn.com/latest/ClosetIcon/SocksTexArgyle1.png,red,No,720,180,red,white,Able Sisters,Available from Able Sisters shop only,elegant,everyday; formal; work,fs
argyle crew socks,https://acnhcdn.com/latest/ClosetIcon/SocksTexArgyle2.png,green,No,720,180,green,yellow,Able Sisters,Available from Able Sisters shop only,elegant,everyday; formal; work,fs
argyle crew socks,https://acnhcdn.com/latest/ClosetIcon/SocksTexArgyle3.png,beige,No,720,180,beige,brown,Able Sisters,Available from Able Sisters shop only,elegant,everyday; formal; work,fs
argyle crew socks,https://acnhcdn.com/latest/ClosetIcon/SocksTexArgyle4.png,gray,No,720,180,gray,pink,Able Sisters,Available from Able Sisters shop only,elegant,everyday; formal; work,fs
argyle crew socks,https://acnhcdn.com/latest/ClosetIcon/SocksTexArgyle5.png,white,No,720,180,white,red,Able Sisters,Available from Able Sisters shop only,elegant,everyday; formal; work,fs
argyle crew socks,https://acnhcdn.com/latest/ClosetIcon/SocksTexArgyle6.png,orange,No,720,180,orange,white,Able Sisters,Available from Able Sisters shop only,elegant,everyday; formal; work,fs
argyle crew socks,https://acnhcdn.com/latest/ClosetIcon/SocksTexArgyle7.png,pink,No,720,180,pink,white,Able Sisters,Available from Able Sisters shop only,elegant,everyday; formal; work,fs
back-bow socks,https://acnhcdn.com/latest/ClosetIcon/SocksTexRibbon0.png,pink,No,600,150,pink,black,Kicks,,cute,everyday; fairy tale; party; vacation,fs
back-bow socks,https://acnhcdn.com/latest/ClosetIcon/SocksTexRibbon1.png,yellow,No,600,150,yellow,green,Kicks,,cute,everyday; fairy tale; party; vacation,fs
back-bow socks,https://acnhcdn.com/latest/ClosetIcon/SocksTexRibbon2.png,black,No,600,150,black,white,Kicks,,cute,everyday; fairy tale; party; vacation,fs
back-bow socks,https://acnhcdn.com/latest/ClosetIcon/SocksTexRibbon3.png,white,No,600,150,white,pink,Kicks,,cute,everyday; fairy tale; party; vacation,fs
back-bow socks,https://acnhcdn.com/latest/ClosetIcon/SocksTexRibbon4.png,blue,No,600,150,light blue,yellow,Kicks,,cute,everyday; fairy tale; party; vacation,fs
back-bow socks,https://acnhcdn.com/latest/ClosetIcon/SocksTexRibbon5.png,peacock blue,No,600,150,green,pink,Kicks,,cute,everyday; fairy tale; party; vacation,fs
bobby socks,https://acnhcdn.com/latest/ClosetIcon/SocksTexFolded0.png,white,No,480,120,white,white,Able Sisters,Available from either Mable's temporary shop or Able Sisters shop,elegant,formal; work,fs
bobby socks,https://acnhcdn.com/latest/ClosetIcon/SocksTexFolded1.png,gray,No,480,120,gray,gray,Able Sisters,Available from either Mable's temporary shop or Able Sisters shop,elegant,formal; work,fs
bobby socks,https://acnhcdn.com/latest/ClosetIcon/SocksTexFolded2.png,black,No,480,120,black,black,Able Sisters,Available from either Mable's temporary shop or Able Sisters shop,elegant,formal; work,fs
bobby socks,https://acnhcdn.com/latest/ClosetIcon/SocksTexFolded3.png,brown,No,480,120,brown,brown,Able Sisters,Available from either Mable's temporary shop or Able Sisters shop,elegant,formal; work,fs
color-blocked socks,https://acnhcdn.com/latest/ClosetIcon/SocksTexMultiblock0.png,purple,No,840,210,purple,colorful,Kicks,,cute,everyday,fs
color-blocked socks,https://acnhcdn.com/latest/ClosetIcon/SocksTexMultiblock1.png,green,No,840,210,green,colorful,Kicks,,cute,everyday,fs
color-blocked socks,https://acnhcdn.com/latest/ClosetIcon/SocksTexMultiblock2.png,brown,No,840,210,brown,colorful,Kicks,,cute,everyday,fs
color-blocked socks,https://acnhcdn.com/latest/ClosetIcon/SocksTexMultiblock3.png,blue,No,840,210,blue,colorful,Kicks,,cute,everyday,fs
color-blocked socks,https://acnhcdn.com/latest/ClosetIcon/SocksTexMultiblock4.png,beige,No,840,210,beige,colorful,Kicks,,cute,everyday,fs
color-blocked socks,https://acnhcdn.com/latest/ClosetIcon/SocksTexMultiblock5.png,white,No,840,210,white,colorful,Kicks,,cute,everyday,fs
color-blocked socks,https://acnhcdn.com/latest/ClosetIcon/SocksTexMultiblock6.png,lime,No,840,210,green,colorful,Kicks,,cute,everyday,fs
color-blocked socks,https://acnhcdn.com/latest/ClosetIcon/SocksTexMultiblock7.png,pink,No,840,210,pink,colorful,Kicks,,cute,everyday,fs
compression tights,https://acnhcdn.com/latest/ClosetIcon/SocksTexCompression0.png,blue,No,600,150,black,blue,Kicks,,active,outdoorsy; sporty; work,fs
compression tights,https://acnhcdn.com/latest/ClosetIcon/SocksTexCompression1.png,yellow,No,600,150,black,yellow,Kicks,,active,outdoorsy; sporty; work,fs
compression tights,https://acnhcdn.com/latest/ClosetIcon/SocksTexCompression2.png,pink,No,600,150,black,pink,Kicks,,active,outdoorsy; sporty; work,fs
compression tights,https://acnhcdn.com/latest/ClosetIcon/SocksTexCompression3.png,mint,No,600,150,black,green,Kicks,,active,outdoorsy; sporty; work,fs
compression tights,https://acnhcdn.com/latest/ClosetIcon/SocksTexCompression4.png,red,No,600,150,black,red,Kicks,,active,outdoorsy; sporty; work,fs
country socks,https://acnhcdn.com/latest/ClosetIcon/SocksTexCountry0.png,red ribbons,No,720,180,white,red,Able Sisters,Available from Able Sisters shop only,elegant,formal; work,fs
country socks,https://acnhcdn.com/latest/ClosetIcon/SocksTexCountry1.png,green ribbons,No,720,180,white,green,Able Sisters,Available from Able Sisters shop only,elegant,formal; work,fs
country socks,https://acnhcdn.com/latest/ClosetIcon/SocksTexCountry2.png,blue ribbons,No,720,180,white,blue,Able Sisters,Available from Able Sisters shop only,elegant,formal; work,fs
country socks,https://acnhcdn.com/latest/ClosetIcon/SocksTexCountry3.png,black ribbons,No,720,180,white,black,Able Sisters,Available from Able Sisters shop only,elegant,formal; work,fs
crocheted socks,https://acnhcdn.com/latest/ClosetIcon/SocksTexCrocheting0.png,beige,No,600,150,beige,beige,Able Sisters,Available from either Mable's temporary shop or Able Sisters shop,elegant,everyday; comfy,fs
crocheted socks,https://acnhcdn.com/latest/ClosetIcon/SocksTexCrocheting1.png,gray,No,600,150,gray,gray,Able Sisters,Available from either Mable's temporary shop or Able Sisters shop,elegant,everyday; comfy,fs
crocheted socks,https://acnhcdn.com/latest/ClosetIcon/SocksTexCrocheting2.png,purple,No,600,150,pink,pink,Able Sisters,Available from either Mable's temporary shop or Able Sisters shop,elegant,everyday; comfy,fs
crocheted socks,https://acnhcdn.com/latest/ClosetIcon/SocksTexCrocheting3.png,blue,No,600,150,light blue,light blue,Able Sisters,Available from either Mable's temporary shop or Able Sisters shop,elegant,everyday; comfy,fs
denim leggings,https://acnhcdn.com/latest/ClosetIcon/SocksTexDenimleggings0.png,blue,No,540,135,blue,blue,Able Sisters,Available from either Mable's temporary shop or Able Sisters shop,simple,everyday; outdoorsy; sporty,fs
denim leggings,https://acnhcdn.com/latest/ClosetIcon/SocksTexDenimleggings1.png,indigo blue,No,540,135,blue,blue,Able Sisters,Available from either Mable's temporary shop or Able Sisters shop,simple,everyday; outdoorsy; sporty,fs
denim leggings,https://acnhcdn.com/latest/ClosetIcon/SocksTexDenimleggings2.png,saxon blue,No,540,135,light blue,light blue,Able Sisters,Available from either Mable's temporary shop or Able Sisters shop,simple,everyday; outdoorsy; sporty,fs
denim leggings,https://acnhcdn.com/latest/ClosetIcon/SocksTexDenimleggings3.png,light blue,No,540,135,light blue,light blue,Able Sisters,Available from either Mable's temporary shop or Able Sisters shop,simple,everyday; outdoorsy; sporty,fs
dotted knee-high socks,https://acnhcdn.com/latest/ClosetIcon/SocksTexDotknee0.png,black,No,720,180,black,black,Able Sisters,Available from Able Sisters shop only,cute,everyday,fs
dotted knee-high socks,https://acnhcdn.com/latest/ClosetIcon/SocksTexDotknee1.png,yellow,No,720,180,yellow,yellow,Able Sisters,Available from Able Sisters shop only,cute,everyday,fs
dotted knee-high socks,https://acnhcdn.com/latest/ClosetIcon/SocksTexDotknee2.png,cyan,No,720,180,green,green,Able Sisters,Available from Able Sisters shop only,cute,everyday,fs
dotted knee-high socks,https://acnhcdn.com/latest/ClosetIcon/SocksTexDotknee3.png,gray,No,720,180,gray,gray,Able Sisters,Available from Able Sisters shop only,cute,everyday,fs
embroidered-flower tights,https://acnhcdn.com/latest/ClosetIcon/SocksTexEmbroidery0.png,brown,No,1000,250,brown,red,Able Sisters,Available from Able Sisters shop only,cute,everyday; fairy tale; party,fs
embroidered-flower tights,https://acnhcdn.com/latest/ClosetIcon/SocksTexEmbroidery1.png,black,No,1000,250,black,white,Able Sisters,Available from Able Sisters shop only,cute,everyday; fairy tale; party,fs
embroidered-flower tights,https://acnhcdn.com/latest/ClosetIcon/SocksTexEmbroidery2.png,green,No,1000,250,green,yellow,Able Sisters,Available from Able Sisters shop only,cute,everyday; fairy tale; party,fs
embroidered-flower tights,https://acnhcdn.com/latest/ClosetIcon/SocksTexEmbroidery3.png,beige,No,1000,250,beige,red,Able Sisters,Available from Able Sisters shop only,cute,everyday; fairy tale; party,fs
embroidered-flower tights,https://acnhcdn.com/latest/ClosetIcon/SocksTexEmbroidery4.png,blue,No,1000,250,blue,orange,Able Sisters,Available from Able Sisters shop only,cute,everyday; fairy tale; party,fs
embroidered-flower tights,https://acnhcdn.com/latest/ClosetIcon/SocksTexEmbroidery5.png,purple,No,1000,250,purple,pink,Able Sisters,Available from Able Sisters shop only,cute,everyday; fairy tale; party,fs
everyday socks,https://acnhcdn.com/latest/ClosetIcon/SocksTexDailysocks0.png,brown,No,600,150,brown,brown,Able Sisters,Available from either Mable's temporary shop or Able Sisters shop,simple,everyday; work,fs
everyday socks,https://acnhcdn.com/latest/ClosetIcon/SocksTexDailysocks1.png,black,No,600,150,black,black,Able Sisters,Available from either Mable's temporary shop or Able Sisters shop,simple,everyday; work,fs
everyday socks,https://acnhcdn.com/latest/ClosetIcon/SocksTexDailysocks2.png,navy blue,No,600,150,blue,blue,Able Sisters,Available from either Mable's temporary shop or Able Sisters shop,simple,everyday; work,fs
everyday socks,https://acnhcdn.com/latest/ClosetIcon/SocksTexDailysocks3.png,gray,No,600,150,gray,gray,Able Sisters,Available from either Mable's temporary shop or Able Sisters shop,simple,everyday; work,fs
everyday socks,https://acnhcdn.com/latest/ClosetIcon/SocksTexDailysocks4.png,beige,No,600,150,beige,beige,Able Sisters,Available from either Mable's temporary shop or Able Sisters shop,simple,everyday; work,fs
everyday socks,https://acnhcdn.com/latest/ClosetIcon/SocksTexDailysocks5.png,white,No,600,150,white,white,Able Sisters,Available from either Mable's temporary shop or Able Sisters shop,simple,everyday; work,fs
everyday tights,https://acnhcdn.com/latest/ClosetIcon/SocksTexDailytights0.png,black,No,720,180,black,black,Able Sisters,Available from either Mable's temporary shop or Able Sisters shop,simple,everyday; work,fs
everyday tights,https://acnhcdn.com/latest/ClosetIcon/SocksTexDailytights1.png,light gray,No,720,180,gray,gray,Able Sisters,Available from either Mable's temporary shop or Able Sisters shop,simple,everyday; work,fs
everyday tights,https://acnhcdn.com/latest/ClosetIcon/SocksTexDailytights2.png,gray,No,720,180,gray,gray,Able Sisters,Available from either Mable's temporary shop or Able Sisters shop,simple,everyday; work,fs
everyday tights,https://acnhcdn.com/latest/ClosetIcon/SocksTexDailytights3.png,white,No,720,180,white,white,Able Sisters,Available from either Mable's temporary shop or Able Sisters shop,simple,everyday; work,fs
everyday tights,https://acnhcdn.com/latest/ClosetIcon/SocksTexDailytights4.png,navy blue,No,720,180,blue,blue,Able Sisters,Available from either Mable's temporary shop or Able Sisters shop,simple,everyday; work,fs
everyday tights,https://acnhcdn.com/latest/ClosetIcon/SocksTexDailytights5.png,beige,No,720,180,beige,beige,Able Sisters,Available from either Mable's temporary shop or Able Sisters shop,simple,everyday; work,fs
fishnet tights,https://acnhcdn.com/latest/ClosetIcon/SocksTexAmitights0.png,black,No,480,120,black,black,Able Sisters,Available from Able Sisters shop only,elegant,party; theatrical,fs
fishnet tights,https://acnhcdn.com/latest/ClosetIcon/SocksTexAmitights1.png,white,No,480,120,white,white,Able Sisters,Available from Able Sisters shop only,elegant,party; theatrical,fs
fishnet tights,https://acnhcdn.com/latest/ClosetIcon/SocksTexAmitights2.png,red,No,480,120,red,red,Able Sisters,Available from Able Sisters shop only,elegant,party; theatrical,fs
flowery-dot tights,https://acnhcdn.com/latest/ClosetIcon/SocksTexFlowerdot0.png,white,No,720,180,white,white,Able Sisters,Available from Able Sisters shop only,elegant,fairy tale; formal; party; theatrical,fs
flowery-dot tights,https://acnhcdn.com/latest/ClosetIcon/SocksTexFlowerdot1.png,pink,No,720,180,pink,white,Able Sisters,Available from Able Sisters shop only,elegant,fairy tale; formal; party; theatrical,fs
flowery-dot tights,https://acnhcdn.com/latest/ClosetIcon/SocksTexFlowerdot2.png,blue,No,720,180,light blue,white,Able Sisters,Available from Able Sisters shop only,elegant,fairy tale; formal; party; theatrical,fs
flowery-dot tights,https://acnhcdn.com/latest/ClosetIcon/SocksTexFlowerdot3.png,yellow,No,720,180,yellow,white,Able Sisters,Available from Able Sisters shop only,elegant,fairy tale; formal; party; theatrical,fs
flowery-dot tights,https://acnhcdn.com/latest/ClosetIcon/SocksTexFlowerdot4.png,black,No,720,180,black,black,Able Sisters,Available from Able Sisters shop only,elegant,fairy tale; formal; party; theatrical,fs
frilly knee-high socks,https://acnhcdn.com/latest/ClosetIcon/SocksTexFrilledknee0.png,black,No,840,210,black,white,Kicks,,cute,everyday; fairy tale; party; theatrical,fs
frilly knee-high socks,https://acnhcdn.com/latest/ClosetIcon/SocksTexFrilledknee1.png,green,No,840,210,green,white,Kicks,,cute,everyday; fairy tale; party; theatrical,fs
frilly knee-high socks,https://acnhcdn.com/latest/ClosetIcon/SocksTexFrilledknee2.png,red,No,840,210,red,white,Kicks,,cute,everyday; fairy tale; party; theatrical,fs
frilly knee-high socks,https://acnhcdn.com/latest/ClosetIcon/SocksTexFrilledknee3.png,brown,No,840,210,orange,white,Kicks,,cute,everyday; fairy tale; party; theatrical,fs
frilly knee-high socks,https://acnhcdn.com/latest/ClosetIcon/SocksTexFrilledknee4.png,mint,No,840,210,light blue,white,Kicks,,cute,everyday; fairy tale; party; theatrical,fs
frilly knee-high socks,https://acnhcdn.com/latest/ClosetIcon/SocksTexFrilledknee5.png,pink,No,840,210,pink,white,Kicks,,cute,everyday; fairy tale; party; theatrical,fs
frilly knee-high socks,https://acnhcdn.com/latest/ClosetIcon/SocksTexFrilledknee6.png,purple,No,840,210,purple,white,Kicks,,cute,everyday; fairy tale; party; theatrical,fs
frilly knee-high socks,https://acnhcdn.com/latest/ClosetIcon/SocksTexFrilledknee7.png,yellow,No,840,210,yellow,white,Kicks,,cute,everyday; fairy tale; party; theatrical,fs
frilly socks,https://acnhcdn.com/latest/ClosetIcon/SocksTexFrilled0.png,white,No,720,180,white,white,Able Sisters,Available from Able Sisters shop only,cute,everyday; fairy tale; formal; party,fs
frilly socks,https://acnhcdn.com/latest/ClosetIcon/SocksTexFrilled1.png,yellow,No,720,180,yellow,white,Able Sisters,Available from Able Sisters shop only,cute,everyday; fairy tale; formal; party,fs
frilly socks,https://acnhcdn.com/latest/ClosetIcon/SocksTexFrilled2.png,pink,No,720,180,pink,white,Able Sisters,Available from Able Sisters shop only,cute,everyday; fairy tale; formal; party,fs
frilly socks,https://acnhcdn.com/latest/ClosetIcon/SocksTexFrilled3.png,green,No,720,180,green,white,Able Sisters,Available from Able Sisters shop only,cute,everyday; fairy tale; formal; party,fs
frilly socks,https://acnhcdn.com/latest/ClosetIcon/SocksTexFrilled4.png,purple,No,720,180,purple,white,Able Sisters,Available from Able Sisters shop only,cute,everyday; fairy tale; formal; party,fs
frilly socks,https://acnhcdn.com/latest/ClosetIcon/SocksTexFrilled5.png,blue,No,720,180,light blue,white,Able Sisters,Available from Able Sisters shop only,cute,everyday; fairy tale; formal; party,fs
funny-face socks,https://acnhcdn.com/latest/ClosetIcon/SocksTexCharacter0.png,pink,No,600,150,pink,light blue,Kicks,,active,everyday; comfy,fs
funny-face socks,https://acnhcdn.com/latest/ClosetIcon/SocksTexCharacter1.png,blue,No,600,150,blue,green,Kicks,,active,everyday; comfy,fs
funny-face socks,https://acnhcdn.com/latest/ClosetIcon/SocksTexCharacter2.png,red,No,600,150,red,yellow,Kicks,,active,everyday; comfy,fs
funny-face socks,https://acnhcdn.com/latest/ClosetIcon/SocksTexCharacter3.png,green,No,600,150,green,blue,Kicks,,active,everyday; comfy,fs
funny-face socks,https://acnhcdn.com/latest/ClosetIcon/SocksTexCharacter4.png,black,No,600,150,black,gray,Kicks,,active,everyday; comfy,fs
garter socks,https://acnhcdn.com/latest/ClosetIcon/SocksTexGarter0.png,black,No,980,245,black,black,Kicks,,cool,formal; party; theatrical,fs
garter socks,https://acnhcdn.com/latest/ClosetIcon/SocksTexGarter1.png,white,No,980,245,white,white,Kicks,,cool,formal; party; theatrical,fs
garter socks,https://acnhcdn.com/latest/ClosetIcon/SocksTexGarter2.png,purple,No,980,245,purple,purple,Kicks,,cool,formal; party; theatrical,fs
garter socks,https://acnhcdn.com/latest/ClosetIcon/SocksTexGarter3.png,red,No,980,245,red,red,Kicks,,cool,formal; party; theatrical,fs
geometric-print socks,https://acnhcdn.com/latest/ClosetIcon/SocksTexChimayo0.png,yellow,No,950,237,yellow,colorful,Able Sisters,Available from Able Sisters shop only,active,outdoorsy,fs
geometric-print socks,https://acnhcdn.com/latest/ClosetIcon/SocksTexChimayo1.png,peacock blue,No,950,237,light blue,colorful,Able Sisters,Available from Able Sisters shop only,active,outdoorsy,fs
geometric-print socks,https://acnhcdn.com/latest/ClosetIcon/SocksTexChimayo2.png,purple,No,950,237,purple,colorful,Able Sisters,Available from Able Sisters shop only,active,outdoorsy,fs
geometric-print socks,https://acnhcdn.com/latest/ClosetIcon/SocksTexChimayo3.png,beige,No,950,237,beige,colorful,Able Sisters,Available from Able Sisters shop only,active,outdoorsy,fs
geometric-print socks,https://acnhcdn.com/latest/ClosetIcon/SocksTexChimayo4.png,pink,No,950,237,pink,colorful,Able Sisters,Available from Able Sisters shop only,active,outdoorsy,fs
geometric-print socks,https://acnhcdn.com/latest/ClosetIcon/SocksTexChimayo5.png,green,No,950,237,green,colorful,Able Sisters,Available from Able Sisters shop only,active,outdoorsy,fs
hand-knit socks,https://acnhcdn.com/latest/ClosetIcon/SocksTexHandknit0.png,green,No,700,175,green,green,Able Sisters,Available from either Mable's temporary shop or Able Sisters shop,simple,outdoorsy; comfy,fs
hand-knit socks,https://acnhcdn.com/latest/ClosetIcon/SocksTexHandknit1.png,purple,No,700,175,purple,purple,Able Sisters,Available from either Mable's temporary shop or Able Sisters shop,simple,outdoorsy; comfy,fs
hand-knit socks,https://acnhcdn.com/latest/ClosetIcon/SocksTexHandknit2.png,orange,No,700,175,orange,orange,Able Sisters,Available from either Mable's temporary shop or Able Sisters shop,simple,outdoorsy; comfy,fs
holey socks,https://acnhcdn.com/latest/ClosetIcon/SocksTexHole0.png,blue,No,-1,10,blue,blue,Recycle bin,,simple,goth; comfy,nfs
holey socks,https://acnhcdn.com/latest/ClosetIcon/SocksTexHole1.png,navy blue,No,-1,10,blue,blue,Recycle bin,,simple,goth; comfy,nfs
holey socks,https://acnhcdn.com/latest/ClosetIcon/SocksTexHole2.png,white,No,-1,10,beige,beige,Recycle bin,,simple,goth; comfy,nfs
holey tights,https://acnhcdn.com/latest/ClosetIcon/SocksTexHoletights0.png,black,No,350,87,black,black,Able Sisters,Available from either Mable's temporary shop or Able Sisters shop,cool,everyday; goth; theatrical,fs
holey tights,https://acnhcdn.com/latest/ClosetIcon/SocksTexHoletights1.png,pink,No,350,87,pink,pink,Able Sisters,Available from either Mable's temporary shop or Able Sisters shop,cool,everyday; goth; theatrical,fs
holey tights,https://acnhcdn.com/latest/ClosetIcon/SocksTexHoletights2.png,light blue,No,350,87,light blue,light blue,Able Sisters,Available from either Mable's temporary shop or Able Sisters shop,cool,everyday; goth; theatrical,fs
holey tights,https://acnhcdn.com/latest/ClosetIcon/SocksTexHoletights3.png,red,No,350,87,red,red,Able Sisters,Available from either Mable's temporary shop or Able Sisters shop,cool,everyday; goth; theatrical,fs
holey tights,https://acnhcdn.com/latest/ClosetIcon/SocksTexHoletights4.png,purple,No,350,87,purple,purple,Able Sisters,Available from either Mable's temporary shop or Able Sisters shop,cool,everyday; goth; theatrical,fs
holey tights,https://acnhcdn.com/latest/ClosetIcon/SocksTexHoletights5.png,green,No,350,87,green,green,Able Sisters,Available from either Mable's temporary shop or Able Sisters shop,cool,everyday; goth; theatrical,fs
holey tights,https://acnhcdn.com/latest/ClosetIcon/SocksTexHoletights6.png,blue,No,350,87,blue,blue,Able Sisters,Available from either Mable's temporary shop or Able Sisters shop,cool,everyday; goth; theatrical,fs
holey tights,https://acnhcdn.com/latest/ClosetIcon/SocksTexHoletights7.png,yellow,No,350,87,yellow,yellow,Able Sisters,Available from either Mable's temporary shop or Able Sisters shop,cool,everyday; goth; theatrical,fs
kiddie socks,https://acnhcdn.com/latest/ClosetIcon/SocksTexKids0.png,red & light blue,No,600,150,red,light blue,Kicks,,cute,everyday; outdoorsy; comfy; sporty,fs
kiddie socks,https://acnhcdn.com/latest/ClosetIcon/SocksTexKids1.png,blue & orange,No,600,150,blue,orange,Kicks,,cute,everyday; outdoorsy; comfy; sporty,fs
kiddie socks,https://acnhcdn.com/latest/ClosetIcon/SocksTexKids2.png,lime & pink,No,600,150,green,pink,Kicks,,cute,everyday; outdoorsy; comfy; sporty,fs
kiddie socks,https://acnhcdn.com/latest/ClosetIcon/SocksTexKids3.png,yellow & purple,No,600,150,yellow,purple,Kicks,,cute,everyday; outdoorsy; comfy; sporty,fs
kiddie socks,https://acnhcdn.com/latest/ClosetIcon/SocksTexKids4.png,light blue & red,No,600,150,light blue,red,Kicks,,cute,everyday; outdoorsy; comfy; sporty,fs
kiddie socks,https://acnhcdn.com/latest/ClosetIcon/SocksTexKids5.png,purple & green,No,600,150,purple,green,Kicks,,cute,everyday; outdoorsy; comfy; sporty,fs
kiddie socks,https://acnhcdn.com/latest/ClosetIcon/SocksTexKids6.png,pink & yellow,No,600,150,pink,yellow,Kicks,,cute,everyday; outdoorsy; comfy; sporty,fs
kiddie socks,https://acnhcdn.com/latest/ClosetIcon/SocksTexKids7.png,black & gray,No,600,150,black,gray,Kicks,,cute,everyday; outdoorsy; comfy; sporty,fs
labelle socks,https://acnhcdn.com/latest/ClosetIcon/SocksTexKatesocks0.png,twilight,No,940,235,purple,purple,Labelle,,cool,everyday; formal; sporty; theatrical,fs
labelle socks,https://acnhcdn.com/latest/ClosetIcon/SocksTexKatesocks1.png,midnight,No,940,235,black,black,Labelle,,cool,everyday; formal; sporty; theatrical,fs
labelle socks,https://acnhcdn.com/latest/ClosetIcon/SocksTexKatesocks2.png,passion,No,940,235,red,red,Labelle,,cool,everyday; formal; sporty; theatrical,fs
labelle socks,https://acnhcdn.com/latest/ClosetIcon/SocksTexKatesocks3.png,ocean,No,940,235,blue,blue,Labelle,,cool,everyday; formal; sporty; theatrical,fs
labelle socks,https://acnhcdn.com/latest/ClosetIcon/SocksTexKatesocks4.png,sunset,No,940,235,yellow,yellow,Labelle,,cool,everyday; formal; sporty; theatrical,fs
labelle socks,https://acnhcdn.com/latest/ClosetIcon/SocksTexKatesocks5.png,love,No,940,235,pink,pink,Labelle,,cool,everyday; formal; sporty; theatrical,fs
labelle tights,https://acnhcdn.com/latest/ClosetIcon/SocksTexKatetights0.png,twilight,No,1240,310,purple,purple,Labelle,,elegant,everyday; formal; party; theatrical,fs
labelle tights,https://acnhcdn.com/latest/ClosetIcon/SocksTexKatetights1.png,midnight,No,1240,310,black,black,Labelle,,elegant,everyday; formal; party; theatrical,fs
labelle tights,https://acnhcdn.com/latest/ClosetIcon/SocksTexKatetights2.png,passion,No,1240,310,red,red,Labelle,,elegant,everyday; formal; party; theatrical,fs
labelle tights,https://acnhcdn.com/latest/ClosetIcon/SocksTexKatetights3.png,ocean,No,1240,310,blue,blue,Labelle,,elegant,everyday; formal; party; theatrical,fs
labelle tights,https://acnhcdn.com/latest/ClosetIcon/SocksTexKatetights4.png,sunset,No,1240,310,orange,orange,Labelle,,elegant,everyday; formal; party; theatrical,fs
labelle tights,https://acnhcdn.com/latest/ClosetIcon/SocksTexKatetights5.png,love,No,1240,310,pink,pink,Labelle,,elegant,everyday; formal; party; theatrical,fs
lace socks,https://acnhcdn.com/latest/ClosetIcon/SocksTexLace0.png,white,No,720,180,white,white,Able Sisters,Available from Able Sisters shop only,elegant,everyday; fairy tale; formal; party,fs
lace socks,https://acnhcdn.com/latest/ClosetIcon/SocksTexLace1.png,pink,No,720,180,pink,white,Able Sisters,Available from Able Sisters shop only,elegant,everyday; fairy tale; formal; party,fs
lace socks,https://acnhcdn.com/latest/ClosetIcon/SocksTexLace2.png,green,No,720,180,green,white,Able Sisters,Available from Able Sisters shop only,elegant,everyday; fairy tale; formal; party,fs
lace socks,https://acnhcdn.com/latest/ClosetIcon/SocksTexLace3.png,black,No,720,180,black,white,Able Sisters,Available from Able Sisters shop only,elegant,everyday; fairy tale; formal; party,fs
lace socks,https://acnhcdn.com/latest/ClosetIcon/SocksTexLace4.png,beige,No,720,180,beige,white,Able Sisters,Available from Able Sisters shop only,elegant,everyday; fairy tale; formal; party,fs
layered socks,https://acnhcdn.com/latest/ClosetIcon/SockstTexOverlapping0.png,purple,No,720,180,gray,purple,Able Sisters,Available from Able Sisters shop only,simple,everyday; comfy,fs
layered socks,https://acnhcdn.com/latest/ClosetIcon/SockstTexOverlapping1.png,blue,No,720,180,gray,blue,Able Sisters,Available from Able Sisters shop only,simple,everyday; comfy,fs
layered socks,https://acnhcdn.com/latest/ClosetIcon/SockstTexOverlapping2.png,yellow,No,720,180,gray,yellow,Able Sisters,Available from Able Sisters shop only,simple,everyday; comfy,fs
layered socks,https://acnhcdn.com/latest/ClosetIcon/SockstTexOverlapping3.png,green,No,720,180,gray,green,Able Sisters,Available from Able Sisters shop only,simple,everyday; comfy,fs
layered socks,https://acnhcdn.com/latest/ClosetIcon/SockstTexOverlapping4.png,red,No,720,180,gray,red,Able Sisters,Available from Able Sisters shop only,simple,everyday; comfy,fs
layered socks,https://acnhcdn.com/latest/ClosetIcon/SockstTexOverlapping5.png,orange,No,720,180,gray,orange,Able Sisters,Available from Able Sisters shop only,simple,everyday; comfy,fs
leg warmers,https://acnhcdn.com/latest/ClosetIcon/SocksTexLegwarmer0.png,purple,No,440,110,purple,purple,Able Sisters,Available from either Mable's temporary shop or Able Sisters shop,active,outdoorsy; comfy,fs
leg warmers,https://acnhcdn.com/latest/ClosetIcon/SocksTexLegwarmer1.png,black,No,440,110,black,black,Able Sisters,Available from either Mable's temporary shop or Able Sisters shop,active,outdoorsy; comfy,fs
leg warmers,https://acnhcdn.com/latest/ClosetIcon/SocksTexLegwarmer2.png,gray,No,440,110,gray,gray,Able Sisters,Available from either Mable's temporary shop or Able Sisters shop,active,outdoorsy; comfy,fs
leg warmers,https://acnhcdn.com/latest/ClosetIcon/SocksTexLegwarmer3.png,pink,No,440,110,pink,pink,Able Sisters,Available from either Mable's temporary shop or Able Sisters shop,active,outdoorsy; comfy,fs
leg warmers,https://acnhcdn.com/latest/ClosetIcon/SocksTexLegwarmer4.png,light purple,No,440,110,purple,purple,Able Sisters,Available from either Mable's temporary shop or Able Sisters shop,active,outdoorsy; comfy,fs
leg warmers,https://acnhcdn.com/latest/ClosetIcon/SocksTexLegwarmer5.png,blue,No,440,110,blue,blue,Able Sisters,Available from either Mable's temporary shop or Able Sisters shop,active,outdoorsy; comfy,fs
mixed-tweed socks,https://acnhcdn.com/latest/ClosetIcon/SocksTexMixtweed0.png,red,No,800,200,red,red,Able Sisters,Available from either Mable's temporary shop or Able Sisters shop,simple,everyday; comfy,fs
mixed-tweed socks,https://acnhcdn.com/latest/ClosetIcon/SocksTexMixtweed1.png,avocado,No,800,200,green,green,Able Sisters,Available from either Mable's temporary shop or Able Sisters shop,simple,everyday; comfy,fs
mixed-tweed socks,https://acnhcdn.com/latest/ClosetIcon/SocksTexMixtweed2.png,light blue,No,800,200,light blue,light blue,Able Sisters,Available from either Mable's temporary shop or Able Sisters shop,simple,everyday; comfy,fs
mixed-tweed socks,https://acnhcdn.com/latest/ClosetIcon/SocksTexMixtweed3.png,purple,No,800,200,purple,purple,Able Sisters,Available from either Mable's temporary shop or Able Sisters shop,simple,everyday; comfy,fs
mixed-tweed socks,https://acnhcdn.com/latest/ClosetIcon/SocksTexMixtweed4.png,blue,No,800,200,blue,blue,Able Sisters,Available from either Mable's temporary shop or Able Sisters shop,simple,everyday; comfy,fs
mixed-tweed socks,https://acnhcdn.com/latest/ClosetIcon/SocksTexMixtweed5.png,orange,No,800,200,orange,orange,Able Sisters,Available from either Mable's temporary shop or Able Sisters shop,simple,everyday; comfy,fs
mixed-tweed socks,https://acnhcdn.com/latest/ClosetIcon/SocksTexMixtweed6.png,lime,No,800,200,yellow,yellow,Able Sisters,Available from either Mable's temporary shop or Able Sisters shop,simple,everyday; comfy,fs
mixed-tweed socks,https://acnhcdn.com/latest/ClosetIcon/SocksTexMixtweed7.png,pink,No,800,200,beige,beige,Able Sisters,Available from either Mable's temporary shop or Able Sisters shop,simple,everyday; comfy,fs
neon leggings,https://acnhcdn.com/latest/ClosetIcon/SocksTexNeonleggings0.png,yellow,No,540,135,yellow,orange,Able Sisters,Available from either Mable's temporary shop or Able Sisters shop,active,outdoorsy; party; theatrical,fs
neon leggings,https://acnhcdn.com/latest/ClosetIcon/SocksTexNeonleggings1.png,pink,No,540,135,pink,purple,Able Sisters,Available from either Mable's temporary shop or Able Sisters shop,active,outdoorsy; party; theatrical,fs
neon leggings,https://acnhcdn.com/latest/ClosetIcon/SocksTexNeonleggings2.png,orange,No,540,135,orange,pink,Able Sisters,Available from either Mable's temporary shop or Able Sisters shop,active,outdoorsy; party; theatrical,fs
neon leggings,https://acnhcdn.com/latest/ClosetIcon/SocksTexNeonleggings3.png,green,No,540,135,green,light blue,Able Sisters,Available from either Mable's temporary shop or Able Sisters shop,active,outdoorsy; party; theatrical,fs
neon leggings,https://acnhcdn.com/latest/ClosetIcon/SocksTexNeonleggings4.png,purple,No,540,135,purple,blue,Able Sisters,Available from either Mable's temporary shop or Able Sisters shop,active,outdoorsy; party; theatrical,fs
neon tights,https://acnhcdn.com/latest/ClosetIcon/SocksTexNeontights0.png,yellow,No,720,180,yellow,orange,Able Sisters,Available from either Mable's temporary shop or Able Sisters shop,active,party; theatrical,fs
neon tights,https://acnhcdn.com/latest/ClosetIcon/SocksTexNeontights1.png,pink,No,720,180,pink,purple,Able Sisters,Available from either Mable's temporary shop or Able Sisters shop,active,party; theatrical,fs
neon tights,https://acnhcdn.com/latest/ClosetIcon/SocksTexNeontights2.png,orange,No,720,180,orange,pink,Able Sisters,Available from either Mable's temporary shop or Able Sisters shop,active,party; theatrical,fs
neon tights,https://acnhcdn.com/latest/ClosetIcon/SocksTexNeontights3.png,green,No,720,180,green,light blue,Able Sisters,Available from either Mable's temporary shop or Able Sisters shop,active,party; theatrical,fs
neon tights,https://acnhcdn.com/latest/ClosetIcon/SocksTexNeontights4.png,purple,No,720,180,purple,blue,Able Sisters,Available from either Mable's temporary shop or Able Sisters shop,active,party; theatrical,fs
no-show socks,https://acnhcdn.com/latest/ClosetIcon/SocksTexSneakerin0.png,gray,No,480,120,gray,black,Able Sisters,Available from either Mable's temporary shop or Able Sisters shop,simple,everyday; outdoorsy; comfy; sporty,fs
no-show socks,https://acnhcdn.com/latest/ClosetIcon/SocksTexSneakerin1.png,white,No,480,120,white,red,Able Sisters,Available from either Mable's temporary shop or Able Sisters shop,simple,everyday; outdoorsy; comfy; sporty,fs
no-show socks,https://acnhcdn.com/latest/ClosetIcon/SocksTexSneakerin2.png,berry red,No,480,120,red,gray,Able Sisters,Available from either Mable's temporary shop or Able Sisters shop,simple,everyday; outdoorsy; comfy; sporty,fs
no-show socks,https://acnhcdn.com/latest/ClosetIcon/SocksTexSneakerin3.png,light blue,No,480,120,light blue,white,Able Sisters,Available from either Mable's temporary shop or Able Sisters shop,simple,everyday; outdoorsy; comfy; sporty,fs
no-show socks,https://acnhcdn.com/latest/ClosetIcon/SocksTexSneakerin4.png,orange,No,480,120,orange,purple,Able Sisters,Available from either Mable's temporary shop or Able Sisters shop,simple,everyday; outdoorsy; comfy; sporty,fs
no-show socks,https://acnhcdn.com/latest/ClosetIcon/SocksTexSneakerin5.png,green,No,480,120,green,blue,Able Sisters,Available from either Mable's temporary shop or Able Sisters shop,simple,everyday; outdoorsy; comfy; sporty,fs
no-show socks,https://acnhcdn.com/latest/ClosetIcon/SocksTexSneakerin6.png,navy blue,No,480,120,blue,yellow,Able Sisters,Available from either Mable's temporary shop or Able Sisters shop,simple,everyday; outdoorsy; comfy; sporty,fs
no-show socks,https://acnhcdn.com/latest/ClosetIcon/SocksTexSneakerin7.png,yellow,No,480,120,yellow,light blue,Able Sisters,Available from either Mable's temporary shop or Able Sisters shop,simple,everyday; outdoorsy; comfy; sporty,fs
nook inc. socks,https://acnhcdn.com/latest/ClosetIcon/SocksTexBorderRco.png,yellow,No,-1,2000,yellow,orange,Nook Miles Shop,,active,everyday; outdoorsy; comfy,nfs
nordic socks,https://acnhcdn.com/latest/ClosetIcon/SocksTexNordic0.png,navy blue,No,840,210,blue,black,Able Sisters,Available from either Mable's temporary shop or Able Sisters shop,elegant,everyday; outdoorsy; comfy,fs
nordic socks,https://acnhcdn.com/latest/ClosetIcon/SocksTexNordic1.png,ivory,No,840,210,beige,black,Able Sisters,Available from either Mable's temporary shop or Able Sisters shop,elegant,everyday; outdoorsy; comfy,fs
nordic socks,https://acnhcdn.com/latest/ClosetIcon/SocksTexNordic2.png,red,No,840,210,red,black,Able Sisters,Available from either Mable's temporary shop or Able Sisters shop,elegant,everyday; outdoorsy; comfy,fs
nordic socks,https://acnhcdn.com/latest/ClosetIcon/SocksTexNordic3.png,blue,No,840,210,blue,black,Able Sisters,Available from either Mable's temporary shop or Able Sisters shop,elegant,everyday; outdoorsy; comfy,fs
nordic socks,https://acnhcdn.com/latest/ClosetIcon/SocksTexNordic4.png,gray,No,840,210,gray,black,Able Sisters,Available from either Mable's temporary shop or Able Sisters shop,elegant,everyday; outdoorsy; comfy,fs
nordic socks,https://acnhcdn.com/latest/ClosetIcon/SocksTexNordic5.png,green,No,840,210,green,black,Able Sisters,Available from either Mable's temporary shop or Able Sisters shop,elegant,everyday; outdoorsy; comfy,fs
nordic socks,https://acnhcdn.com/latest/ClosetIcon/SocksTexNordic6.png,light blue,No,840,210,light blue,black,Able Sisters,Available from either Mable's temporary shop or Able Sisters shop,elegant,everyday; outdoorsy; comfy,fs
patterned stockings,https://acnhcdn.com/latest/ClosetIcon/SocksTexStripedot0.png,black,No,940,235,black,black,Able Sisters,Available from Able Sisters shop only,elegant,everyday; formal; party; theatrical,fs
patterned stockings,https://acnhcdn.com/latest/ClosetIcon/SocksTexStripedot1.png,white,No,940,235,white,white,Able Sisters,Available from Able Sisters shop only,elegant,everyday; formal; party; theatrical,fs
pom-pom socks,https://acnhcdn.com/latest/ClosetIcon/SocksTexBobble0.png,pink,No,720,180,pink,white,Able Sisters,Available from Able Sisters shop only,cute,everyday; fairy tale; comfy,fs
pom-pom socks,https://acnhcdn.com/latest/ClosetIcon/SocksTexBobble1.png,blue,No,720,180,light blue,white,Able Sisters,Available from Able Sisters shop only,cute,everyday; fairy tale; comfy,fs
pom-pom socks,https://acnhcdn.com/latest/ClosetIcon/SocksTexBobble2.png,green,No,720,180,green,white,Able Sisters,Available from Able Sisters shop only,cute,everyday; fairy tale; comfy,fs
pom-pom socks,https://acnhcdn.com/latest/ClosetIcon/SocksTexBobble3.png,orange,No,720,180,orange,white,Able Sisters,Available from Able Sisters shop only,cute,everyday; fairy tale; comfy,fs
pom-pom socks,https://acnhcdn.com/latest/ClosetIcon/SocksTexBobble4.png,purple,No,720,180,purple,white,Able Sisters,Available from Able Sisters shop only,cute,everyday; fairy tale; comfy,fs
puckered socks,https://acnhcdn.com/latest/ClosetIcon/SocksTexPucker0.png,mustard,No,600,150,orange,orange,Able Sisters,Available from Able Sisters shop only,elegant,everyday,fs
puckered socks,https://acnhcdn.com/latest/ClosetIcon/SocksTexPucker1.png,red,No,600,150,red,red,Able Sisters,Available from Able Sisters shop only,elegant,everyday,fs
puckered socks,https://acnhcdn.com/latest/ClosetIcon/SocksTexPucker2.png,blue,No,600,150,blue,blue,Able Sisters,Available from Able Sisters shop only,elegant,everyday,fs
puckered socks,https://acnhcdn.com/latest/ClosetIcon/SocksTexPucker3.png,green,No,600,150,green,green,Able Sisters,Available from Able Sisters shop only,elegant,everyday,fs
puckered socks,https://acnhcdn.com/latest/ClosetIcon/SocksTexPucker4.png,purple,No,600,150,purple,purple,Able Sisters,Available from Able Sisters shop only,elegant,everyday,fs
running tights,https://acnhcdn.com/latest/ClosetIcon/SocksTexRun0.png,pink,No,550,137,black,pink,Able Sisters,Available from either Mable's temporary shop or Able Sisters shop,active,outdoorsy; sporty; work,fs
running tights,https://acnhcdn.com/latest/ClosetIcon/SocksTexRun1.png,yellow,No,550,137,black,yellow,Able Sisters,Available from either Mable's temporary shop or Able Sisters shop,active,outdoorsy; sporty; work,fs
running tights,https://acnhcdn.com/latest/ClosetIcon/SocksTexRun2.png,blue,No,550,137,black,blue,Able Sisters,Available from either Mable's temporary shop or Able Sisters shop,active,outdoorsy; sporty; work,fs
running tights,https://acnhcdn.com/latest/ClosetIcon/SocksTexRun3.png,green,No,550,137,black,green,Able Sisters,Available from either Mable's temporary shop or Able Sisters shop,active,outdoorsy; sporty; work,fs
semi-opaque socks,https://acnhcdn.com/latest/ClosetIcon/SocksTexNuancesocks0.png,green,No,480,120,green,green,Able Sisters,Available from Able Sisters shop only,elegant,everyday,fs
semi-opaque socks,https://acnhcdn.com/latest/ClosetIcon/SocksTexNuancesocks1.png,red,No,480,120,red,red,Able Sisters,Available from Able Sisters shop only,elegant,everyday,fs
semi-opaque socks,https://acnhcdn.com/latest/ClosetIcon/SocksTexNuancesocks2.png,blue,No,480,120,blue,blue,Able Sisters,Available from Able Sisters shop only,elegant,everyday,fs
semi-opaque socks,https://acnhcdn.com/latest/ClosetIcon/SocksTexNuancesocks3.png,navy blue,No,480,120,purple,purple,Able Sisters,Available from Able Sisters shop only,elegant,everyday,fs
semi-opaque socks,https://acnhcdn.com/latest/ClosetIcon/SocksTexNuancesocks4.png,purple,No,480,120,pink,pink,Able Sisters,Available from Able Sisters shop only,elegant,everyday,fs
semi-opaque socks,https://acnhcdn.com/latest/ClosetIcon/SocksTexNuancesocks5.png,camel,No,480,120,yellow,yellow,Able Sisters,Available from Able Sisters shop only,elegant,everyday,fs
semi-opaque socks,https://acnhcdn.com/latest/ClosetIcon/SocksTexNuancesocks6.png,avocado,No,480,120,green,green,Able Sisters,Available from Able Sisters shop only,elegant,everyday,fs
semi-opaque socks,https://acnhcdn.com/latest/ClosetIcon/SocksTexNuancesocks7.png,brown,No,480,120,brown,brown,Able Sisters,Available from Able Sisters shop only,elegant,everyday,fs
semi-opaque tights,https://acnhcdn.com/latest/ClosetIcon/SocksTexNuancetights0.png,brown,No,720,180,orange,orange,Able Sisters,Available from Able Sisters shop only,elegant,everyday,fs
semi-opaque tights,https://acnhcdn.com/latest/ClosetIcon/SocksTexNuancetights1.png,yellow,No,720,180,yellow,yellow,Able Sisters,Available from Able Sisters shop only,elegant,everyday,fs
semi-opaque tights,https://acnhcdn.com/latest/ClosetIcon/SocksTexNuancetights2.png,green,No,720,180,green,green,Able Sisters,Available from Able Sisters shop only,elegant,everyday,fs
semi-opaque tights,https://acnhcdn.com/latest/ClosetIcon/SocksTexNuancetights3.png,purple,No,720,180,purple,purple,Able Sisters,Available from Able Sisters shop only,elegant,everyday,fs
semi-opaque tights,https://acnhcdn.com/latest/ClosetIcon/SocksTexNuancetights4.png,blue,No,720,180,blue,blue,Able Sisters,Available from Able Sisters shop only,elegant,everyday,fs
semi-opaque tights,https://acnhcdn.com/latest/ClosetIcon/SocksTexNuancetights5.png,pink,No,720,180,pink,pink,Able Sisters,Available from Able Sisters shop only,elegant,everyday,fs
semi-opaque tights,https://acnhcdn.com/latest/ClosetIcon/SocksTexNuancetights6.png,red,No,720,180,red,red,Able Sisters,Available from Able Sisters shop only,elegant,everyday,fs
semi-opaque tights,https://acnhcdn.com/latest/ClosetIcon/SocksTexNuancetights7.png,yellow-green,No,720,180,green,green,Able Sisters,Available from Able Sisters shop only,elegant,everyday,fs
sequin leggings,https://acnhcdn.com/latest/ClosetIcon/SocksTexSequins0.png,pink,No,940,235,pink,pink,Kicks,,gorgeous,party; theatrical,fs
sequin leggings,https://acnhcdn.com/latest/ClosetIcon/SocksTexSequins1.png,red,No,940,235,red,red,Kicks,,gorgeous,party; theatrical,fs
sequin leggings,https://acnhcdn.com/latest/ClosetIcon/SocksTexSequins2.png,black,No,940,235,black,black,Kicks,,gorgeous,party; theatrical,fs
sequin leggings,https://acnhcdn.com/latest/ClosetIcon/SocksTexSequins3.png,yellow,No,940,235,yellow,yellow,Kicks,,gorgeous,party; theatrical,fs
sequin leggings,https://acnhcdn.com/latest/ClosetIcon/SocksTexSequins4.png,white,No,940,235,white,white,Kicks,,gorgeous,party; theatrical,fs
sequin leggings,https://acnhcdn.com/latest/ClosetIcon/SocksTexSequins5.png,blue,No,940,235,blue,blue,Kicks,,gorgeous,party; theatrical,fs
sequin leggings,https://acnhcdn.com/latest/ClosetIcon/SocksTexSequins6.png,purple,No,940,235,purple,purple,Kicks,,gorgeous,party; theatrical,fs
sequin leggings,https://acnhcdn.com/latest/ClosetIcon/SocksTexSequins7.png,green,No,940,235,green,green,Kicks,,gorgeous,party; theatrical,fs
sheer socks,https://acnhcdn.com/latest/ClosetIcon/SocksTexSeethrough0.png,blue,No,600,150,blue,blue,Kicks,,elegant,everyday; formal; party,fs
sheer socks,https://acnhcdn.com/latest/ClosetIcon/SocksTexSeethrough1.png,berry red,No,600,150,red,red,Kicks,,elegant,everyday; formal; party,fs
sheer socks,https://acnhcdn.com/latest/ClosetIcon/SocksTexSeethrough2.png,brown,No,600,150,brown,brown,Kicks,,elegant,everyday; formal; party,fs
sheer socks,https://acnhcdn.com/latest/ClosetIcon/SocksTexSeethrough3.png,green,No,600,150,green,green,Kicks,,elegant,everyday; formal; party,fs
sheer socks,https://acnhcdn.com/latest/ClosetIcon/SocksTexSeethrough4.png,olive,No,600,150,green,green,Kicks,,elegant,everyday; formal; party,fs
sheer socks,https://acnhcdn.com/latest/ClosetIcon/SocksTexSeethrough5.png,gray,No,600,150,gray,gray,Kicks,,elegant,everyday; formal; party,fs
simple knee-high socks,https://acnhcdn.com/latest/ClosetIcon/SocksTexSimpleknee0.png,pink,No,600,150,pink,pink,Kicks,,cute,everyday,fs
simple knee-high socks,https://acnhcdn.com/latest/ClosetIcon/SocksTexSimpleknee1.png,white,No,600,150,white,white,Kicks,,cute,everyday,fs
simple knee-high socks,https://acnhcdn.com/latest/ClosetIcon/SocksTexSimpleknee2.png,red,No,600,150,red,red,Kicks,,cute,everyday,fs
simple knee-high socks,https://acnhcdn.com/latest/ClosetIcon/SocksTexSimpleknee3.png,blue,No,600,150,light blue,light blue,Kicks,,cute,everyday,fs
simple-accent socks,https://acnhcdn.com/latest/ClosetIcon/SocksTexOnepoint0.png,navy blue,No,720,180,blue,red,Able Sisters,Available from either Mable's temporary shop or Able Sisters shop,simple,everyday; formal,fs
simple-accent socks,https://acnhcdn.com/latest/ClosetIcon/SocksTexOnepoint1.png,black,No,720,180,black,white,Able Sisters,Available from either Mable's temporary shop or Able Sisters shop,simple,everyday; formal,fs
simple-accent socks,https://acnhcdn.com/latest/ClosetIcon/SocksTexOnepoint2.png,white,No,720,180,white,black,Able Sisters,Available from either Mable's temporary shop or Able Sisters shop,simple,everyday; formal,fs
simple-accent socks,https://acnhcdn.com/latest/ClosetIcon/SocksTexOnepoint3.png,gray,No,720,180,gray,light blue,Able Sisters,Available from either Mable's temporary shop or Able Sisters shop,simple,everyday; formal,fs
simple-accent socks,https://acnhcdn.com/latest/ClosetIcon/SocksTexOnepoint4.png,blue,No,720,180,blue,light blue,Able Sisters,Available from either Mable's temporary shop or Able Sisters shop,simple,everyday; formal,fs
simple-accent socks,https://acnhcdn.com/latest/ClosetIcon/SocksTexOnepoint5.png,orange,No,720,180,orange,yellow,Able Sisters,Available from either Mable's temporary shop or Able Sisters shop,simple,everyday; formal,fs
simple-accent socks,https://acnhcdn.com/latest/ClosetIcon/SocksTexOnepoint6.png,red,No,720,180,red,black,Able Sisters,Available from either Mable's temporary shop or Able Sisters shop,simple,everyday; formal,fs
simple-accent socks,https://acnhcdn.com/latest/ClosetIcon/SocksTexOnepoint7.png,pink,No,720,180,pink,white,Able Sisters,Available from either Mable's temporary shop or Able Sisters shop,simple,everyday; formal,fs
soccer socks,https://acnhcdn.com/latest/ClosetIcon/SocksTexFootball0.png,blue,No,800,200,blue,white,Kicks,,active,sporty; work,fs
soccer socks,https://acnhcdn.com/latest/ClosetIcon/SocksTexFootball1.png,red,No,800,200,red,white,Kicks,,active,sporty; work,fs
soccer socks,https://acnhcdn.com/latest/ClosetIcon/SocksTexFootball2.png,green,No,800,200,green,white,Kicks,,active,sporty; work,fs
soccer socks,https://acnhcdn.com/latest/ClosetIcon/SocksTexFootball3.png,light blue,No,800,200,light blue,white,Kicks,,active,sporty; work,fs
soccer socks,https://acnhcdn.com/latest/ClosetIcon/SocksTexFootball4.png,black,No,800,200,black,white,Kicks,,active,sporty; work,fs
soccer socks,https://acnhcdn.com/latest/ClosetIcon/SocksTexFootball5.png,orange,No,800,200,orange,white,Kicks,,active,sporty; work,fs
soccer socks,https://acnhcdn.com/latest/ClosetIcon/SocksTexFootball6.png,white,No,800,200,white,black,Kicks,,active,sporty; work,fs
spider-web tights,https://acnhcdn.com/latest/ClosetIcon/SocksTexSpider0.png,black,No,720,180,black,black,Kicks,,cool,goth; party; theatrical,fs
spider-web tights,https://acnhcdn.com/latest/ClosetIcon/SocksTexSpider1.png,white,No,720,180,white,white,Kicks,,cool,goth; party; theatrical,fs
spider-web tights,https://acnhcdn.com/latest/ClosetIcon/SocksTexSpider2.png,orange,No,720,180,orange,orange,Kicks,,cool,goth; party; theatrical,fs
spider-web tights,https://acnhcdn.com/latest/ClosetIcon/SocksTexSpider3.png,purple,No,720,180,purple,purple,Kicks,,cool,goth; party; theatrical,fs
stockings,https://acnhcdn.com/latest/ClosetIcon/SocksTexTights0.png,black,No,480,120,black,black,Able Sisters,Available from either Mable's temporary shop or Able Sisters shop,simple,everyday; work,fs
stockings,https://acnhcdn.com/latest/ClosetIcon/SocksTexTights1.png,gray,No,480,120,gray,gray,Able Sisters,Available from either Mable's temporary shop or Able Sisters shop,simple,everyday; work,fs
stockings,https://acnhcdn.com/latest/ClosetIcon/SocksTexTights2.png,white,No,480,120,white,white,Able Sisters,Available from either Mable's temporary shop or Able Sisters shop,simple,everyday; work,fs
stockings,https://acnhcdn.com/latest/ClosetIcon/SocksTexTights3.png,brown,No,480,120,brown,brown,Able Sisters,Available from either Mable's temporary shop or Able Sisters shop,simple,everyday; work,fs
stockings,https://acnhcdn.com/latest/ClosetIcon/SocksTexTights4.png,beige,No,480,120,beige,beige,Able Sisters,Available from either Mable's temporary shop or Able Sisters shop,simple,everyday; work,fs
stretch leggings,https://acnhcdn.com/latest/ClosetIcon/SocksTexLeggings0.png,navy blue,No,450,112,blue,blue,Able Sisters,Available from either Mable's temporary shop or Able Sisters shop,simple,everyday; outdoorsy; sporty,fs
stretch leggings,https://acnhcdn.com/latest/ClosetIcon/SocksTexLeggings1.png,gray,No,450,112,gray,gray,Able Sisters,Available from either Mable's temporary shop or Able Sisters shop,simple,everyday; outdoorsy; sporty,fs
stretch leggings,https://acnhcdn.com/latest/ClosetIcon/SocksTexLeggings2.png,dark gray,No,450,112,gray,gray,Able Sisters,Available from either Mable's temporary shop or Able Sisters shop,simple,everyday; outdoorsy; sporty,fs
stretch leggings,https://acnhcdn.com/latest/ClosetIcon/SocksTexLeggings3.png,white,No,450,112,white,white,Able Sisters,Available from either Mable's temporary shop or Able Sisters shop,simple,everyday; outdoorsy; sporty,fs
stretch leggings,https://acnhcdn.com/latest/ClosetIcon/SocksTexLeggings4.png,black,No,450,112,black,black,Able Sisters,Available from either Mable's temporary shop or Able Sisters shop,simple,everyday; outdoorsy; sporty,fs
stretch leggings,https://acnhcdn.com/latest/ClosetIcon/SocksTexLeggings5.png,brown,No,450,112,brown,brown,Able Sisters,Available from either Mable's temporary shop or Able Sisters shop,simple,everyday; outdoorsy; sporty,fs
stretch leggings,https://acnhcdn.com/latest/ClosetIcon/SocksTexLeggings6.png,green,No,450,112,green,green,Able Sisters,Available from either Mable's temporary shop or Able Sisters shop,simple,everyday; outdoorsy; sporty,fs
striped socks,https://acnhcdn.com/latest/ClosetIcon/SocksTexBorder0.png,monotone,No,600,150,black,white,Able Sisters,Available from either Mable's temporary shop or Able Sisters shop,simple,everyday; comfy,fs
striped socks,https://acnhcdn.com/latest/ClosetIcon/SocksTexBorder1.png,light blue,No,600,150,light blue,white,Able Sisters,Available from either Mable's temporary shop or Able Sisters shop,simple,everyday; comfy,fs
striped socks,https://acnhcdn.com/latest/ClosetIcon/SocksTexBorder2.png,green,No,600,150,green,white,Able Sisters,Available from either Mable's temporary shop or Able Sisters shop,simple,everyday; comfy,fs
striped socks,https://acnhcdn.com/latest/ClosetIcon/SocksTexBorder3.png,yellow,No,600,150,yellow,white,Able Sisters,Available from either Mable's temporary shop or Able Sisters shop,simple,everyday; comfy,fs
striped socks,https://acnhcdn.com/latest/ClosetIcon/SocksTexBorder4.png,orange,No,600,150,orange,white,Able Sisters,Available from either Mable's temporary shop or Able Sisters shop,simple,everyday; comfy,fs
striped socks,https://acnhcdn.com/latest/ClosetIcon/SocksTexBorder5.png,red,No,600,150,red,white,Able Sisters,Available from either Mable's temporary shop or Able Sisters shop,simple,everyday; comfy,fs
striped socks,https://acnhcdn.com/latest/ClosetIcon/SocksTexBorder6.png,purple,No,600,150,purple,white,Able Sisters,Available from either Mable's temporary shop or Able Sisters shop,simple,everyday; comfy,fs
striped socks,https://acnhcdn.com/latest/ClosetIcon/SocksTexBorder7.png,blue,No,600,150,blue,white,Able Sisters,Available from either Mable's temporary shop or Able Sisters shop,simple,everyday; comfy,fs
striped tights,https://acnhcdn.com/latest/ClosetIcon/SocksTexStripe0.png,red,No,720,180,red,black,Able Sisters,Available from Able Sisters shop only,gorgeous,party; theatrical,fs
striped tights,https://acnhcdn.com/latest/ClosetIcon/SocksTexStripe1.png,gray,No,720,180,gray,black,Able Sisters,Available from Able Sisters shop only,gorgeous,party; theatrical,fs
striped tights,https://acnhcdn.com/latest/ClosetIcon/SocksTexStripe2.png,pink,No,720,180,pink,black,Able Sisters,Available from Able Sisters shop only,gorgeous,party; theatrical,fs
striped tights,https://acnhcdn.com/latest/ClosetIcon/SocksTexStripe3.png,light blue,No,720,180,light blue,black,Able Sisters,Available from Able Sisters shop only,gorgeous,party; theatrical,fs
striped tights,https://acnhcdn.com/latest/ClosetIcon/SocksTexStripe4.png,yellow,No,720,180,yellow,black,Able Sisters,Available from Able Sisters shop only,gorgeous,party; theatrical,fs
striped tights,https://acnhcdn.com/latest/ClosetIcon/SocksTexStripe5.png,purple,No,720,180,purple,black,Able Sisters,Available from Able Sisters shop only,gorgeous,party; theatrical,fs
striped tights,https://acnhcdn.com/latest/ClosetIcon/SocksTexStripe6.png,green,No,720,180,green,black,Able Sisters,Available from Able Sisters shop only,gorgeous,party; theatrical,fs
striped tights,https://acnhcdn.com/latest/ClosetIcon/SocksTexStripe7.png,orange,No,720,180,orange,black,Able Sisters,Available from Able Sisters shop only,gorgeous,party; theatrical,fs
tabi,https://acnhcdn.com/latest/ClosetIcon/SocksTexTabi0.png,white,No,1200,300,white,white,Able Sisters,Available from Able Sisters shop only,simple,everyday; formal; party,fs
tabi,https://acnhcdn.com/latest/ClosetIcon/SocksTexTabi1.png,black,No,1200,300,black,black,Able Sisters,Available from Able Sisters shop only,simple,everyday; formal; party,fs
tabi,https://acnhcdn.com/latest/ClosetIcon/SocksTexTabi2.png,navy blue,No,1200,300,blue,blue,Able Sisters,Available from Able Sisters shop only,simple,everyday; formal; party,fs
terry-cloth socks,https://acnhcdn.com/latest/ClosetIcon/SocksTexFluffy0.png,pink,No,600,150,pink,white,Able Sisters,Available from either Mable's temporary shop or Able Sisters shop,cute,fairy tale; comfy,fs
terry-cloth socks,https://acnhcdn.com/latest/ClosetIcon/SocksTexFluffy1.png,purple,No,600,150,purple,white,Able Sisters,Available from either Mable's temporary shop or Able Sisters shop,cute,fairy tale; comfy,fs
terry-cloth socks,https://acnhcdn.com/latest/ClosetIcon/SocksTexFluffy2.png,blue,No,600,150,light blue,white,Able Sisters,Available from either Mable's temporary shop or Able Sisters shop,cute,fairy tale; comfy,fs
terry-cloth socks,https://acnhcdn.com/latest/ClosetIcon/SocksTexFluffy3.png,green,No,600,150,green,white,Able Sisters,Available from either Mable's temporary shop or Able Sisters shop,cute,fairy tale; comfy,fs
terry-cloth socks,https://acnhcdn.com/latest/ClosetIcon/SocksTexFluffy4.png,beige,No,600,150,beige,white,Able Sisters,Available from either Mable's temporary shop or Able Sisters shop,cute,fairy tale; comfy,fs
terry-cloth socks,https://acnhcdn.com/latest/ClosetIcon/SocksTexFluffy5.png,red,No,600,150,red,white,Able Sisters,Available from either Mable's temporary shop or Able Sisters shop,cute,fairy tale; comfy,fs
terry-cloth socks,https://acnhcdn.com/latest/ClosetIcon/SocksTexFluffy6.png,gray,No,600,150,gray,white,Able Sisters,Available from either Mable's temporary shop or Able Sisters shop,cute,fairy tale; comfy,fs
tube socks,https://acnhcdn.com/latest/ClosetIcon/SocksTexLine0.png,blue,No,480,120,white,blue,Able Sisters,Available from either Mable's temporary shop or Able Sisters shop,simple,everyday; outdoorsy; sporty,fs
tube socks,https://acnhcdn.com/latest/ClosetIcon/SocksTexLine1.png,orange,No,480,120,white,orange,Able Sisters,Available from either Mable's temporary shop or Able Sisters shop,simple,everyday; outdoorsy; sporty,fs
tube socks,https://acnhcdn.com/latest/ClosetIcon/SocksTexLine2.png,green,No,480,120,white,green,Able Sisters,Available from either Mable's temporary shop or Able Sisters shop,simple,everyday; outdoorsy; sporty,fs
tube socks,https://acnhcdn.com/latest/ClosetIcon/SocksTexLine3.png,red,No,480,120,white,red,Able Sisters,Available from either Mable's temporary shop or Able Sisters shop,simple,everyday; outdoorsy; sporty,fs
tube socks,https://acnhcdn.com/latest/ClosetIcon/SocksTexLine4.png,navy blue,No,480,120,gray,blue,Able Sisters,Available from either Mable's temporary shop or Able Sisters shop,simple,everyday; outdoorsy; sporty,fs
tube socks,https://acnhcdn.com/latest/ClosetIcon/SocksTexLine5.png,berry red,No,480,120,gray,red,Able Sisters,Available from either Mable's temporary shop or Able Sisters shop,simple,everyday; outdoorsy; sporty,fs
tube socks,https://acnhcdn.com/latest/ClosetIcon/SocksTexLine6.png,dark green,No,480,120,gray,green,Able Sisters,Available from either Mable's temporary shop or Able Sisters shop,simple,everyday; outdoorsy; sporty,fs
tube socks,https://acnhcdn.com/latest/ClosetIcon/SocksTexLine7.png,purple,No,480,120,gray,purple,Able Sisters,Available from either Mable's temporary shop or Able Sisters shop,simple,everyday; outdoorsy; sporty,fs
ultra no-show socks,https://acnhcdn.com/latest/ClosetIcon/SocksTexFootcover0.png,blue,No,480,120,blue,blue,Able Sisters,Available from either Mable's temporary shop or Able Sisters shop,simple,everyday; outdoorsy; sporty,fs
ultra no-show socks,https://acnhcdn.com/latest/ClosetIcon/SocksTexFootcover1.png,pink,No,480,120,pink,pink,Able Sisters,Available from either Mable's temporary shop or Able Sisters shop,simple,everyday; outdoorsy; sporty,fs
ultra no-show socks,https://acnhcdn.com/latest/ClosetIcon/SocksTexFootcover2.png,brown,No,480,120,brown,brown,Able Sisters,Available from either Mable's temporary shop or Able Sisters shop,simple,everyday; outdoorsy; sporty,fs
ultra no-show socks,https://acnhcdn.com/latest/ClosetIcon/SocksTexFootcover3.png,olive,No,480,120,green,green,Able Sisters,Available from either Mable's temporary shop or Able Sisters shop,simple,everyday; outdoorsy; sporty,fs
ultra no-show socks,https://acnhcdn.com/latest/ClosetIcon/SocksTexFootcover4.png,green,No,480,120,green,green,Able Sisters,Available from either Mable's temporary shop or Able Sisters shop,simple,everyday; outdoorsy; sporty,fs
ultra no-show socks,https://acnhcdn.com/latest/ClosetIcon/SocksTexFootcover5.png,purple,No,480,120,purple,purple,Able Sisters,Available from either Mable's temporary shop or Able Sisters shop,simple,everyday; outdoorsy; sporty,fs
ultra no-show socks,https://acnhcdn.com/latest/ClosetIcon/SocksTexFootcover6.png,black,No,480,120,black,black,Able Sisters,Available from either Mable's temporary shop or Able Sisters shop,simple,everyday; outdoorsy; sporty,fs
ultra no-show socks,https://acnhcdn.com/latest/ClosetIcon/SocksTexFootcover7.png,white,No,480,120,white,white,Able Sisters,Available from either Mable's temporary shop or Able Sisters shop,simple,everyday; outdoorsy; sporty,fs
vivid leggings,https://acnhcdn.com/latest/ClosetIcon/SocksTexVividleggings0.png,light blue,No,450,112,light blue,light blue,Able Sisters,Available from Able Sisters shop only,simple,outdoorsy; party; theatrical,fs
vivid leggings,https://acnhcdn.com/latest/ClosetIcon/SocksTexVividleggings1.png,purple,No,450,112,purple,purple,Able Sisters,Available from Able Sisters shop only,simple,outdoorsy; party; theatrical,fs
vivid leggings,https://acnhcdn.com/latest/ClosetIcon/SocksTexVividleggings2.png,red,No,450,112,red,red,Able Sisters,Available from Able Sisters shop only,simple,outdoorsy; party; theatrical,fs
vivid leggings,https://acnhcdn.com/latest/ClosetIcon/SocksTexVividleggings3.png,pink,No,450,112,pink,pink,Able Sisters,Available from Able Sisters shop only,simple,outdoorsy; party; theatrical,fs
vivid leggings,https://acnhcdn.com/latest/ClosetIcon/SocksTexVividleggings4.png,blue,No,450,112,blue,blue,Able Sisters,Available from Able Sisters shop only,simple,outdoorsy; party; theatrical,fs
vivid leggings,https://acnhcdn.com/latest/ClosetIcon/SocksTexVividleggings5.png,yellow,No,450,112,yellow,yellow,Able Sisters,Available from Able Sisters shop only,simple,outdoorsy; party; theatrical,fs
vivid leggings,https://acnhcdn.com/latest/ClosetIcon/SocksTexVividleggings6.png,green,No,450,112,green,green,Able Sisters,Available from Able Sisters shop only,simple,outdoorsy; party; theatrical,fs
vivid leggings,https://acnhcdn.com/latest/ClosetIcon/SocksTexVividleggings7.png,orange,No,450,112,orange,orange,Able Sisters,Available from Able Sisters shop only,simple,outdoorsy; party; theatrical,fs
vivid socks,https://acnhcdn.com/latest/ClosetIcon/SocksTexStandard1.png,green,No,480,120,green,green,Able Sisters,Available from Able Sisters shop only,simple,everyday; party; theatrical,fs
vivid socks,https://acnhcdn.com/latest/ClosetIcon/SocksTexVividsocks0.png,red,No,480,120,red,red,Able Sisters,Available from Able Sisters shop only,simple,everyday; party; theatrical,fs
vivid socks,https://acnhcdn.com/latest/ClosetIcon/SocksTexVividsocks2.png,light blue,No,480,120,light blue,light blue,Able Sisters,Available from Able Sisters shop only,simple,everyday; party; theatrical,fs
vivid socks,https://acnhcdn.com/latest/ClosetIcon/SocksTexVividsocks3.png,blue,No,480,120,blue,blue,Able Sisters,Available from Able Sisters shop only,simple,everyday; party; theatrical,fs
vivid socks,https://acnhcdn.com/latest/ClosetIcon/SocksTexVividsocks4.png,purple,No,480,120,purple,purple,Able Sisters,Available from Able Sisters shop only,simple,everyday; party; theatrical,fs
vivid socks,https://acnhcdn.com/latest/ClosetIcon/SocksTexVividsocks5.png,pink,No,480,120,pink,pink,Able Sisters,Available from Able Sisters shop only,simple,everyday; party; theatrical,fs
vivid socks,https://acnhcdn.com/latest/ClosetIcon/SocksTexVividsocks6.png,orange,No,480,120,orange,orange,Able Sisters,Available from Able Sisters shop only,simple,everyday; party; theatrical,fs
vivid socks,https://acnhcdn.com/latest/ClosetIcon/SocksTexVividsocks7.png,yellow,No,480,120,yellow,yellow,Able Sisters,Available from Able Sisters shop only,simple,everyday; party; theatrical,fs
vivid tights,https://acnhcdn.com/latest/ClosetIcon/SocksTexVividtights0.png,light blue,No,720,180,light blue,light blue,Able Sisters,Available from Able Sisters shop only,simple,party; theatrical,fs
vivid tights,https://acnhcdn.com/latest/ClosetIcon/SocksTexVividtights1.png,purple,No,720,180,purple,purple,Able Sisters,Available from Able Sisters shop only,simple,party; theatrical,fs
vivid tights,https://acnhcdn.com/latest/ClosetIcon/SocksTexVividtights2.png,red,No,720,180,red,red,Able Sisters,Available from Able Sisters shop only,simple,party; theatrical,fs
vivid tights,https://acnhcdn.com/latest/ClosetIcon/SocksTexVividtights3.png,pink,No,720,180,pink,pink,Able Sisters,Available from Able Sisters shop only,simple,party; theatrical,fs
vivid tights,https://acnhcdn.com/latest/ClosetIcon/SocksTexVividtights4.png,blue,No,720,180,blue,blue,Able Sisters,Available from Able Sisters shop only,simple,party; theatrical,fs
vivid tights,https://acnhcdn.com/latest/ClosetIcon/SocksTexVividtights5.png,yellow,No,720,180,yellow,yellow,Able Sisters,Available from Able Sisters shop only,simple,party; theatrical,fs
vivid tights,https://acnhcdn.com/latest/ClosetIcon/SocksTexVividtights6.png,green,No,720,180,green,green,Able Sisters,Available from Able Sisters shop only,simple,party; theatrical,fs
vivid tights,https://acnhcdn.com/latest/ClosetIcon/SocksTexVividtights7.png,orange,No,720,180,orange,orange,Able Sisters,Available from Able Sisters shop only,simple,party; theatrical,fs
wave-print socks,https://acnhcdn.com/latest/ClosetIcon/SocksTexWave0.png,blue,No,600,150,blue,light blue,Kicks,,cool,everyday,fs
wave-print socks,https://acnhcdn.com/latest/ClosetIcon/SocksTexWave1.png,brown,No,600,150,brown,beige,Kicks,,cool,everyday,fs
wave-print socks,https://acnhcdn.com/latest/ClosetIcon/SocksTexWave2.png,purple,No,600,150,purple,pink,Kicks,,cool,everyday,fs
wave-print socks,https://acnhcdn.com/latest/ClosetIcon/SocksTexWave3.png,green,No,600,150,green,green,Kicks,,cool,everyday,fs
wave-print socks,https://acnhcdn.com/latest/ClosetIcon/SocksTexWave4.png,gray,No,600,150,black,gray,Kicks,,cool,everyday,fs
