Name,Image,Variation,DIY,Buy,Sell,Color1,Color2,Size,Source,SourceNotes,Version,Style,LabelThemes,Catalog,Filename,InternalID,UniqueEntryID
aerobics leggings,https://acnhcdn.com/acdb/socks/SocksTexAerobics0.png,Red & pink,No,700,175,Pink,Red,1x1,Kicks,,1.0.0,Active,sporty,For sale,SocksTexAerobics0,5197,Smui8G3P6D8WgqK9G
aerobics leggings,https://acnhcdn.com/acdb/socks/SocksTexAerobics1.png,Emerald & lime,No,700,175,Green,Light blue,1x1,Kicks,,1.0.0,Active,sporty,For sale,SocksTexAerobics1,9794,eZKx89GvGsXcSDiMk
aerobics leggings,https://acnhcdn.com/acdb/socks/SocksTexAerobics2.png,Purple & orange,No,700,175,Orange,Purple,1x1,Kicks,,1.0.0,Active,sporty,For sale,SocksTexAerobics2,9795,jWvfpeefbhQpHQFoM
aerobics leggings,https://acnhcdn.com/acdb/socks/SocksTexAerobics3.png,Light blue & salmon pink,No,700,175,Pink,Light blue,1x1,Kicks,,1.0.0,Active,sporty,For sale,SocksTexAerobics3,9796,nYBBFZjyvYjTSN4fD
aerobics leggings,https://acnhcdn.com/acdb/socks/SocksTexAerobics4.png,Yellow & blue,No,700,175,Blue,Yellow,1x1,Kicks,,1.0.0,Active,sporty,For sale,SocksTexAerobics4,9797,gYqiyt5aP9KjqNnXQ
Aran-knit socks,https://acnhcdn.com/acdb/socks/SocksTexAlan0.png,Beige,No,720,180,Beige,Beige,1x1,Able Sisters,Available from either Mable's temporary shop or Able Sisters shop,1.0.0,Simple,everyday; comfy,For sale,SocksTexAlan0,4742,stTCJiLMdhmZ2ztyw
Aran-knit socks,https://acnhcdn.com/acdb/socks/SocksTexAlan1.png,White,No,720,180,White,White,1x1,Able Sisters,Available from either Mable's temporary shop or Able Sisters shop,1.0.0,Simple,everyday; comfy,For sale,SocksTexAlan1,9058,XX9wX5KzyENyLGa5e
Aran-knit socks,https://acnhcdn.com/acdb/socks/SocksTexAlan2.png,Red,No,720,180,Red,Red,1x1,Able Sisters,Available from either Mable's temporary shop or Able Sisters shop,1.0.0,Simple,everyday; comfy,For sale,SocksTexAlan2,9059,7xkmotJQfLFN6Rohx
Aran-knit socks,https://acnhcdn.com/acdb/socks/SocksTexAlan3.png,Green,No,720,180,Green,Green,1x1,Able Sisters,Available from either Mable's temporary shop or Able Sisters shop,1.0.0,Simple,everyday; comfy,For sale,SocksTexAlan3,9060,NH6u8astq42zMebAa
Aran-knit socks,https://acnhcdn.com/acdb/socks/SocksTexAlan4.png,Blue,No,720,180,Blue,Blue,1x1,Able Sisters,Available from either Mable's temporary shop or Able Sisters shop,1.0.0,Simple,everyday; comfy,For sale,SocksTexAlan4,9061,Gardfqrryv6SLZSQB
Aran-knit socks,https://acnhcdn.com/acdb/socks/SocksTexAlan5.png,Black,No,720,180,Black,Black,1x1,Able Sisters,Available from either Mable's temporary shop or Able Sisters shop,1.0.0,Simple,everyday; comfy,For sale,SocksTexAlan5,9062,pLZq39rKg8rn454r4
argyle crew socks,https://acnhcdn.com/acdb/socks/SocksTexArgyle0.png,Blue,No,720,180,Blue,Light blue,1x1,Able Sisters,Available from Able Sisters shop only,1.0.0,Elegant,everyday; formal; work,For sale,SocksTexArgyle0,5806,QyJBC6G3E7dzXidaW
argyle crew socks,https://acnhcdn.com/acdb/socks/SocksTexArgyle1.png,Red,No,720,180,Red,White,1x1,Able Sisters,Available from Able Sisters shop only,1.0.0,Elegant,everyday; formal; work,For sale,SocksTexArgyle1,9921,9MeYsgc2wAGCmj4mC
argyle crew socks,https://acnhcdn.com/acdb/socks/SocksTexArgyle2.png,Green,No,720,180,Green,Yellow,1x1,Able Sisters,Available from Able Sisters shop only,1.0.0,Elegant,everyday; formal; work,For sale,SocksTexArgyle2,9922,dm4YEXfYftcwG3NB8
argyle crew socks,https://acnhcdn.com/acdb/socks/SocksTexArgyle3.png,Beige,No,720,180,Beige,Brown,1x1,Able Sisters,Available from Able Sisters shop only,1.0.0,Elegant,everyday; formal; work,For sale,SocksTexArgyle3,9923,KrrN2AHTcePZaMyMo
argyle crew socks,https://acnhcdn.com/acdb/socks/SocksTexArgyle4.png,Gray,No,720,180,Gray,Pink,1x1,Able Sisters,Available from Able Sisters shop only,1.0.0,Elegant,everyday; formal; work,For sale,SocksTexArgyle4,9924,2LSJz8d2eCLmuyiMg
argyle crew socks,https://acnhcdn.com/acdb/socks/SocksTexArgyle5.png,White,No,720,180,White,Red,1x1,Able Sisters,Available from Able Sisters shop only,1.0.0,Elegant,everyday; formal; work,For sale,SocksTexArgyle5,9925,dT8t2ZMFSfktJkoDd
argyle crew socks,https://acnhcdn.com/acdb/socks/SocksTexArgyle6.png,Orange,No,720,180,Orange,White,1x1,Able Sisters,Available from Able Sisters shop only,1.0.0,Elegant,everyday; formal; work,For sale,SocksTexArgyle6,9926,CyRT5FdBTnic9cYrF
argyle crew socks,https://acnhcdn.com/acdb/socks/SocksTexArgyle7.png,Pink,No,720,180,Pink,White,1x1,Able Sisters,Available from Able Sisters shop only,1.0.0,Elegant,everyday; formal; work,For sale,SocksTexArgyle7,9927,9Gibgt5gRyngn6EuR
back-bow socks,https://acnhcdn.com/acdb/socks/SocksTexRibbon0.png,Pink,No,600,150,Pink,Black,1x1,Kicks,,1.0.0,Cute,everyday; fairy tale; party; vacation,For sale,SocksTexRibbon0,4718,SerX2gLYQTKxmFi7W
back-bow socks,https://acnhcdn.com/acdb/socks/SocksTexRibbon1.png,Yellow,No,600,150,Yellow,Green,1x1,Kicks,,1.0.0,Cute,everyday; fairy tale; party; vacation,For sale,SocksTexRibbon1,9053,KE3idPQwqM2kvbNFw
back-bow socks,https://acnhcdn.com/acdb/socks/SocksTexRibbon2.png,Black,No,600,150,Black,White,1x1,Kicks,,1.0.0,Cute,everyday; fairy tale; party; vacation,For sale,SocksTexRibbon2,9054,NbaHgge5Zf54Y6dQT
back-bow socks,https://acnhcdn.com/acdb/socks/SocksTexRibbon3.png,White,No,600,150,White,Pink,1x1,Kicks,,1.0.0,Cute,everyday; fairy tale; party; vacation,For sale,SocksTexRibbon3,9055,NXYXEomdp3yqkafZ7
back-bow socks,https://acnhcdn.com/acdb/socks/SocksTexRibbon4.png,Blue,No,600,150,Light blue,Yellow,1x1,Kicks,,1.0.0,Cute,everyday; fairy tale; party; vacation,For sale,SocksTexRibbon4,9056,ZuzCi6zDF9G9Swfci
back-bow socks,https://acnhcdn.com/acdb/socks/SocksTexRibbon5.png,Peacock blue,No,600,150,Green,Pink,1x1,Kicks,,1.0.0,Cute,everyday; fairy tale; party; vacation,For sale,SocksTexRibbon5,9057,ju47pefTtHj739pAr
bobby socks,https://acnhcdn.com/acdb/socks/SocksTexFolded0.png,White,No,480,120,White,White,1x1,Able Sisters,Available from either Mable's temporary shop or Able Sisters shop,1.0.0,Elegant,formal; work,For sale,SocksTexFolded0,5171,aL52HPePkC84gPQup
bobby socks,https://acnhcdn.com/acdb/socks/SocksTexFolded1.png,Gray,No,480,120,Gray,Gray,1x1,Able Sisters,Available from either Mable's temporary shop or Able Sisters shop,1.0.0,Elegant,formal; work,For sale,SocksTexFolded1,10017,a9aLEHyXSdpHqYLm8
bobby socks,https://acnhcdn.com/acdb/socks/SocksTexFolded2.png,Black,No,480,120,Black,Black,1x1,Able Sisters,Available from either Mable's temporary shop or Able Sisters shop,1.0.0,Elegant,formal; work,For sale,SocksTexFolded2,10018,iby3kB32wD5rkxYod
bobby socks,https://acnhcdn.com/acdb/socks/SocksTexFolded3.png,Brown,No,480,120,Brown,Brown,1x1,Able Sisters,Available from either Mable's temporary shop or Able Sisters shop,1.0.0,Elegant,formal; work,For sale,SocksTexFolded3,10019,ZH9uTJSirjyNrH3Qw
color-blocked socks,https://acnhcdn.com/acdb/socks/SocksTexMultiblock0.png,Purple,No,840,210,Purple,Colorful,1x1,Kicks,,1.0.0,Cute,everyday,For sale,SocksTexMultiblock0,5180,5nRBXNdkdjyAjs5RQ
color-blocked socks,https://acnhcdn.com/acdb/socks/SocksTexMultiblock1.png,Green,No,840,210,Green,Colorful,1x1,Kicks,,1.0.0,Cute,everyday,For sale,SocksTexMultiblock1,9895,gSZ3co7FeNLM2DqmZ
color-blocked socks,https://acnhcdn.com/acdb/socks/SocksTexMultiblock2.png,Brown,No,840,210,Brown,Colorful,1x1,Kicks,,1.0.0,Cute,everyday,For sale,SocksTexMultiblock2,9896,tTwmQJF35W2CdDRNL
color-blocked socks,https://acnhcdn.com/acdb/socks/SocksTexMultiblock3.png,Blue,No,840,210,Blue,Colorful,1x1,Kicks,,1.0.0,Cute,everyday,For sale,SocksTexMultiblock3,9897,EKGnqpYcYK5KDre8R
color-blocked socks,https://acnhcdn.com/acdb/socks/SocksTexMultiblock4.png,Beige,No,840,210,Beige,Colorful,1x1,Kicks,,1.0.0,Cute,everyday,For sale,SocksTexMultiblock4,9898,tkbYFgGoKnqAJZ49K
color-blocked socks,https://acnhcdn.com/acdb/socks/SocksTexMultiblock5.png,White,No,840,210,White,Colorful,1x1,Kicks,,1.0.0,Cute,everyday,For sale,SocksTexMultiblock5,9899,bxt6nkbfnX6KEKifX
color-blocked socks,https://acnhcdn.com/acdb/socks/SocksTexMultiblock6.png,Lime,No,840,210,Green,Colorful,1x1,Kicks,,1.0.0,Cute,everyday,For sale,SocksTexMultiblock6,9900,jDEgNFRCGWgFw5hNq
color-blocked socks,https://acnhcdn.com/acdb/socks/SocksTexMultiblock7.png,Pink,No,840,210,Pink,Colorful,1x1,Kicks,,1.0.0,Cute,everyday,For sale,SocksTexMultiblock7,9901,3Y9LcSKLMJbT5YJfH
compression tights,https://acnhcdn.com/acdb/socks/SocksTexCompression0.png,Blue,No,600,150,Black,Blue,1x1,Kicks,,1.0.0,Active,outdoorsy; sporty; work,For sale,SocksTexCompression0,5170,Fc8uttzc2hwQM7RKw
compression tights,https://acnhcdn.com/acdb/socks/SocksTexCompression1.png,Yellow,No,600,150,Black,Yellow,1x1,Kicks,,1.0.0,Active,outdoorsy; sporty; work,For sale,SocksTexCompression1,9790,otHYAzdH3cf86yKEo
compression tights,https://acnhcdn.com/acdb/socks/SocksTexCompression2.png,Pink,No,600,150,Black,Pink,1x1,Kicks,,1.0.0,Active,outdoorsy; sporty; work,For sale,SocksTexCompression2,9791,SsdRjyHarAqc72Kmv
compression tights,https://acnhcdn.com/acdb/socks/SocksTexCompression3.png,Mint,No,600,150,Black,Green,1x1,Kicks,,1.0.0,Active,outdoorsy; sporty; work,For sale,SocksTexCompression3,9792,j6AcTLGBGdk9xgThP
compression tights,https://acnhcdn.com/acdb/socks/SocksTexCompression4.png,Red,No,600,150,Black,Red,1x1,Kicks,,1.0.0,Active,outdoorsy; sporty; work,For sale,SocksTexCompression4,9793,qrFTn5ab3j4nHqzwd
country socks,https://acnhcdn.com/acdb/socks/SocksTexCountry0.png,Red ribbons,No,720,180,White,Red,1x1,Able Sisters,Available from Able Sisters shop only,1.0.0,Elegant,formal; work,For sale,SocksTexCountry0,6044,wgBZqqpZomaTLZhcz
country socks,https://acnhcdn.com/acdb/socks/SocksTexCountry1.png,Green ribbons,No,720,180,White,Green,1x1,Able Sisters,Available from Able Sisters shop only,1.0.0,Elegant,formal; work,For sale,SocksTexCountry1,8942,RWpifRdqLmYQL5dGf
country socks,https://acnhcdn.com/acdb/socks/SocksTexCountry2.png,Blue ribbons,No,720,180,White,Blue,1x1,Able Sisters,Available from Able Sisters shop only,1.0.0,Elegant,formal; work,For sale,SocksTexCountry2,8943,mDTdqvPWaESchMEGe
country socks,https://acnhcdn.com/acdb/socks/SocksTexCountry3.png,Black ribbons,No,720,180,White,Black,1x1,Able Sisters,Available from Able Sisters shop only,1.0.0,Elegant,formal; work,For sale,SocksTexCountry3,8944,ptJF3tBrJxAYRLT5T
crocheted socks,https://acnhcdn.com/acdb/socks/SocksTexCrocheting0.png,Beige,No,600,150,Beige,Beige,1x1,Able Sisters,Available from either Mable's temporary shop or Able Sisters shop,1.0.0,Elegant,everyday; comfy,For sale,SocksTexCrocheting0,5202,phkn7YMAHEZZFyC3L
crocheted socks,https://acnhcdn.com/acdb/socks/SocksTexCrocheting1.png,Gray,No,600,150,Gray,Gray,1x1,Able Sisters,Available from either Mable's temporary shop or Able Sisters shop,1.0.0,Elegant,everyday; comfy,For sale,SocksTexCrocheting1,8939,mopfLb9yhXEj9qXS2
crocheted socks,https://acnhcdn.com/acdb/socks/SocksTexCrocheting2.png,Purple,No,600,150,Pink,Pink,1x1,Able Sisters,Available from either Mable's temporary shop or Able Sisters shop,1.0.0,Elegant,everyday; comfy,For sale,SocksTexCrocheting2,8940,PT7ZGkfTfkvtkBmJx
crocheted socks,https://acnhcdn.com/acdb/socks/SocksTexCrocheting3.png,Blue,No,600,150,Light blue,Light blue,1x1,Able Sisters,Available from either Mable's temporary shop or Able Sisters shop,1.0.0,Elegant,everyday; comfy,For sale,SocksTexCrocheting3,8941,k8aPtaZcFrRZwZvD6
denim leggings,https://acnhcdn.com/acdb/socks/SocksTexDenimleggings0.png,Blue,No,540,135,Blue,Blue,1x1,Able Sisters,Available from either Mable's temporary shop or Able Sisters shop,1.0.0,Simple,everyday; outdoorsy; sporty,For sale,SocksTexDenimleggings0,4745,3FSnfcpAYm5Fjbctc
denim leggings,https://acnhcdn.com/acdb/socks/SocksTexDenimleggings1.png,Indigo blue,No,540,135,Blue,Blue,1x1,Able Sisters,Available from either Mable's temporary shop or Able Sisters shop,1.0.0,Simple,everyday; outdoorsy; sporty,For sale,SocksTexDenimleggings1,9782,zX9ge6E48pkgAtvJG
denim leggings,https://acnhcdn.com/acdb/socks/SocksTexDenimleggings2.png,Saxon blue,No,540,135,Light blue,Light blue,1x1,Able Sisters,Available from either Mable's temporary shop or Able Sisters shop,1.0.0,Simple,everyday; outdoorsy; sporty,For sale,SocksTexDenimleggings2,9783,z4ygu9Huw9NGZBeYZ
denim leggings,https://acnhcdn.com/acdb/socks/SocksTexDenimleggings3.png,Light blue,No,540,135,Light blue,Light blue,1x1,Able Sisters,Available from either Mable's temporary shop or Able Sisters shop,1.0.0,Simple,everyday; outdoorsy; sporty,For sale,SocksTexDenimleggings3,9784,kJjSEP42iYeHw2XTP
dotted knee-high socks,https://acnhcdn.com/acdb/socks/SocksTexDotknee0.png,Black,No,720,180,Black,Black,1x1,Able Sisters,Available from Able Sisters shop only,1.0.0,Cute,everyday,For sale,SocksTexDotknee0,12174,NvX65fPWJDEAJdBh8
dotted knee-high socks,https://acnhcdn.com/acdb/socks/SocksTexDotknee1.png,Yellow,No,720,180,Yellow,Yellow,1x1,Able Sisters,Available from Able Sisters shop only,1.0.0,Cute,everyday,For sale,SocksTexDotknee1,12179,2yn8c76aCod8W6H9t
dotted knee-high socks,https://acnhcdn.com/acdb/socks/SocksTexDotknee2.png,Cyan,No,720,180,Green,Green,1x1,Able Sisters,Available from Able Sisters shop only,1.0.0,Cute,everyday,For sale,SocksTexDotknee2,12180,Kvp83zH2Qcp6XeJro
dotted knee-high socks,https://acnhcdn.com/acdb/socks/SocksTexDotknee3.png,Gray,No,720,180,Gray,Gray,1x1,Able Sisters,Available from Able Sisters shop only,1.0.0,Cute,everyday,For sale,SocksTexDotknee3,12181,wJw3R2v2MKdSepbvE
embroidered-flower tights,https://acnhcdn.com/acdb/socks/SocksTexEmbroidery0.png,Brown,No,1000,250,Brown,Red,1x1,Able Sisters,Available from Able Sisters shop only,1.0.0,Cute,everyday; fairy tale; party,For sale,SocksTexEmbroidery0,5204,qAsvxHbnuC6DDNZjG
embroidered-flower tights,https://acnhcdn.com/acdb/socks/SocksTexEmbroidery1.png,Black,No,1000,250,Black,White,1x1,Able Sisters,Available from Able Sisters shop only,1.0.0,Cute,everyday; fairy tale; party,For sale,SocksTexEmbroidery1,9907,SiWtz8aTYoK75JfRz
embroidered-flower tights,https://acnhcdn.com/acdb/socks/SocksTexEmbroidery2.png,Green,No,1000,250,Green,Yellow,1x1,Able Sisters,Available from Able Sisters shop only,1.0.0,Cute,everyday; fairy tale; party,For sale,SocksTexEmbroidery2,9908,jPQA8CohQNBhSwsiq
embroidered-flower tights,https://acnhcdn.com/acdb/socks/SocksTexEmbroidery3.png,Beige,No,1000,250,Beige,Red,1x1,Able Sisters,Available from Able Sisters shop only,1.0.0,Cute,everyday; fairy tale; party,For sale,SocksTexEmbroidery3,9909,fwcHa7FkHcm4BZdYP
embroidered-flower tights,https://acnhcdn.com/acdb/socks/SocksTexEmbroidery4.png,Blue,No,1000,250,Blue,Orange,1x1,Able Sisters,Available from Able Sisters shop only,1.0.0,Cute,everyday; fairy tale; party,For sale,SocksTexEmbroidery4,9910,fmZu6dNagF4XW6rvd
embroidered-flower tights,https://acnhcdn.com/acdb/socks/SocksTexEmbroidery5.png,Purple,No,1000,250,Purple,Pink,1x1,Able Sisters,Available from Able Sisters shop only,1.0.0,Cute,everyday; fairy tale; party,For sale,SocksTexEmbroidery5,9911,iivtbk5pG2i2asvBC
everyday socks,https://acnhcdn.com/acdb/socks/SocksTexDailysocks0.png,Brown,No,600,150,Brown,Brown,1x1,Able Sisters,Available from either Mable's temporary shop or Able Sisters shop,1.0.0,Simple,everyday; work,For sale,SocksTexDailysocks0,9645,7NubAsby6JGtDjkQE
everyday socks,https://acnhcdn.com/acdb/socks/SocksTexDailysocks1.png,Black,No,600,150,Black,Black,1x1,Able Sisters,Available from either Mable's temporary shop or Able Sisters shop,1.0.0,Simple,everyday; work,For sale,SocksTexDailysocks1,10034,Pe45hBHF5EJnYr9Es
everyday socks,https://acnhcdn.com/acdb/socks/SocksTexDailysocks2.png,Navy blue,No,600,150,Blue,Blue,1x1,Able Sisters,Available from either Mable's temporary shop or Able Sisters shop,1.0.0,Simple,everyday; work,For sale,SocksTexDailysocks2,10035,MyTLF7gvqar4TjoR3
everyday socks,https://acnhcdn.com/acdb/socks/SocksTexDailysocks3.png,Gray,No,600,150,Gray,Gray,1x1,Able Sisters,Available from either Mable's temporary shop or Able Sisters shop,1.0.0,Simple,everyday; work,For sale,SocksTexDailysocks3,10036,RYHfit78bZMtfDcGL
everyday socks,https://acnhcdn.com/acdb/socks/SocksTexDailysocks4.png,Beige,No,600,150,Beige,Beige,1x1,Able Sisters,Available from either Mable's temporary shop or Able Sisters shop,1.0.0,Simple,everyday; work,For sale,SocksTexDailysocks4,10037,AjdoBNEpkupPceJ4z
everyday socks,https://acnhcdn.com/acdb/socks/SocksTexDailysocks5.png,White,No,600,150,White,White,1x1,Able Sisters,Available from either Mable's temporary shop or Able Sisters shop,1.0.0,Simple,everyday; work,For sale,SocksTexDailysocks5,10038,4s4vWXEwkLbb3efNb
everyday tights,https://acnhcdn.com/acdb/socks/SocksTexDailytights0.png,Black,No,720,180,Black,Black,1x1,Able Sisters,Available from either Mable's temporary shop or Able Sisters shop,1.0.0,Simple,everyday; work,For sale,SocksTexDailytights0,9581,rh6Bpp5D5QL7QXt7F
everyday tights,https://acnhcdn.com/acdb/socks/SocksTexDailytights1.png,Light gray,No,720,180,Gray,Gray,1x1,Able Sisters,Available from either Mable's temporary shop or Able Sisters shop,1.0.0,Simple,everyday; work,For sale,SocksTexDailytights1,9682,GG4hZNfY85kX42aEe
everyday tights,https://acnhcdn.com/acdb/socks/SocksTexDailytights2.png,Gray,No,720,180,Gray,Gray,1x1,Able Sisters,Available from either Mable's temporary shop or Able Sisters shop,1.0.0,Simple,everyday; work,For sale,SocksTexDailytights2,9683,HWnMuGqHxjQLh7yDJ
everyday tights,https://acnhcdn.com/acdb/socks/SocksTexDailytights3.png,White,No,720,180,White,White,1x1,Able Sisters,Available from either Mable's temporary shop or Able Sisters shop,1.0.0,Simple,everyday; work,For sale,SocksTexDailytights3,9684,iENLav487Pt8WgfWk
everyday tights,https://acnhcdn.com/acdb/socks/SocksTexDailytights4.png,Navy blue,No,720,180,Blue,Blue,1x1,Able Sisters,Available from either Mable's temporary shop or Able Sisters shop,1.0.0,Simple,everyday; work,For sale,SocksTexDailytights4,9685,Byc5JuPksWfY4wprE
everyday tights,https://acnhcdn.com/acdb/socks/SocksTexDailytights5.png,Beige,No,720,180,Beige,Beige,1x1,Able Sisters,Available from either Mable's temporary shop or Able Sisters shop,1.0.0,Simple,everyday; work,For sale,SocksTexDailytights5,9686,w9RMWiq6CjrmwWJtN
fishnet tights,https://acnhcdn.com/acdb/socks/SocksTexAmitights0.png,Black,No,480,120,Black,Black,1x1,Able Sisters,Available from Able Sisters shop only,1.0.0,Elegant,party; theatrical,For sale,SocksTexAmitights0,3096,3tL4DiJ9rWHthc9Pk
fishnet tights,https://acnhcdn.com/acdb/socks/SocksTexAmitights1.png,White,No,480,120,White,White,1x1,Able Sisters,Available from Able Sisters shop only,1.0.0,Elegant,party; theatrical,For sale,SocksTexAmitights1,9659,gsjb2cGwKR3nQswoP
fishnet tights,https://acnhcdn.com/acdb/socks/SocksTexAmitights2.png,Red,No,480,120,Red,Red,1x1,Able Sisters,Available from Able Sisters shop only,1.0.0,Elegant,party; theatrical,For sale,SocksTexAmitights2,9660,48n6aHZGEPnDEK9jx
flowery-dot tights,https://acnhcdn.com/acdb/socks/SocksTexFlowerdot0.png,White,No,720,180,White,White,1x1,Able Sisters,Available from Able Sisters shop only,1.0.0,Elegant,fairy tale; formal; party; theatrical,For sale,SocksTexFlowerdot0,5804,PMGBtgwgdqyfgFLGT
flowery-dot tights,https://acnhcdn.com/acdb/socks/SocksTexFlowerdot1.png,Pink,No,720,180,Pink,White,1x1,Able Sisters,Available from Able Sisters shop only,1.0.0,Elegant,fairy tale; formal; party; theatrical,For sale,SocksTexFlowerdot1,9917,iPqdJXpkmoQHFa3bk
flowery-dot tights,https://acnhcdn.com/acdb/socks/SocksTexFlowerdot2.png,Blue,No,720,180,Light blue,White,1x1,Able Sisters,Available from Able Sisters shop only,1.0.0,Elegant,fairy tale; formal; party; theatrical,For sale,SocksTexFlowerdot2,9918,LQLHZmbq5ooLpTaSc
flowery-dot tights,https://acnhcdn.com/acdb/socks/SocksTexFlowerdot3.png,Yellow,No,720,180,Yellow,White,1x1,Able Sisters,Available from Able Sisters shop only,1.0.0,Elegant,fairy tale; formal; party; theatrical,For sale,SocksTexFlowerdot3,9919,MKk8HkGiw8Dm5isEd
flowery-dot tights,https://acnhcdn.com/acdb/socks/SocksTexFlowerdot4.png,Black,No,720,180,Black,Black,1x1,Able Sisters,Available from Able Sisters shop only,1.0.0,Elegant,fairy tale; formal; party; theatrical,For sale,SocksTexFlowerdot4,9920,Can7JCiG9L8Hm9TDc
frilly knee-high socks,https://acnhcdn.com/acdb/socks/SocksTexFrilledknee0.png,Black,No,840,210,Black,White,1x1,Kicks,,1.0.0,Cute,everyday; fairy tale; party; theatrical,For sale,SocksTexFrilledknee0,5172,vmXP6mnS88memLCX4
frilly knee-high socks,https://acnhcdn.com/acdb/socks/SocksTexFrilledknee1.png,Green,No,840,210,Green,White,1x1,Kicks,,1.0.0,Cute,everyday; fairy tale; party; theatrical,For sale,SocksTexFrilledknee1,11589,3Q2vgyB7ck687Eyqg
frilly knee-high socks,https://acnhcdn.com/acdb/socks/SocksTexFrilledknee2.png,Red,No,840,210,Red,White,1x1,Kicks,,1.0.0,Cute,everyday; fairy tale; party; theatrical,For sale,SocksTexFrilledknee2,11590,xds2s4575YP27vR8A
frilly knee-high socks,https://acnhcdn.com/acdb/socks/SocksTexFrilledknee3.png,Brown,No,840,210,Orange,White,1x1,Kicks,,1.0.0,Cute,everyday; fairy tale; party; theatrical,For sale,SocksTexFrilledknee3,11591,JNi4geueh5oD227xR
frilly knee-high socks,https://acnhcdn.com/acdb/socks/SocksTexFrilledknee4.png,Mint,No,840,210,Light blue,White,1x1,Kicks,,1.0.0,Cute,everyday; fairy tale; party; theatrical,For sale,SocksTexFrilledknee4,11592,CWTTXCXbYiGajL8GN
frilly knee-high socks,https://acnhcdn.com/acdb/socks/SocksTexFrilledknee5.png,Pink,No,840,210,Pink,White,1x1,Kicks,,1.0.0,Cute,everyday; fairy tale; party; theatrical,For sale,SocksTexFrilledknee5,11593,v9tYcuwPdAT7v3wQS
frilly knee-high socks,https://acnhcdn.com/acdb/socks/SocksTexFrilledknee6.png,Purple,No,840,210,Purple,White,1x1,Kicks,,1.0.0,Cute,everyday; fairy tale; party; theatrical,For sale,SocksTexFrilledknee6,11594,WXa2dtqHH4yTqi72y
frilly knee-high socks,https://acnhcdn.com/acdb/socks/SocksTexFrilledknee7.png,Yellow,No,840,210,Yellow,White,1x1,Kicks,,1.0.0,Cute,everyday; fairy tale; party; theatrical,For sale,SocksTexFrilledknee7,11595,WdGcfiFNT7NYtgr2x
frilly socks,https://acnhcdn.com/acdb/socks/SocksTexFrilled0.png,White,No,720,180,White,White,1x1,Able Sisters,Available from Able Sisters shop only,1.0.0,Cute,everyday; fairy tale; formal; party,For sale,SocksTexFrilled0,5174,JjfAnWLyzasyYMg3v
frilly socks,https://acnhcdn.com/acdb/socks/SocksTexFrilled1.png,Yellow,No,720,180,Yellow,White,1x1,Able Sisters,Available from Able Sisters shop only,1.0.0,Cute,everyday; fairy tale; formal; party,For sale,SocksTexFrilled1,8934,riCwe2zM7QyECk3Jr
frilly socks,https://acnhcdn.com/acdb/socks/SocksTexFrilled2.png,Pink,No,720,180,Pink,White,1x1,Able Sisters,Available from Able Sisters shop only,1.0.0,Cute,everyday; fairy tale; formal; party,For sale,SocksTexFrilled2,8935,eReXG6NHXaQ7K3hBX
frilly socks,https://acnhcdn.com/acdb/socks/SocksTexFrilled3.png,Green,No,720,180,Green,White,1x1,Able Sisters,Available from Able Sisters shop only,1.0.0,Cute,everyday; fairy tale; formal; party,For sale,SocksTexFrilled3,8936,k4BtF693DbxH33AL6
frilly socks,https://acnhcdn.com/acdb/socks/SocksTexFrilled4.png,Purple,No,720,180,Purple,White,1x1,Able Sisters,Available from Able Sisters shop only,1.0.0,Cute,everyday; fairy tale; formal; party,For sale,SocksTexFrilled4,8937,RTFEAwp3SBjAFWdd8
frilly socks,https://acnhcdn.com/acdb/socks/SocksTexFrilled5.png,Blue,No,720,180,Light blue,White,1x1,Able Sisters,Available from Able Sisters shop only,1.0.0,Cute,everyday; fairy tale; formal; party,For sale,SocksTexFrilled5,8938,gQw822wnuA7Cvo7nF
funny-face socks,https://acnhcdn.com/acdb/socks/SocksTexCharacter0.png,Pink,No,600,150,Pink,Light blue,1x1,Kicks,,1.0.0,Active,everyday; comfy,For sale,SocksTexCharacter0,5406,foRRtKZSXYm9y3rX9
funny-face socks,https://acnhcdn.com/acdb/socks/SocksTexCharacter1.png,Blue,No,600,150,Blue,Green,1x1,Kicks,,1.0.0,Active,everyday; comfy,For sale,SocksTexCharacter1,9992,y8GCEKe7n9XX2TW4n
funny-face socks,https://acnhcdn.com/acdb/socks/SocksTexCharacter2.png,Red,No,600,150,Red,Yellow,1x1,Kicks,,1.0.0,Active,everyday; comfy,For sale,SocksTexCharacter2,9993,qSjBCKKdyA4KREoye
funny-face socks,https://acnhcdn.com/acdb/socks/SocksTexCharacter3.png,Green,No,600,150,Green,Blue,1x1,Kicks,,1.0.0,Active,everyday; comfy,For sale,SocksTexCharacter3,9994,hj2f2Lh4d4ZEWsi6B
funny-face socks,https://acnhcdn.com/acdb/socks/SocksTexCharacter4.png,Black,No,600,150,Black,Gray,1x1,Kicks,,1.0.0,Active,everyday; comfy,For sale,SocksTexCharacter4,9995,Z325j6mwSX7psKc6s
garter socks,https://acnhcdn.com/acdb/socks/SocksTexGarter0.png,Black,No,980,245,Black,Black,1x1,Kicks,,1.0.0,Cool,formal; party; theatrical,For sale,SocksTexGarter0,4747,iwKjqecWcWav7tNss
garter socks,https://acnhcdn.com/acdb/socks/SocksTexGarter1.png,White,No,980,245,White,White,1x1,Kicks,,1.0.0,Cool,formal; party; theatrical,For sale,SocksTexGarter1,9661,iDmZtgECn8KRQuAMs
garter socks,https://acnhcdn.com/acdb/socks/SocksTexGarter2.png,Purple,No,980,245,Purple,Purple,1x1,Kicks,,1.0.0,Cool,formal; party; theatrical,For sale,SocksTexGarter2,9662,RN674wx6333j9XEHA
garter socks,https://acnhcdn.com/acdb/socks/SocksTexGarter3.png,Red,No,980,245,Red,Red,1x1,Kicks,,1.0.0,Cool,formal; party; theatrical,For sale,SocksTexGarter3,9663,88SHPWGpx3C5ft2dv
geometric-print socks,https://acnhcdn.com/acdb/socks/SocksTexChimayo0.png,Yellow,No,950,237,Yellow,Colorful,1x1,Able Sisters,Available from Able Sisters shop only,1.0.0,Active,outdoorsy,For sale,SocksTexChimayo0,5444,iRLnesjDYbtq9h3KN
geometric-print socks,https://acnhcdn.com/acdb/socks/SocksTexChimayo1.png,Peacock blue,No,950,237,Light blue,Colorful,1x1,Able Sisters,Available from Able Sisters shop only,1.0.0,Active,outdoorsy,For sale,SocksTexChimayo1,9912,LREKsNHetcJzH6h8w
geometric-print socks,https://acnhcdn.com/acdb/socks/SocksTexChimayo2.png,Purple,No,950,237,Purple,Colorful,1x1,Able Sisters,Available from Able Sisters shop only,1.0.0,Active,outdoorsy,For sale,SocksTexChimayo2,9913,eLuF389npgRiWzMAS
geometric-print socks,https://acnhcdn.com/acdb/socks/SocksTexChimayo3.png,Beige,No,950,237,Beige,Colorful,1x1,Able Sisters,Available from Able Sisters shop only,1.0.0,Active,outdoorsy,For sale,SocksTexChimayo3,9914,ssdvzowHC9cjHtC7E
geometric-print socks,https://acnhcdn.com/acdb/socks/SocksTexChimayo4.png,Pink,No,950,237,Pink,Colorful,1x1,Able Sisters,Available from Able Sisters shop only,1.0.0,Active,outdoorsy,For sale,SocksTexChimayo4,9915,PuAirT3RNJoiq4EsZ
geometric-print socks,https://acnhcdn.com/acdb/socks/SocksTexChimayo5.png,Green,No,950,237,Green,Colorful,1x1,Able Sisters,Available from Able Sisters shop only,1.0.0,Active,outdoorsy,For sale,SocksTexChimayo5,9916,jiHCobNrHoCB3jBao
hand-knit socks,https://acnhcdn.com/acdb/socks/SocksTexHandknit0.png,Green,No,700,175,Green,Green,1x1,Able Sisters,Available from either Mable's temporary shop or Able Sisters shop,1.0.0,Simple,outdoorsy; comfy,For sale,SocksTexHandknit0,5196,z54zAKmuyqXF6pRiL
hand-knit socks,https://acnhcdn.com/acdb/socks/SocksTexHandknit1.png,Purple,No,700,175,Purple,Purple,1x1,Able Sisters,Available from either Mable's temporary shop or Able Sisters shop,1.0.0,Simple,outdoorsy; comfy,For sale,SocksTexHandknit1,9076,j5an4tBSddSdQKoTE
hand-knit socks,https://acnhcdn.com/acdb/socks/SocksTexHandknit2.png,Orange,No,700,175,Orange,Orange,1x1,Able Sisters,Available from either Mable's temporary shop or Able Sisters shop,1.0.0,Simple,outdoorsy; comfy,For sale,SocksTexHandknit2,9077,digGMqMoQXzCPZHcp
holey socks,https://acnhcdn.com/acdb/socks/SocksTexHole0.png,Blue,No,NFS,10,Blue,Blue,1x1,Recycle bin,,1.0.0,Simple,goth; comfy,Not for sale,SocksTexHole0,5178,eaux4kbxPYywzEPnk
holey socks,https://acnhcdn.com/acdb/socks/SocksTexHole1.png,Navy blue,No,NFS,10,Blue,Blue,1x1,Recycle bin,,1.0.0,Simple,goth; comfy,Not for sale,SocksTexHole1,9070,ekrFBBgdDZN9rCRyX
holey socks,https://acnhcdn.com/acdb/socks/SocksTexHole2.png,White,No,NFS,10,Beige,Beige,1x1,Recycle bin,,1.0.0,Simple,goth; comfy,Not for sale,SocksTexHole2,9071,mCipqhEgf8Co9QRig
holey tights,https://acnhcdn.com/acdb/socks/SocksTexHoletights0.png,Black,No,350,87,Black,Black,1x1,Able Sisters,Available from either Mable's temporary shop or Able Sisters shop,1.0.0,Cool,everyday; goth; theatrical,For sale,SocksTexHoletights0,5176,CWxgPmSn9NHnRk7n8
holey tights,https://acnhcdn.com/acdb/socks/SocksTexHoletights1.png,Pink,No,350,87,Pink,Pink,1x1,Able Sisters,Available from either Mable's temporary shop or Able Sisters shop,1.0.0,Cool,everyday; goth; theatrical,For sale,SocksTexHoletights1,9664,kfjtinkEFrk92xCDv
holey tights,https://acnhcdn.com/acdb/socks/SocksTexHoletights2.png,Light blue,No,350,87,Light blue,Light blue,1x1,Able Sisters,Available from either Mable's temporary shop or Able Sisters shop,1.0.0,Cool,everyday; goth; theatrical,For sale,SocksTexHoletights2,9665,kRb3QxmzBz664qW7k
holey tights,https://acnhcdn.com/acdb/socks/SocksTexHoletights3.png,Red,No,350,87,Red,Red,1x1,Able Sisters,Available from either Mable's temporary shop or Able Sisters shop,1.0.0,Cool,everyday; goth; theatrical,For sale,SocksTexHoletights3,9666,XddtgttTuvd2aGgJz
holey tights,https://acnhcdn.com/acdb/socks/SocksTexHoletights4.png,Purple,No,350,87,Purple,Purple,1x1,Able Sisters,Available from either Mable's temporary shop or Able Sisters shop,1.0.0,Cool,everyday; goth; theatrical,For sale,SocksTexHoletights4,9667,dwSSLoeYvH4S8Bdvf
holey tights,https://acnhcdn.com/acdb/socks/SocksTexHoletights5.png,Green,No,350,87,Green,Green,1x1,Able Sisters,Available from either Mable's temporary shop or Able Sisters shop,1.0.0,Cool,everyday; goth; theatrical,For sale,SocksTexHoletights5,9668,HsCb6Xa2yr6KfoP3j
holey tights,https://acnhcdn.com/acdb/socks/SocksTexHoletights6.png,Blue,No,350,87,Blue,Blue,1x1,Able Sisters,Available from either Mable's temporary shop or Able Sisters shop,1.0.0,Cool,everyday; goth; theatrical,For sale,SocksTexHoletights6,9669,PYaDDkoBgonoD9ZgF
holey tights,https://acnhcdn.com/acdb/socks/SocksTexHoletights7.png,Yellow,No,350,87,Yellow,Yellow,1x1,Able Sisters,Available from either Mable's temporary shop or Able Sisters shop,1.0.0,Cool,everyday; goth; theatrical,For sale,SocksTexHoletights7,9670,ZZ6wt2b5AyB4R3pEd
kiddie socks,https://acnhcdn.com/acdb/socks/SocksTexKids0.png,Red & light blue,No,600,150,Red,Light blue,1x1,Kicks,,1.0.0,Cute,everyday; outdoorsy; comfy; sporty,For sale,SocksTexKids0,5201,5mqGef4h29DktRP5J
kiddie socks,https://acnhcdn.com/acdb/socks/SocksTexKids1.png,Blue & orange,No,600,150,Blue,Orange,1x1,Kicks,,1.0.0,Cute,everyday; outdoorsy; comfy; sporty,For sale,SocksTexKids1,9985,caua8mbapACdisDuE
kiddie socks,https://acnhcdn.com/acdb/socks/SocksTexKids2.png,Lime & pink,No,600,150,Green,Pink,1x1,Kicks,,1.0.0,Cute,everyday; outdoorsy; comfy; sporty,For sale,SocksTexKids2,9986,rKW7PLjcnQTJmxLpj
kiddie socks,https://acnhcdn.com/acdb/socks/SocksTexKids3.png,Yellow & purple,No,600,150,Yellow,Purple,1x1,Kicks,,1.0.0,Cute,everyday; outdoorsy; comfy; sporty,For sale,SocksTexKids3,9987,CR4KZHwxdFpshqtRN
kiddie socks,https://acnhcdn.com/acdb/socks/SocksTexKids4.png,Light blue & red,No,600,150,Light blue,Red,1x1,Kicks,,1.0.0,Cute,everyday; outdoorsy; comfy; sporty,For sale,SocksTexKids4,9988,LFgFyfPHF5DCtB2Mg
kiddie socks,https://acnhcdn.com/acdb/socks/SocksTexKids5.png,Purple & green,No,600,150,Purple,Green,1x1,Kicks,,1.0.0,Cute,everyday; outdoorsy; comfy; sporty,For sale,SocksTexKids5,9989,Q5ppLfq9eAyh5CiDd
kiddie socks,https://acnhcdn.com/acdb/socks/SocksTexKids6.png,Pink & yellow,No,600,150,Pink,Yellow,1x1,Kicks,,1.0.0,Cute,everyday; outdoorsy; comfy; sporty,For sale,SocksTexKids6,9990,uDAkFWgcMBdTxrpe7
kiddie socks,https://acnhcdn.com/acdb/socks/SocksTexKids7.png,Black & gray,No,600,150,Black,Gray,1x1,Kicks,,1.0.0,Cute,everyday; outdoorsy; comfy; sporty,For sale,SocksTexKids7,9991,JYXCDdJSMofR4Fhgn
Labelle socks,https://acnhcdn.com/acdb/socks/SocksTexKatesocks0.png,Twilight,No,940,235,Purple,Purple,1x1,Labelle,,1.0.0,Cool,everyday; formal; sporty; theatrical,For sale,SocksTexKatesocks0,9883,hyhRxPjBSZAvnxQjr
Labelle socks,https://acnhcdn.com/acdb/socks/SocksTexKatesocks1.png,Midnight,No,940,235,Black,Black,1x1,Labelle,,1.0.0,Cool,everyday; formal; sporty; theatrical,For sale,SocksTexKatesocks1,11761,ZaX5Gyb34Kwj9bzLn
Labelle socks,https://acnhcdn.com/acdb/socks/SocksTexKatesocks2.png,Passion,No,940,235,Red,Red,1x1,Labelle,,1.0.0,Cool,everyday; formal; sporty; theatrical,For sale,SocksTexKatesocks2,11762,b7JBgeuAoWuwhKc9b
Labelle socks,https://acnhcdn.com/acdb/socks/SocksTexKatesocks3.png,Ocean,No,940,235,Blue,Blue,1x1,Labelle,,1.0.0,Cool,everyday; formal; sporty; theatrical,For sale,SocksTexKatesocks3,11763,RdoRnCSw4FpEXci5s
Labelle socks,https://acnhcdn.com/acdb/socks/SocksTexKatesocks4.png,Sunset,No,940,235,Yellow,Yellow,1x1,Labelle,,1.0.0,Cool,everyday; formal; sporty; theatrical,For sale,SocksTexKatesocks4,11764,bkDdwmPfGjYDQvo3b
Labelle socks,https://acnhcdn.com/acdb/socks/SocksTexKatesocks5.png,Love,No,940,235,Pink,Pink,1x1,Labelle,,1.0.0,Cool,everyday; formal; sporty; theatrical,For sale,SocksTexKatesocks5,11765,zSHmRiEPN4emdp2Bg
Labelle tights,https://acnhcdn.com/acdb/socks/SocksTexKatetights0.png,Twilight,No,1240,310,Purple,Purple,1x1,Labelle,,1.0.0,Elegant,everyday; formal; party; theatrical,For sale,SocksTexKatetights0,9882,dL7xeqfcNGRcayR59
Labelle tights,https://acnhcdn.com/acdb/socks/SocksTexKatetights1.png,Midnight,No,1240,310,Black,Black,1x1,Labelle,,1.0.0,Elegant,everyday; formal; party; theatrical,For sale,SocksTexKatetights1,11756,s9SheWRC6wvujqCQp
Labelle tights,https://acnhcdn.com/acdb/socks/SocksTexKatetights2.png,Passion,No,1240,310,Red,Red,1x1,Labelle,,1.0.0,Elegant,everyday; formal; party; theatrical,For sale,SocksTexKatetights2,11757,epohpktM92yF7bhcB
Labelle tights,https://acnhcdn.com/acdb/socks/SocksTexKatetights3.png,Ocean,No,1240,310,Blue,Blue,1x1,Labelle,,1.0.0,Elegant,everyday; formal; party; theatrical,For sale,SocksTexKatetights3,11758,MAHpTyaE9sPCXsKpb
Labelle tights,https://acnhcdn.com/acdb/socks/SocksTexKatetights4.png,Sunset,No,1240,310,Orange,Orange,1x1,Labelle,,1.0.0,Elegant,everyday; formal; party; theatrical,For sale,SocksTexKatetights4,11759,e5f9rJg8Qo56X6xpo
Labelle tights,https://acnhcdn.com/acdb/socks/SocksTexKatetights5.png,Love,No,1240,310,Pink,Pink,1x1,Labelle,,1.0.0,Elegant,everyday; formal; party; theatrical,For sale,SocksTexKatetights5,11760,zrQngGimLZz9HNpck
lace socks,https://acnhcdn.com/acdb/socks/SocksTexLace0.png,White,No,720,180,White,White,1x1,Able Sisters,Available from Able Sisters shop only,1.0.0,Elegant,everyday; fairy tale; formal; party,For sale,SocksTexLace0,5173,qRGNuwPJJS3YyWe7w
lace socks,https://acnhcdn.com/acdb/socks/SocksTexLace1.png,Pink,No,720,180,Pink,White,1x1,Able Sisters,Available from Able Sisters shop only,1.0.0,Elegant,everyday; fairy tale; formal; party,For sale,SocksTexLace1,8931,HMyTxrLsMc3PkSPXN
lace socks,https://acnhcdn.com/acdb/socks/SocksTexLace2.png,Green,No,720,180,Green,White,1x1,Able Sisters,Available from Able Sisters shop only,1.0.0,Elegant,everyday; fairy tale; formal; party,For sale,SocksTexLace2,8932,zFT2DpYJPacGNEAP4
lace socks,https://acnhcdn.com/acdb/socks/SocksTexLace3.png,Black,No,720,180,Black,White,1x1,Able Sisters,Available from Able Sisters shop only,1.0.0,Elegant,everyday; fairy tale; formal; party,For sale,SocksTexLace3,8933,86Y8rtryieE8cCHcS
lace socks,https://acnhcdn.com/acdb/socks/SocksTexLace4.png,Beige,No,720,180,Beige,White,1x1,Able Sisters,Available from Able Sisters shop only,1.0.0,Elegant,everyday; fairy tale; formal; party,For sale,SocksTexLace4,10170,2wWiCEyFpcC64yLJz
layered socks,https://acnhcdn.com/acdb/socks/SockstTexOverlapping0.png,Purple,No,720,180,Gray,Purple,1x1,Able Sisters,Available from Able Sisters shop only,1.0.0,Simple,everyday; comfy,For sale,SockstTexOverlapping0,5195,2am8FTEZehx7t7nh7
layered socks,https://acnhcdn.com/acdb/socks/SockstTexOverlapping1.png,Blue,No,720,180,Gray,Blue,1x1,Able Sisters,Available from Able Sisters shop only,1.0.0,Simple,everyday; comfy,For sale,SockstTexOverlapping1,9902,pYcz36NuF4WtFs6nd
layered socks,https://acnhcdn.com/acdb/socks/SockstTexOverlapping2.png,Yellow,No,720,180,Gray,Yellow,1x1,Able Sisters,Available from Able Sisters shop only,1.0.0,Simple,everyday; comfy,For sale,SockstTexOverlapping2,9903,f8f8oNrhxiA3WCZwn
layered socks,https://acnhcdn.com/acdb/socks/SockstTexOverlapping3.png,Green,No,720,180,Gray,Green,1x1,Able Sisters,Available from Able Sisters shop only,1.0.0,Simple,everyday; comfy,For sale,SockstTexOverlapping3,9904,v5xsCzumBt8AQxD2q
layered socks,https://acnhcdn.com/acdb/socks/SockstTexOverlapping4.png,Red,No,720,180,Gray,Red,1x1,Able Sisters,Available from Able Sisters shop only,1.0.0,Simple,everyday; comfy,For sale,SockstTexOverlapping4,9905,dtFsbH6p5a4dPufKx
layered socks,https://acnhcdn.com/acdb/socks/SockstTexOverlapping5.png,Orange,No,720,180,Gray,Orange,1x1,Able Sisters,Available from Able Sisters shop only,1.0.0,Simple,everyday; comfy,For sale,SockstTexOverlapping5,9906,3wugeZu3eS3Kq5Mfz
leg warmers,https://acnhcdn.com/acdb/socks/SocksTexLegwarmer0.png,Purple,No,440,110,Purple,Purple,1x1,Able Sisters,Available from either Mable's temporary shop or Able Sisters shop,1.0.0,Active,outdoorsy; comfy,For sale,SocksTexLegwarmer0,5169,XfT3B4xa9sbPq9SXo
leg warmers,https://acnhcdn.com/acdb/socks/SocksTexLegwarmer1.png,Black,No,440,110,Black,Black,1x1,Able Sisters,Available from either Mable's temporary shop or Able Sisters shop,1.0.0,Active,outdoorsy; comfy,For sale,SocksTexLegwarmer1,9785,7SjdceMm9EBftH999
leg warmers,https://acnhcdn.com/acdb/socks/SocksTexLegwarmer2.png,Gray,No,440,110,Gray,Gray,1x1,Able Sisters,Available from either Mable's temporary shop or Able Sisters shop,1.0.0,Active,outdoorsy; comfy,For sale,SocksTexLegwarmer2,9786,MRYbYyEpPpwCHQC6K
leg warmers,https://acnhcdn.com/acdb/socks/SocksTexLegwarmer3.png,Pink,No,440,110,Pink,Pink,1x1,Able Sisters,Available from either Mable's temporary shop or Able Sisters shop,1.0.0,Active,outdoorsy; comfy,For sale,SocksTexLegwarmer3,9787,YbGujwbC62LKu4EJX
leg warmers,https://acnhcdn.com/acdb/socks/SocksTexLegwarmer4.png,Light purple,No,440,110,Purple,Purple,1x1,Able Sisters,Available from either Mable's temporary shop or Able Sisters shop,1.0.0,Active,outdoorsy; comfy,For sale,SocksTexLegwarmer4,9788,HsxzpQQSheGZLynvt
leg warmers,https://acnhcdn.com/acdb/socks/SocksTexLegwarmer5.png,Blue,No,440,110,Blue,Blue,1x1,Able Sisters,Available from either Mable's temporary shop or Able Sisters shop,1.0.0,Active,outdoorsy; comfy,For sale,SocksTexLegwarmer5,9789,pLsudAtibb4CcFrXA
mixed-tweed socks,https://acnhcdn.com/acdb/socks/SocksTexMixtweed0.png,Red,No,800,200,Red,Red,1x1,Able Sisters,Available from either Mable's temporary shop or Able Sisters shop,1.0.0,Simple,everyday; comfy,For sale,SocksTexMixtweed0,5168,owfZHfF53LSDDc9oY
mixed-tweed socks,https://acnhcdn.com/acdb/socks/SocksTexMixtweed1.png,Avocado,No,800,200,Green,Green,1x1,Able Sisters,Available from either Mable's temporary shop or Able Sisters shop,1.0.0,Simple,everyday; comfy,For sale,SocksTexMixtweed1,9063,Sm9A7YY3Cop9SL2SL
mixed-tweed socks,https://acnhcdn.com/acdb/socks/SocksTexMixtweed2.png,Light blue,No,800,200,Light blue,Light blue,1x1,Able Sisters,Available from either Mable's temporary shop or Able Sisters shop,1.0.0,Simple,everyday; comfy,For sale,SocksTexMixtweed2,9064,g8E79aFTJFqNSWkHa
mixed-tweed socks,https://acnhcdn.com/acdb/socks/SocksTexMixtweed3.png,Purple,No,800,200,Purple,Purple,1x1,Able Sisters,Available from either Mable's temporary shop or Able Sisters shop,1.0.0,Simple,everyday; comfy,For sale,SocksTexMixtweed3,9065,zYKg8nbNZ4yiK8MRo
mixed-tweed socks,https://acnhcdn.com/acdb/socks/SocksTexMixtweed4.png,Blue,No,800,200,Blue,Blue,1x1,Able Sisters,Available from either Mable's temporary shop or Able Sisters shop,1.0.0,Simple,everyday; comfy,For sale,SocksTexMixtweed4,9066,8zXuSD5mWeqWx9Ya3
mixed-tweed socks,https://acnhcdn.com/acdb/socks/SocksTexMixtweed5.png,Orange,No,800,200,Orange,Orange,1x1,Able Sisters,Available from either Mable's temporary shop or Able Sisters shop,1.0.0,Simple,everyday; comfy,For sale,SocksTexMixtweed5,9067,rKn2vigLdAKyp78pT
mixed-tweed socks,https://acnhcdn.com/acdb/socks/SocksTexMixtweed6.png,Lime,No,800,200,Yellow,Yellow,1x1,Able Sisters,Available from either Mable's temporary shop or Able Sisters shop,1.0.0,Simple,everyday; comfy,For sale,SocksTexMixtweed6,9068,pYazqm8irTwb5jLvL
mixed-tweed socks,https://acnhcdn.com/acdb/socks/SocksTexMixtweed7.png,Pink,No,800,200,Beige,Beige,1x1,Able Sisters,Available from either Mable's temporary shop or Able Sisters shop,1.0.0,Simple,everyday; comfy,For sale,SocksTexMixtweed7,9069,cdQLDmrQGmcMsDCyB
neon leggings,https://acnhcdn.com/acdb/socks/SocksTexNeonleggings0.png,Yellow,No,540,135,Yellow,Orange,1x1,Able Sisters,Available from either Mable's temporary shop or Able Sisters shop,1.0.0,Active,outdoorsy; party; theatrical,For sale,SocksTexNeonleggings0,9586,RLSZDLNbLG83GjLLK
neon leggings,https://acnhcdn.com/acdb/socks/SocksTexNeonleggings1.png,Pink,No,540,135,Pink,Purple,1x1,Able Sisters,Available from either Mable's temporary shop or Able Sisters shop,1.0.0,Active,outdoorsy; party; theatrical,For sale,SocksTexNeonleggings1,9808,m3yXnPxG2S67TTXiP
neon leggings,https://acnhcdn.com/acdb/socks/SocksTexNeonleggings2.png,Orange,No,540,135,Orange,Pink,1x1,Able Sisters,Available from either Mable's temporary shop or Able Sisters shop,1.0.0,Active,outdoorsy; party; theatrical,For sale,SocksTexNeonleggings2,9809,nWcu7nF4Mm3GAaFuz
neon leggings,https://acnhcdn.com/acdb/socks/SocksTexNeonleggings3.png,Green,No,540,135,Green,Light blue,1x1,Able Sisters,Available from either Mable's temporary shop or Able Sisters shop,1.0.0,Active,outdoorsy; party; theatrical,For sale,SocksTexNeonleggings3,9810,CiRdadkZ8CZHGSLWr
neon leggings,https://acnhcdn.com/acdb/socks/SocksTexNeonleggings4.png,Purple,No,540,135,Purple,Blue,1x1,Able Sisters,Available from either Mable's temporary shop or Able Sisters shop,1.0.0,Active,outdoorsy; party; theatrical,For sale,SocksTexNeonleggings4,9811,tYx44vCXssquakWKM
neon tights,https://acnhcdn.com/acdb/socks/SocksTexNeontights0.png,Yellow,No,720,180,Yellow,Orange,1x1,Able Sisters,Available from either Mable's temporary shop or Able Sisters shop,1.0.0,Active,party; theatrical,For sale,SocksTexNeontights0,9583,ribe86zk8CSeDJcNX
neon tights,https://acnhcdn.com/acdb/socks/SocksTexNeontights1.png,Pink,No,720,180,Pink,Purple,1x1,Able Sisters,Available from either Mable's temporary shop or Able Sisters shop,1.0.0,Active,party; theatrical,For sale,SocksTexNeontights1,9694,W49nhK8ikKp6iSa5a
neon tights,https://acnhcdn.com/acdb/socks/SocksTexNeontights2.png,Orange,No,720,180,Orange,Pink,1x1,Able Sisters,Available from either Mable's temporary shop or Able Sisters shop,1.0.0,Active,party; theatrical,For sale,SocksTexNeontights2,9695,pXXmML69f4b9sRPsa
neon tights,https://acnhcdn.com/acdb/socks/SocksTexNeontights3.png,Green,No,720,180,Green,Light blue,1x1,Able Sisters,Available from either Mable's temporary shop or Able Sisters shop,1.0.0,Active,party; theatrical,For sale,SocksTexNeontights3,9696,eQLqwi3PDf8SvShDJ
neon tights,https://acnhcdn.com/acdb/socks/SocksTexNeontights4.png,Purple,No,720,180,Purple,Blue,1x1,Able Sisters,Available from either Mable's temporary shop or Able Sisters shop,1.0.0,Active,party; theatrical,For sale,SocksTexNeontights4,9697,rqxeHWvFkEJxeELii
no-show socks,https://acnhcdn.com/acdb/socks/SocksTexSneakerin0.png,Gray,No,480,120,Gray,Black,1x1,Able Sisters,Available from either Mable's temporary shop or Able Sisters shop,1.0.0,Simple,everyday; outdoorsy; comfy; sporty,For sale,SocksTexSneakerin0,4741,23uqWuWmWfQc9SZrT
no-show socks,https://acnhcdn.com/acdb/socks/SocksTexSneakerin1.png,White,No,480,120,White,Red,1x1,Able Sisters,Available from either Mable's temporary shop or Able Sisters shop,1.0.0,Simple,everyday; outdoorsy; comfy; sporty,For sale,SocksTexSneakerin1,10003,nsnHnWq7HcCK3dSS5
no-show socks,https://acnhcdn.com/acdb/socks/SocksTexSneakerin2.png,Berry red,No,480,120,Red,Gray,1x1,Able Sisters,Available from either Mable's temporary shop or Able Sisters shop,1.0.0,Simple,everyday; outdoorsy; comfy; sporty,For sale,SocksTexSneakerin2,10004,RSdqLjfMrxzg6Nmij
no-show socks,https://acnhcdn.com/acdb/socks/SocksTexSneakerin3.png,Light blue,No,480,120,Light blue,White,1x1,Able Sisters,Available from either Mable's temporary shop or Able Sisters shop,1.0.0,Simple,everyday; outdoorsy; comfy; sporty,For sale,SocksTexSneakerin3,10005,YvFWc5QiCGCypwRRn
no-show socks,https://acnhcdn.com/acdb/socks/SocksTexSneakerin4.png,Orange,No,480,120,Orange,Purple,1x1,Able Sisters,Available from either Mable's temporary shop or Able Sisters shop,1.0.0,Simple,everyday; outdoorsy; comfy; sporty,For sale,SocksTexSneakerin4,10006,QWGErd9MjKGGs4iPK
no-show socks,https://acnhcdn.com/acdb/socks/SocksTexSneakerin5.png,Green,No,480,120,Green,Blue,1x1,Able Sisters,Available from either Mable's temporary shop or Able Sisters shop,1.0.0,Simple,everyday; outdoorsy; comfy; sporty,For sale,SocksTexSneakerin5,10007,w7siY5WWvHdgEhgHS
no-show socks,https://acnhcdn.com/acdb/socks/SocksTexSneakerin6.png,Navy blue,No,480,120,Blue,Yellow,1x1,Able Sisters,Available from either Mable's temporary shop or Able Sisters shop,1.0.0,Simple,everyday; outdoorsy; comfy; sporty,For sale,SocksTexSneakerin6,10008,8ttfsejMHiMv72kta
no-show socks,https://acnhcdn.com/acdb/socks/SocksTexSneakerin7.png,Yellow,No,480,120,Yellow,Light blue,1x1,Able Sisters,Available from either Mable's temporary shop or Able Sisters shop,1.0.0,Simple,everyday; outdoorsy; comfy; sporty,For sale,SocksTexSneakerin7,10009,58eK8s82q6PQojHbZ
Nook Inc. socks,https://acnhcdn.com/acdb/socks/SocksTexBorderRco.png,Yellow,No,NFS,2000,Yellow,Orange,1x1,Nook Miles Shop,,1.0.0,Active,everyday; outdoorsy; comfy,Not for sale,SocksTexBorderRco,5629,9aX93qfqKjkA3Ah4F
nordic socks,https://acnhcdn.com/acdb/socks/SocksTexNordic0.png,Navy blue,No,840,210,Blue,Black,1x1,Able Sisters,Available from either Mable's temporary shop or Able Sisters shop,1.0.0,Elegant,everyday; outdoorsy; comfy,For sale,SocksTexNordic0,4748,YQkah68GuwuXS2Gnv
nordic socks,https://acnhcdn.com/acdb/socks/SocksTexNordic1.png,Ivory,No,840,210,Beige,Black,1x1,Able Sisters,Available from either Mable's temporary shop or Able Sisters shop,1.0.0,Elegant,everyday; outdoorsy; comfy,For sale,SocksTexNordic1,9889,HKdHEfY4v8cpzdGT2
nordic socks,https://acnhcdn.com/acdb/socks/SocksTexNordic2.png,Red,No,840,210,Red,Black,1x1,Able Sisters,Available from either Mable's temporary shop or Able Sisters shop,1.0.0,Elegant,everyday; outdoorsy; comfy,For sale,SocksTexNordic2,9890,yKLbboCACLCSWPHmw
nordic socks,https://acnhcdn.com/acdb/socks/SocksTexNordic3.png,Blue,No,840,210,Blue,Black,1x1,Able Sisters,Available from either Mable's temporary shop or Able Sisters shop,1.0.0,Elegant,everyday; outdoorsy; comfy,For sale,SocksTexNordic3,9891,x493oaGe4pAqW8Tue
nordic socks,https://acnhcdn.com/acdb/socks/SocksTexNordic4.png,Gray,No,840,210,Gray,Black,1x1,Able Sisters,Available from either Mable's temporary shop or Able Sisters shop,1.0.0,Elegant,everyday; outdoorsy; comfy,For sale,SocksTexNordic4,9892,MBjHJKaxWHn8hJyeQ
nordic socks,https://acnhcdn.com/acdb/socks/SocksTexNordic5.png,Green,No,840,210,Green,Black,1x1,Able Sisters,Available from either Mable's temporary shop or Able Sisters shop,1.0.0,Elegant,everyday; outdoorsy; comfy,For sale,SocksTexNordic5,9893,d9PWq3zpaRggPoN8R
nordic socks,https://acnhcdn.com/acdb/socks/SocksTexNordic6.png,Light blue,No,840,210,Light blue,Black,1x1,Able Sisters,Available from either Mable's temporary shop or Able Sisters shop,1.0.0,Elegant,everyday; outdoorsy; comfy,For sale,SocksTexNordic6,9894,QAMoumSd9Fv7CwA6m
patterned stockings,https://acnhcdn.com/acdb/socks/SocksTexStripedot0.png,Black,No,940,235,Black,Black,1x1,Able Sisters,Available from Able Sisters shop only,1.0.0,Elegant,everyday; formal; party; theatrical,For sale,SocksTexStripedot0,6046,MPuQ9PxnjGgBdR4cr
patterned stockings,https://acnhcdn.com/acdb/socks/SocksTexStripedot1.png,White,No,940,235,White,White,1x1,Able Sisters,Available from Able Sisters shop only,1.0.0,Elegant,everyday; formal; party; theatrical,For sale,SocksTexStripedot1,9674,bbZrafLMe87ifZ6yK
pom-pom socks,https://acnhcdn.com/acdb/socks/SocksTexBobble0.png,Pink,No,720,180,Pink,White,1x1,Able Sisters,Available from Able Sisters shop only,1.0.0,Cute,everyday; fairy tale; comfy,For sale,SocksTexBobble0,5179,xTxpqcYovDS7R4brm
pom-pom socks,https://acnhcdn.com/acdb/socks/SocksTexBobble1.png,Blue,No,720,180,Light blue,White,1x1,Able Sisters,Available from Able Sisters shop only,1.0.0,Cute,everyday; fairy tale; comfy,For sale,SocksTexBobble1,9072,X2Esyxf48CNDo7aS5
pom-pom socks,https://acnhcdn.com/acdb/socks/SocksTexBobble2.png,Green,No,720,180,Green,White,1x1,Able Sisters,Available from Able Sisters shop only,1.0.0,Cute,everyday; fairy tale; comfy,For sale,SocksTexBobble2,9073,sJ4i4vbxAsffiM4PS
pom-pom socks,https://acnhcdn.com/acdb/socks/SocksTexBobble3.png,Orange,No,720,180,Orange,White,1x1,Able Sisters,Available from Able Sisters shop only,1.0.0,Cute,everyday; fairy tale; comfy,For sale,SocksTexBobble3,9074,7cX6yDzovZqcytqYq
pom-pom socks,https://acnhcdn.com/acdb/socks/SocksTexBobble4.png,Purple,No,720,180,Purple,White,1x1,Able Sisters,Available from Able Sisters shop only,1.0.0,Cute,everyday; fairy tale; comfy,For sale,SocksTexBobble4,9075,p8pAsGdvNt3MhZJvQ
puckered socks,https://acnhcdn.com/acdb/socks/SocksTexPucker0.png,Mustard,No,600,150,Orange,Orange,1x1,Able Sisters,Available from Able Sisters shop only,1.0.0,Elegant,everyday,For sale,SocksTexPucker0,5198,jHhnoh4uTuxvfrRoR
puckered socks,https://acnhcdn.com/acdb/socks/SocksTexPucker1.png,Red,No,600,150,Red,Red,1x1,Able Sisters,Available from Able Sisters shop only,1.0.0,Elegant,everyday,For sale,SocksTexPucker1,9078,tqbtYmMFqJea5Ly4H
puckered socks,https://acnhcdn.com/acdb/socks/SocksTexPucker2.png,Blue,No,600,150,Blue,Blue,1x1,Able Sisters,Available from Able Sisters shop only,1.0.0,Elegant,everyday,For sale,SocksTexPucker2,9079,Qjs7aEzAyXkYiEx2j
puckered socks,https://acnhcdn.com/acdb/socks/SocksTexPucker3.png,Green,No,600,150,Green,Green,1x1,Able Sisters,Available from Able Sisters shop only,1.0.0,Elegant,everyday,For sale,SocksTexPucker3,9080,CBvB7JPEmJTEfBqHG
puckered socks,https://acnhcdn.com/acdb/socks/SocksTexPucker4.png,Purple,No,600,150,Purple,Purple,1x1,Able Sisters,Available from Able Sisters shop only,1.0.0,Elegant,everyday,For sale,SocksTexPucker4,9081,pEZh2BMo5Ht2z4Qdn
running tights,https://acnhcdn.com/acdb/socks/SocksTexRun0.png,Pink,No,550,137,Black,Pink,1x1,Able Sisters,Available from either Mable's temporary shop or Able Sisters shop,1.0.0,Active,outdoorsy; sporty; work,For sale,SocksTexRun0,5214,vtfGv2xygxLpzEQ6c
running tights,https://acnhcdn.com/acdb/socks/SocksTexRun1.png,Yellow,No,550,137,Black,Yellow,1x1,Able Sisters,Available from either Mable's temporary shop or Able Sisters shop,1.0.0,Active,outdoorsy; sporty; work,For sale,SocksTexRun1,9798,7cbeNaN77kh4PSrbn
running tights,https://acnhcdn.com/acdb/socks/SocksTexRun2.png,Blue,No,550,137,Black,Blue,1x1,Able Sisters,Available from either Mable's temporary shop or Able Sisters shop,1.0.0,Active,outdoorsy; sporty; work,For sale,SocksTexRun2,9799,4tutx5H5HC9TNWmFn
running tights,https://acnhcdn.com/acdb/socks/SocksTexRun3.png,Green,No,550,137,Black,Green,1x1,Able Sisters,Available from either Mable's temporary shop or Able Sisters shop,1.0.0,Active,outdoorsy; sporty; work,For sale,SocksTexRun3,9800,4HnvYfdvg6WwwBz9u
semi-opaque socks,https://acnhcdn.com/acdb/socks/SocksTexNuancesocks0.png,Green,No,480,120,Green,Green,1x1,Able Sisters,Available from Able Sisters shop only,1.0.0,Elegant,everyday,For sale,SocksTexNuancesocks0,9644,aDd9YECbDwxmdtYRN
semi-opaque socks,https://acnhcdn.com/acdb/socks/SocksTexNuancesocks1.png,Red,No,480,120,Red,Red,1x1,Able Sisters,Available from Able Sisters shop only,1.0.0,Elegant,everyday,For sale,SocksTexNuancesocks1,10027,9y7L6GWXoiMhXgsnf
semi-opaque socks,https://acnhcdn.com/acdb/socks/SocksTexNuancesocks2.png,Blue,No,480,120,Blue,Blue,1x1,Able Sisters,Available from Able Sisters shop only,1.0.0,Elegant,everyday,For sale,SocksTexNuancesocks2,10028,cuQ2Efgb8W3eYPQMr
semi-opaque socks,https://acnhcdn.com/acdb/socks/SocksTexNuancesocks3.png,Navy blue,No,480,120,Purple,Purple,1x1,Able Sisters,Available from Able Sisters shop only,1.0.0,Elegant,everyday,For sale,SocksTexNuancesocks3,10029,sqE8jqYCHjdpHJLD5
semi-opaque socks,https://acnhcdn.com/acdb/socks/SocksTexNuancesocks4.png,Purple,No,480,120,Pink,Pink,1x1,Able Sisters,Available from Able Sisters shop only,1.0.0,Elegant,everyday,For sale,SocksTexNuancesocks4,10030,fm5LhL9MfomtYc46n
semi-opaque socks,https://acnhcdn.com/acdb/socks/SocksTexNuancesocks5.png,Camel,No,480,120,Yellow,Yellow,1x1,Able Sisters,Available from Able Sisters shop only,1.0.0,Elegant,everyday,For sale,SocksTexNuancesocks5,10031,KLmZ9YcLY8dcH3nxQ
semi-opaque socks,https://acnhcdn.com/acdb/socks/SocksTexNuancesocks6.png,Avocado,No,480,120,Green,Green,1x1,Able Sisters,Available from Able Sisters shop only,1.0.0,Elegant,everyday,For sale,SocksTexNuancesocks6,10032,eDjvXAE53RX4Y4uRb
semi-opaque socks,https://acnhcdn.com/acdb/socks/SocksTexNuancesocks7.png,Brown,No,480,120,Brown,Brown,1x1,Able Sisters,Available from Able Sisters shop only,1.0.0,Elegant,everyday,For sale,SocksTexNuancesocks7,10033,seWE9o2TE28kpMDjm
semi-opaque tights,https://acnhcdn.com/acdb/socks/SocksTexNuancetights0.png,Brown,No,720,180,Orange,Orange,1x1,Able Sisters,Available from Able Sisters shop only,1.0.0,Elegant,everyday,For sale,SocksTexNuancetights0,9580,4tvCsLmAJBucyRFh4
semi-opaque tights,https://acnhcdn.com/acdb/socks/SocksTexNuancetights1.png,Yellow,No,720,180,Yellow,Yellow,1x1,Able Sisters,Available from Able Sisters shop only,1.0.0,Elegant,everyday,For sale,SocksTexNuancetights1,9675,wrzsLNreDDJSx9rcv
semi-opaque tights,https://acnhcdn.com/acdb/socks/SocksTexNuancetights2.png,Green,No,720,180,Green,Green,1x1,Able Sisters,Available from Able Sisters shop only,1.0.0,Elegant,everyday,For sale,SocksTexNuancetights2,9676,dybLNTRi3jQvD8Tdq
semi-opaque tights,https://acnhcdn.com/acdb/socks/SocksTexNuancetights3.png,Purple,No,720,180,Purple,Purple,1x1,Able Sisters,Available from Able Sisters shop only,1.0.0,Elegant,everyday,For sale,SocksTexNuancetights3,9677,TQaSHhuiZi36xa2Jx
semi-opaque tights,https://acnhcdn.com/acdb/socks/SocksTexNuancetights4.png,Blue,No,720,180,Blue,Blue,1x1,Able Sisters,Available from Able Sisters shop only,1.0.0,Elegant,everyday,For sale,SocksTexNuancetights4,9678,GtaHiEpq7oDHgytbC
semi-opaque tights,https://acnhcdn.com/acdb/socks/SocksTexNuancetights5.png,Pink,No,720,180,Pink,Pink,1x1,Able Sisters,Available from Able Sisters shop only,1.0.0,Elegant,everyday,For sale,SocksTexNuancetights5,9679,g4dSGvzNvZLb5woZ2
semi-opaque tights,https://acnhcdn.com/acdb/socks/SocksTexNuancetights6.png,Red,No,720,180,Red,Red,1x1,Able Sisters,Available from Able Sisters shop only,1.0.0,Elegant,everyday,For sale,SocksTexNuancetights6,9680,SG5Y2GgkbZ3bfrKzG
semi-opaque tights,https://acnhcdn.com/acdb/socks/SocksTexNuancetights7.png,Yellow-green,No,720,180,Green,Green,1x1,Able Sisters,Available from Able Sisters shop only,1.0.0,Elegant,everyday,For sale,SocksTexNuancetights7,9681,Z36xyWkyy3QY6egTc
sequin leggings,https://acnhcdn.com/acdb/socks/SocksTexSequins0.png,Pink,No,940,235,Pink,Pink,1x1,Kicks,,1.0.0,Gorgeous,party; theatrical,For sale,SocksTexSequins0,4743,pKRC3yY3R5RkyxY5x
sequin leggings,https://acnhcdn.com/acdb/socks/SocksTexSequins1.png,Red,No,940,235,Red,Red,1x1,Kicks,,1.0.0,Gorgeous,party; theatrical,For sale,SocksTexSequins1,11580,Jk6c6Hi3y4tWEsGmb
sequin leggings,https://acnhcdn.com/acdb/socks/SocksTexSequins2.png,Black,No,940,235,Black,Black,1x1,Kicks,,1.0.0,Gorgeous,party; theatrical,For sale,SocksTexSequins2,11581,LYwjTYKtgGPanWj78
sequin leggings,https://acnhcdn.com/acdb/socks/SocksTexSequins3.png,Yellow,No,940,235,Yellow,Yellow,1x1,Kicks,,1.0.0,Gorgeous,party; theatrical,For sale,SocksTexSequins3,11582,Esh9SXsXcdtLvBaNY
sequin leggings,https://acnhcdn.com/acdb/socks/SocksTexSequins4.png,White,No,940,235,White,White,1x1,Kicks,,1.0.0,Gorgeous,party; theatrical,For sale,SocksTexSequins4,11583,Mp6tw5WGZKDfC3r9Q
sequin leggings,https://acnhcdn.com/acdb/socks/SocksTexSequins5.png,Blue,No,940,235,Blue,Blue,1x1,Kicks,,1.0.0,Gorgeous,party; theatrical,For sale,SocksTexSequins5,11584,CN7jyWoBhp9yTgyC6
sequin leggings,https://acnhcdn.com/acdb/socks/SocksTexSequins6.png,Purple,No,940,235,Purple,Purple,1x1,Kicks,,1.0.0,Gorgeous,party; theatrical,For sale,SocksTexSequins6,11585,NQtAZA8S9JxtKcuvJ
sequin leggings,https://acnhcdn.com/acdb/socks/SocksTexSequins7.png,Green,No,940,235,Green,Green,1x1,Kicks,,1.0.0,Gorgeous,party; theatrical,For sale,SocksTexSequins7,11586,J53GKGigQmiYbR92q
sheer socks,https://acnhcdn.com/acdb/socks/SocksTexSeethrough0.png,Blue,No,600,150,Blue,Blue,1x1,Kicks,,1.0.0,Elegant,everyday; formal; party,For sale,SocksTexSeethrough0,5812,nMjTv2ajZrHaFzWcJ
sheer socks,https://acnhcdn.com/acdb/socks/SocksTexSeethrough1.png,Berry red,No,600,150,Red,Red,1x1,Kicks,,1.0.0,Elegant,everyday; formal; party,For sale,SocksTexSeethrough1,9928,vwEun3iFbpAxkN9YM
sheer socks,https://acnhcdn.com/acdb/socks/SocksTexSeethrough2.png,Brown,No,600,150,Brown,Brown,1x1,Kicks,,1.0.0,Elegant,everyday; formal; party,For sale,SocksTexSeethrough2,9929,Yg79sKrkCuNmim6Lh
sheer socks,https://acnhcdn.com/acdb/socks/SocksTexSeethrough3.png,Green,No,600,150,Green,Green,1x1,Kicks,,1.0.0,Elegant,everyday; formal; party,For sale,SocksTexSeethrough3,9930,j7pziPZTkZveBAuPv
sheer socks,https://acnhcdn.com/acdb/socks/SocksTexSeethrough4.png,Olive,No,600,150,Green,Green,1x1,Kicks,,1.0.0,Elegant,everyday; formal; party,For sale,SocksTexSeethrough4,9931,WNq5e8Fxyh8xiXGQx
sheer socks,https://acnhcdn.com/acdb/socks/SocksTexSeethrough5.png,Gray,No,600,150,Gray,Gray,1x1,Kicks,,1.0.0,Elegant,everyday; formal; party,For sale,SocksTexSeethrough5,9932,38sduqDDHJFtnAfuF
simple knee-high socks,https://acnhcdn.com/acdb/socks/SocksTexSimpleknee0.png,Pink,No,600,150,Pink,Pink,1x1,Kicks,,1.0.0,Cute,everyday,For sale,SocksTexSimpleknee0,12175,zFnCYaxy784dqgR64
simple knee-high socks,https://acnhcdn.com/acdb/socks/SocksTexSimpleknee1.png,White,No,600,150,White,White,1x1,Kicks,,1.0.0,Cute,everyday,For sale,SocksTexSimpleknee1,12182,XtJFPeWuftyf2oPz4
simple knee-high socks,https://acnhcdn.com/acdb/socks/SocksTexSimpleknee2.png,Red,No,600,150,Red,Red,1x1,Kicks,,1.0.0,Cute,everyday,For sale,SocksTexSimpleknee2,12183,RGA5qnS5QpyYE9YMo
simple knee-high socks,https://acnhcdn.com/acdb/socks/SocksTexSimpleknee3.png,Blue,No,600,150,Light blue,Light blue,1x1,Kicks,,1.0.0,Cute,everyday,For sale,SocksTexSimpleknee3,12184,SxXnBrRAxfq3x28sc
simple-accent socks,https://acnhcdn.com/acdb/socks/SocksTexOnepoint0.png,Navy blue,No,720,180,Blue,Red,1x1,Able Sisters,Available from either Mable's temporary shop or Able Sisters shop,1.0.0,Simple,everyday; formal,For sale,SocksTexOnepoint0,5200,pXiEbRv6KpRzR2HhF
simple-accent socks,https://acnhcdn.com/acdb/socks/SocksTexOnepoint1.png,Black,No,720,180,Black,White,1x1,Able Sisters,Available from either Mable's temporary shop or Able Sisters shop,1.0.0,Simple,everyday; formal,For sale,SocksTexOnepoint1,9082,aF6MoJRq25nmozuqJ
simple-accent socks,https://acnhcdn.com/acdb/socks/SocksTexOnepoint2.png,White,No,720,180,White,Black,1x1,Able Sisters,Available from either Mable's temporary shop or Able Sisters shop,1.0.0,Simple,everyday; formal,For sale,SocksTexOnepoint2,9083,oDiizez3yxj6HtyQr
simple-accent socks,https://acnhcdn.com/acdb/socks/SocksTexOnepoint3.png,Gray,No,720,180,Gray,Light blue,1x1,Able Sisters,Available from either Mable's temporary shop or Able Sisters shop,1.0.0,Simple,everyday; formal,For sale,SocksTexOnepoint3,9084,og9QPp6jXLwv9RfEZ
simple-accent socks,https://acnhcdn.com/acdb/socks/SocksTexOnepoint4.png,Blue,No,720,180,Blue,Light blue,1x1,Able Sisters,Available from either Mable's temporary shop or Able Sisters shop,1.0.0,Simple,everyday; formal,For sale,SocksTexOnepoint4,9085,4odTg8BmPySYZensZ
simple-accent socks,https://acnhcdn.com/acdb/socks/SocksTexOnepoint5.png,Orange,No,720,180,Orange,Yellow,1x1,Able Sisters,Available from either Mable's temporary shop or Able Sisters shop,1.0.0,Simple,everyday; formal,For sale,SocksTexOnepoint5,9086,AYXDKak7MRoKKJ24J
simple-accent socks,https://acnhcdn.com/acdb/socks/SocksTexOnepoint6.png,Red,No,720,180,Red,Black,1x1,Able Sisters,Available from either Mable's temporary shop or Able Sisters shop,1.0.0,Simple,everyday; formal,For sale,SocksTexOnepoint6,9087,4sozM46zqJys5bcFt
simple-accent socks,https://acnhcdn.com/acdb/socks/SocksTexOnepoint7.png,Pink,No,720,180,Pink,White,1x1,Able Sisters,Available from either Mable's temporary shop or Able Sisters shop,1.0.0,Simple,everyday; formal,For sale,SocksTexOnepoint7,9088,ZKHg7YC8qTrpLm76X
soccer socks,https://acnhcdn.com/acdb/socks/SocksTexFootball0.png,Blue,No,800,200,Blue,White,1x1,Kicks,,1.0.0,Active,sporty; work,For sale,SocksTexFootball0,5177,xwcWvpsyxDjwwF7jt
soccer socks,https://acnhcdn.com/acdb/socks/SocksTexFootball1.png,Red,No,800,200,Red,White,1x1,Kicks,,1.0.0,Active,sporty; work,For sale,SocksTexFootball1,9973,4QejjPC38oza2u98X
soccer socks,https://acnhcdn.com/acdb/socks/SocksTexFootball2.png,Green,No,800,200,Green,White,1x1,Kicks,,1.0.0,Active,sporty; work,For sale,SocksTexFootball2,9974,zbWuXc2n8WYG7rnNY
soccer socks,https://acnhcdn.com/acdb/socks/SocksTexFootball3.png,Light blue,No,800,200,Light blue,White,1x1,Kicks,,1.0.0,Active,sporty; work,For sale,SocksTexFootball3,9975,Mk4mRFChWdZxYsqcu
soccer socks,https://acnhcdn.com/acdb/socks/SocksTexFootball4.png,Black,No,800,200,Black,White,1x1,Kicks,,1.0.0,Active,sporty; work,For sale,SocksTexFootball4,9976,kSEJpobnFBFviu4sX
soccer socks,https://acnhcdn.com/acdb/socks/SocksTexFootball5.png,Orange,No,800,200,Orange,White,1x1,Kicks,,1.0.0,Active,sporty; work,For sale,SocksTexFootball5,9977,tsnTTCg9bosbBLXpS
soccer socks,https://acnhcdn.com/acdb/socks/SocksTexFootball6.png,White,No,800,200,White,Black,1x1,Kicks,,1.0.0,Active,sporty; work,For sale,SocksTexFootball6,9978,y72GvNAoswc8fgK6p
spider-web tights,https://acnhcdn.com/acdb/socks/SocksTexSpider0.png,Black,No,720,180,Black,Black,1x1,Kicks,,1.0.0,Cool,goth; party; theatrical,For sale,SocksTexSpider0,5203,SR5g7wLo5uvQ9TaYe
spider-web tights,https://acnhcdn.com/acdb/socks/SocksTexSpider1.png,White,No,720,180,White,White,1x1,Kicks,,1.0.0,Cool,goth; party; theatrical,For sale,SocksTexSpider1,9671,Q8ktndrSuTbgX4GWP
spider-web tights,https://acnhcdn.com/acdb/socks/SocksTexSpider2.png,Orange,No,720,180,Orange,Orange,1x1,Kicks,,1.0.0,Cool,goth; party; theatrical,For sale,SocksTexSpider2,9672,vbFcKTrEoZZ4EjYWC
spider-web tights,https://acnhcdn.com/acdb/socks/SocksTexSpider3.png,Purple,No,720,180,Purple,Purple,1x1,Kicks,,1.0.0,Cool,goth; party; theatrical,For sale,SocksTexSpider3,9673,8GMMKmgvcPFx5z4sK
stockings,https://acnhcdn.com/acdb/socks/SocksTexTights0.png,Black,No,480,120,Black,Black,1x1,Able Sisters,Available from either Mable's temporary shop or Able Sisters shop,1.0.0,Simple,everyday; work,For sale,SocksTexTights0,3095,2uXpSKSXayL8rWmwq
stockings,https://acnhcdn.com/acdb/socks/SocksTexTights1.png,Gray,No,480,120,Gray,Gray,1x1,Able Sisters,Available from either Mable's temporary shop or Able Sisters shop,1.0.0,Simple,everyday; work,For sale,SocksTexTights1,9655,LcGtPT8D5FAwyTDeH
stockings,https://acnhcdn.com/acdb/socks/SocksTexTights2.png,White,No,480,120,White,White,1x1,Able Sisters,Available from either Mable's temporary shop or Able Sisters shop,1.0.0,Simple,everyday; work,For sale,SocksTexTights2,9656,psXxbMdjsh7D9tHpQ
stockings,https://acnhcdn.com/acdb/socks/SocksTexTights3.png,Brown,No,480,120,Brown,Brown,1x1,Able Sisters,Available from either Mable's temporary shop or Able Sisters shop,1.0.0,Simple,everyday; work,For sale,SocksTexTights3,9657,GnwPZXALfY7WD3FZh
stockings,https://acnhcdn.com/acdb/socks/SocksTexTights4.png,Beige,No,480,120,Beige,Beige,1x1,Able Sisters,Available from either Mable's temporary shop or Able Sisters shop,1.0.0,Simple,everyday; work,For sale,SocksTexTights4,9658,BBH3W3NDeZqwSizDY
stretch leggings,https://acnhcdn.com/acdb/socks/SocksTexLeggings0.png,Navy blue,No,450,112,Blue,Blue,1x1,Able Sisters,Available from either Mable's temporary shop or Able Sisters shop,1.0.0,Simple,everyday; outdoorsy; sporty,For sale,SocksTexLeggings0,4744,ixedzMQJwA7Zif56r
stretch leggings,https://acnhcdn.com/acdb/socks/SocksTexLeggings1.png,Gray,No,450,112,Gray,Gray,1x1,Able Sisters,Available from either Mable's temporary shop or Able Sisters shop,1.0.0,Simple,everyday; outdoorsy; sporty,For sale,SocksTexLeggings1,9776,6H8evYPQyriD32JQg
stretch leggings,https://acnhcdn.com/acdb/socks/SocksTexLeggings2.png,Dark gray,No,450,112,Gray,Gray,1x1,Able Sisters,Available from either Mable's temporary shop or Able Sisters shop,1.0.0,Simple,everyday; outdoorsy; sporty,For sale,SocksTexLeggings2,9777,KSfWAQcAE6BqrYSRP
stretch leggings,https://acnhcdn.com/acdb/socks/SocksTexLeggings3.png,White,No,450,112,White,White,1x1,Able Sisters,Available from either Mable's temporary shop or Able Sisters shop,1.0.0,Simple,everyday; outdoorsy; sporty,For sale,SocksTexLeggings3,9778,ERLTKc3eKLSNLN9eZ
stretch leggings,https://acnhcdn.com/acdb/socks/SocksTexLeggings4.png,Black,No,450,112,Black,Black,1x1,Able Sisters,Available from either Mable's temporary shop or Able Sisters shop,1.0.0,Simple,everyday; outdoorsy; sporty,For sale,SocksTexLeggings4,9779,jW9cCN469obn7jucv
stretch leggings,https://acnhcdn.com/acdb/socks/SocksTexLeggings5.png,Brown,No,450,112,Brown,Brown,1x1,Able Sisters,Available from either Mable's temporary shop or Able Sisters shop,1.0.0,Simple,everyday; outdoorsy; sporty,For sale,SocksTexLeggings5,9780,SHRKAQav7w9yMQPag
stretch leggings,https://acnhcdn.com/acdb/socks/SocksTexLeggings6.png,Green,No,450,112,Green,Green,1x1,Able Sisters,Available from either Mable's temporary shop or Able Sisters shop,1.0.0,Simple,everyday; outdoorsy; sporty,For sale,SocksTexLeggings6,9781,9Z3ddEpG4AYFQxaEj
striped socks,https://acnhcdn.com/acdb/socks/SocksTexBorder0.png,Monotone,No,600,150,Black,White,1x1,Able Sisters,Available from either Mable's temporary shop or Able Sisters shop,1.0.0,Simple,everyday; comfy,For sale,SocksTexBorder0,5199,t9tggbKqbrE7cm7ZY
striped socks,https://acnhcdn.com/acdb/socks/SocksTexBorder1.png,Light blue,No,600,150,Light blue,White,1x1,Able Sisters,Available from either Mable's temporary shop or Able Sisters shop,1.0.0,Simple,everyday; comfy,For sale,SocksTexBorder1,6902,rbnvg68hfQu4YFrWn
striped socks,https://acnhcdn.com/acdb/socks/SocksTexBorder2.png,Green,No,600,150,Green,White,1x1,Able Sisters,Available from either Mable's temporary shop or Able Sisters shop,1.0.0,Simple,everyday; comfy,For sale,SocksTexBorder2,9996,qSyP6Jt6tHYQR3vEN
striped socks,https://acnhcdn.com/acdb/socks/SocksTexBorder3.png,Yellow,No,600,150,Yellow,White,1x1,Able Sisters,Available from either Mable's temporary shop or Able Sisters shop,1.0.0,Simple,everyday; comfy,For sale,SocksTexBorder3,9997,LxMR9hdCLhn7g2Y9D
striped socks,https://acnhcdn.com/acdb/socks/SocksTexBorder4.png,Orange,No,600,150,Orange,White,1x1,Able Sisters,Available from either Mable's temporary shop or Able Sisters shop,1.0.0,Simple,everyday; comfy,For sale,SocksTexBorder4,9998,EoL5z2pvu3WkYoENu
striped socks,https://acnhcdn.com/acdb/socks/SocksTexBorder5.png,Red,No,600,150,Red,White,1x1,Able Sisters,Available from either Mable's temporary shop or Able Sisters shop,1.0.0,Simple,everyday; comfy,For sale,SocksTexBorder5,9999,2ECQP2p6gd3d2Xiqq
striped socks,https://acnhcdn.com/acdb/socks/SocksTexBorder6.png,Purple,No,600,150,Purple,White,1x1,Able Sisters,Available from either Mable's temporary shop or Able Sisters shop,1.0.0,Simple,everyday; comfy,For sale,SocksTexBorder6,10000,XXHrJMsWnq2SuvFGz
striped socks,https://acnhcdn.com/acdb/socks/SocksTexBorder7.png,Blue,No,600,150,Blue,White,1x1,Able Sisters,Available from either Mable's temporary shop or Able Sisters shop,1.0.0,Simple,everyday; comfy,For sale,SocksTexBorder7,10001,v4aS6bX6iZQm5vbzM
striped tights,https://acnhcdn.com/acdb/socks/SocksTexStripe0.png,Red,No,720,180,Red,Black,1x1,Able Sisters,Available from Able Sisters shop only,1.0.0,Gorgeous,party; theatrical,For sale,SocksTexStripe0,6045,PNMohFRGwDWXGQ7r9
striped tights,https://acnhcdn.com/acdb/socks/SocksTexStripe1.png,Gray,No,720,180,Gray,Black,1x1,Able Sisters,Available from Able Sisters shop only,1.0.0,Gorgeous,party; theatrical,For sale,SocksTexStripe1,9937,fCNB87FXmS7cJJtkQ
striped tights,https://acnhcdn.com/acdb/socks/SocksTexStripe2.png,Pink,No,720,180,Pink,Black,1x1,Able Sisters,Available from Able Sisters shop only,1.0.0,Gorgeous,party; theatrical,For sale,SocksTexStripe2,9938,GjSvq9AEsbSj4L4ct
striped tights,https://acnhcdn.com/acdb/socks/SocksTexStripe3.png,Light blue,No,720,180,Light blue,Black,1x1,Able Sisters,Available from Able Sisters shop only,1.0.0,Gorgeous,party; theatrical,For sale,SocksTexStripe3,9939,ascM9HQW8zQ836QHZ
striped tights,https://acnhcdn.com/acdb/socks/SocksTexStripe4.png,Yellow,No,720,180,Yellow,Black,1x1,Able Sisters,Available from Able Sisters shop only,1.0.0,Gorgeous,party; theatrical,For sale,SocksTexStripe4,9940,bxoHZt9xhQQAWnk6e
striped tights,https://acnhcdn.com/acdb/socks/SocksTexStripe5.png,Purple,No,720,180,Purple,Black,1x1,Able Sisters,Available from Able Sisters shop only,1.0.0,Gorgeous,party; theatrical,For sale,SocksTexStripe5,9941,xjPhMuuZLe7g5nQux
striped tights,https://acnhcdn.com/acdb/socks/SocksTexStripe6.png,Green,No,720,180,Green,Black,1x1,Able Sisters,Available from Able Sisters shop only,1.0.0,Gorgeous,party; theatrical,For sale,SocksTexStripe6,9942,vx83ey5MNpgbkw7d8
striped tights,https://acnhcdn.com/acdb/socks/SocksTexStripe7.png,Orange,No,720,180,Orange,Black,1x1,Able Sisters,Available from Able Sisters shop only,1.0.0,Gorgeous,party; theatrical,For sale,SocksTexStripe7,9943,MFxpesNYcvptjTHHY
tabi,https://acnhcdn.com/acdb/socks/SocksTexTabi0.png,White,No,1200,300,White,White,1x1,Able Sisters,Available from Able Sisters shop only,1.0.0,Simple,everyday; formal; party,For sale,SocksTexTabi0,4749,KfRLgXY6TYdMTrS8A
tabi,https://acnhcdn.com/acdb/socks/SocksTexTabi1.png,Black,No,1200,300,Black,Black,1x1,Able Sisters,Available from Able Sisters shop only,1.0.0,Simple,everyday; formal; party,For sale,SocksTexTabi1,8929,iph2HdeGDjsBYj8Yx
tabi,https://acnhcdn.com/acdb/socks/SocksTexTabi2.png,Navy blue,No,1200,300,Blue,Blue,1x1,Able Sisters,Available from Able Sisters shop only,1.0.0,Simple,everyday; formal; party,For sale,SocksTexTabi2,8930,brQgmrTHCaRLuxPrt
terry-cloth socks,https://acnhcdn.com/acdb/socks/SocksTexFluffy0.png,Pink,No,600,150,Pink,White,1x1,Able Sisters,Available from either Mable's temporary shop or Able Sisters shop,1.0.0,Cute,fairy tale; comfy,For sale,SocksTexFluffy0,5181,zG2c5nGSwNAtEYA24
terry-cloth socks,https://acnhcdn.com/acdb/socks/SocksTexFluffy1.png,Purple,No,600,150,Purple,White,1x1,Able Sisters,Available from either Mable's temporary shop or Able Sisters shop,1.0.0,Cute,fairy tale; comfy,For sale,SocksTexFluffy1,9979,kSPNXN3pQosJcuwgG
terry-cloth socks,https://acnhcdn.com/acdb/socks/SocksTexFluffy2.png,Blue,No,600,150,Light blue,White,1x1,Able Sisters,Available from either Mable's temporary shop or Able Sisters shop,1.0.0,Cute,fairy tale; comfy,For sale,SocksTexFluffy2,9980,hygdPjz55qgkjrdxz
terry-cloth socks,https://acnhcdn.com/acdb/socks/SocksTexFluffy3.png,Green,No,600,150,Green,White,1x1,Able Sisters,Available from either Mable's temporary shop or Able Sisters shop,1.0.0,Cute,fairy tale; comfy,For sale,SocksTexFluffy3,9981,J4oqoEe8hyEz9qBob
terry-cloth socks,https://acnhcdn.com/acdb/socks/SocksTexFluffy4.png,Beige,No,600,150,Beige,White,1x1,Able Sisters,Available from either Mable's temporary shop or Able Sisters shop,1.0.0,Cute,fairy tale; comfy,For sale,SocksTexFluffy4,9982,wtcZP59Bep5AdBvnW
terry-cloth socks,https://acnhcdn.com/acdb/socks/SocksTexFluffy5.png,Red,No,600,150,Red,White,1x1,Able Sisters,Available from either Mable's temporary shop or Able Sisters shop,1.0.0,Cute,fairy tale; comfy,For sale,SocksTexFluffy5,9983,bQKLrkboL3tGTmJ5i
terry-cloth socks,https://acnhcdn.com/acdb/socks/SocksTexFluffy6.png,Gray,No,600,150,Gray,White,1x1,Able Sisters,Available from either Mable's temporary shop or Able Sisters shop,1.0.0,Cute,fairy tale; comfy,For sale,SocksTexFluffy6,9984,oWyAYb3Tm9QD65J8v
tube socks,https://acnhcdn.com/acdb/socks/SocksTexLine0.png,Blue,No,480,120,White,Blue,1x1,Able Sisters,Available from either Mable's temporary shop or Able Sisters shop,1.0.0,Simple,everyday; outdoorsy; sporty,For sale,SocksTexLine0,4746,xoupDJWYgiuYScJjP
tube socks,https://acnhcdn.com/acdb/socks/SocksTexLine1.png,Orange,No,480,120,White,Orange,1x1,Able Sisters,Available from either Mable's temporary shop or Able Sisters shop,1.0.0,Simple,everyday; outdoorsy; sporty,For sale,SocksTexLine1,9966,uKZ6dMzWnvFWRds6j
tube socks,https://acnhcdn.com/acdb/socks/SocksTexLine2.png,Green,No,480,120,White,Green,1x1,Able Sisters,Available from either Mable's temporary shop or Able Sisters shop,1.0.0,Simple,everyday; outdoorsy; sporty,For sale,SocksTexLine2,9967,jSogLE7tMPqgbgYqm
tube socks,https://acnhcdn.com/acdb/socks/SocksTexLine3.png,Red,No,480,120,White,Red,1x1,Able Sisters,Available from either Mable's temporary shop or Able Sisters shop,1.0.0,Simple,everyday; outdoorsy; sporty,For sale,SocksTexLine3,9968,R5s3b5xWWYSfshCR2
tube socks,https://acnhcdn.com/acdb/socks/SocksTexLine4.png,Navy blue,No,480,120,Gray,Blue,1x1,Able Sisters,Available from either Mable's temporary shop or Able Sisters shop,1.0.0,Simple,everyday; outdoorsy; sporty,For sale,SocksTexLine4,9969,BuvT97X2dh9FY2BYf
tube socks,https://acnhcdn.com/acdb/socks/SocksTexLine5.png,Berry red,No,480,120,Gray,Red,1x1,Able Sisters,Available from either Mable's temporary shop or Able Sisters shop,1.0.0,Simple,everyday; outdoorsy; sporty,For sale,SocksTexLine5,9970,5KWePAFBtAZXKMZk2
tube socks,https://acnhcdn.com/acdb/socks/SocksTexLine6.png,Dark green,No,480,120,Gray,Green,1x1,Able Sisters,Available from either Mable's temporary shop or Able Sisters shop,1.0.0,Simple,everyday; outdoorsy; sporty,For sale,SocksTexLine6,9971,t9Q2Hk6RbHFt7ph5t
tube socks,https://acnhcdn.com/acdb/socks/SocksTexLine7.png,Purple,No,480,120,Gray,Purple,1x1,Able Sisters,Available from either Mable's temporary shop or Able Sisters shop,1.0.0,Simple,everyday; outdoorsy; sporty,For sale,SocksTexLine7,9972,PnoczFigxSjbCZwA2
ultra no-show socks,https://acnhcdn.com/acdb/socks/SocksTexFootcover0.png,Blue,No,480,120,Blue,Blue,1x1,Able Sisters,Available from either Mable's temporary shop or Able Sisters shop,1.0.0,Simple,everyday; outdoorsy; sporty,For sale,SocksTexFootcover0,5167,EMiBarZr7cxvEFmmF
ultra no-show socks,https://acnhcdn.com/acdb/socks/SocksTexFootcover1.png,Pink,No,480,120,Pink,Pink,1x1,Able Sisters,Available from either Mable's temporary shop or Able Sisters shop,1.0.0,Simple,everyday; outdoorsy; sporty,For sale,SocksTexFootcover1,10010,2ifRj79NaD3X4wXAR
ultra no-show socks,https://acnhcdn.com/acdb/socks/SocksTexFootcover2.png,Brown,No,480,120,Brown,Brown,1x1,Able Sisters,Available from either Mable's temporary shop or Able Sisters shop,1.0.0,Simple,everyday; outdoorsy; sporty,For sale,SocksTexFootcover2,10011,ddE25Lais494tdxrR
ultra no-show socks,https://acnhcdn.com/acdb/socks/SocksTexFootcover3.png,Olive,No,480,120,Green,Green,1x1,Able Sisters,Available from either Mable's temporary shop or Able Sisters shop,1.0.0,Simple,everyday; outdoorsy; sporty,For sale,SocksTexFootcover3,10012,rQG8qATgfDzfi392j
ultra no-show socks,https://acnhcdn.com/acdb/socks/SocksTexFootcover4.png,Green,No,480,120,Green,Green,1x1,Able Sisters,Available from either Mable's temporary shop or Able Sisters shop,1.0.0,Simple,everyday; outdoorsy; sporty,For sale,SocksTexFootcover4,10013,wKeAGu8o4PcjQ47EF
ultra no-show socks,https://acnhcdn.com/acdb/socks/SocksTexFootcover5.png,Purple,No,480,120,Purple,Purple,1x1,Able Sisters,Available from either Mable's temporary shop or Able Sisters shop,1.0.0,Simple,everyday; outdoorsy; sporty,For sale,SocksTexFootcover5,10014,2KsDq7dXnzAhT6YqC
ultra no-show socks,https://acnhcdn.com/acdb/socks/SocksTexFootcover6.png,Black,No,480,120,Black,Black,1x1,Able Sisters,Available from either Mable's temporary shop or Able Sisters shop,1.0.0,Simple,everyday; outdoorsy; sporty,For sale,SocksTexFootcover6,10015,oCkrAgFbomNriMJY3
ultra no-show socks,https://acnhcdn.com/acdb/socks/SocksTexFootcover7.png,White,No,480,120,White,White,1x1,Able Sisters,Available from either Mable's temporary shop or Able Sisters shop,1.0.0,Simple,everyday; outdoorsy; sporty,For sale,SocksTexFootcover7,10016,oMaoadYMsSq69Wwim
vivid leggings,https://acnhcdn.com/acdb/socks/SocksTexVividleggings0.png,Light blue,No,450,112,Light blue,Light blue,1x1,Able Sisters,Available from Able Sisters shop only,1.0.0,Simple,outdoorsy; party; theatrical,For sale,SocksTexVividleggings0,9585,DGfxSf7iWuTH9AZ8c
vivid leggings,https://acnhcdn.com/acdb/socks/SocksTexVividleggings1.png,Purple,No,450,112,Purple,Purple,1x1,Able Sisters,Available from Able Sisters shop only,1.0.0,Simple,outdoorsy; party; theatrical,For sale,SocksTexVividleggings1,9801,jvyWa8Rsq8xuwyRZf
vivid leggings,https://acnhcdn.com/acdb/socks/SocksTexVividleggings2.png,Red,No,450,112,Red,Red,1x1,Able Sisters,Available from Able Sisters shop only,1.0.0,Simple,outdoorsy; party; theatrical,For sale,SocksTexVividleggings2,9802,srfYPBLHS6M55HMho
vivid leggings,https://acnhcdn.com/acdb/socks/SocksTexVividleggings3.png,Pink,No,450,112,Pink,Pink,1x1,Able Sisters,Available from Able Sisters shop only,1.0.0,Simple,outdoorsy; party; theatrical,For sale,SocksTexVividleggings3,9803,hPKNndPanerKb6ZNS
vivid leggings,https://acnhcdn.com/acdb/socks/SocksTexVividleggings4.png,Blue,No,450,112,Blue,Blue,1x1,Able Sisters,Available from Able Sisters shop only,1.0.0,Simple,outdoorsy; party; theatrical,For sale,SocksTexVividleggings4,9804,bY3ozoCphnPNSk9n2
vivid leggings,https://acnhcdn.com/acdb/socks/SocksTexVividleggings5.png,Yellow,No,450,112,Yellow,Yellow,1x1,Able Sisters,Available from Able Sisters shop only,1.0.0,Simple,outdoorsy; party; theatrical,For sale,SocksTexVividleggings5,9805,4NsYzSi2uTXWPcfS9
vivid leggings,https://acnhcdn.com/acdb/socks/SocksTexVividleggings6.png,Green,No,450,112,Green,Green,1x1,Able Sisters,Available from Able Sisters shop only,1.0.0,Simple,outdoorsy; party; theatrical,For sale,SocksTexVividleggings6,9806,wdaxnZxvxHNHFRKWD
vivid leggings,https://acnhcdn.com/acdb/socks/SocksTexVividleggings7.png,Orange,No,450,112,Orange,Orange,1x1,Able Sisters,Available from Able Sisters shop only,1.0.0,Simple,outdoorsy; party; theatrical,For sale,SocksTexVividleggings7,9807,yanC6fx5Xfpr7ihup
vivid socks,https://acnhcdn.com/acdb/socks/SocksTexStandard1.png,Green,No,480,120,Green,Green,1x1,Able Sisters,Available from Able Sisters shop only,1.0.0,Simple,everyday; party; theatrical,For sale,SocksTexStandard1,6898,XbHAbJtk9itLL6dyw
vivid socks,https://acnhcdn.com/acdb/socks/SocksTexVividsocks0.png,Red,No,480,120,Red,Red,1x1,Able Sisters,Available from Able Sisters shop only,1.0.0,Simple,everyday; party; theatrical,For sale,SocksTexVividsocks0,9643,Rxro87k8H8TrwQXPd
vivid socks,https://acnhcdn.com/acdb/socks/SocksTexVividsocks2.png,Light blue,No,480,120,Light blue,Light blue,1x1,Able Sisters,Available from Able Sisters shop only,1.0.0,Simple,everyday; party; theatrical,For sale,SocksTexVividsocks2,10021,sFiwGiyfM7W228Rgj
vivid socks,https://acnhcdn.com/acdb/socks/SocksTexVividsocks3.png,Blue,No,480,120,Blue,Blue,1x1,Able Sisters,Available from Able Sisters shop only,1.0.0,Simple,everyday; party; theatrical,For sale,SocksTexVividsocks3,10022,XyvJ9o2uNuE5aD7cp
vivid socks,https://acnhcdn.com/acdb/socks/SocksTexVividsocks4.png,Purple,No,480,120,Purple,Purple,1x1,Able Sisters,Available from Able Sisters shop only,1.0.0,Simple,everyday; party; theatrical,For sale,SocksTexVividsocks4,10023,FnwWCqqFdcHhjk3oc
vivid socks,https://acnhcdn.com/acdb/socks/SocksTexVividsocks5.png,Pink,No,480,120,Pink,Pink,1x1,Able Sisters,Available from Able Sisters shop only,1.0.0,Simple,everyday; party; theatrical,For sale,SocksTexVividsocks5,10024,zyPHqnaxf97p8Eoi7
vivid socks,https://acnhcdn.com/acdb/socks/SocksTexVividsocks6.png,Orange,No,480,120,Orange,Orange,1x1,Able Sisters,Available from Able Sisters shop only,1.0.0,Simple,everyday; party; theatrical,For sale,SocksTexVividsocks6,10025,JEsGza6asSbSafpny
vivid socks,https://acnhcdn.com/acdb/socks/SocksTexVividsocks7.png,Yellow,No,480,120,Yellow,Yellow,1x1,Able Sisters,Available from Able Sisters shop only,1.0.0,Simple,everyday; party; theatrical,For sale,SocksTexVividsocks7,10026,TFPJBkLBn2W6qvHBg
vivid tights,https://acnhcdn.com/acdb/socks/SocksTexVividtights0.png,Light blue,No,720,180,Light blue,Light blue,1x1,Able Sisters,Available from Able Sisters shop only,1.0.0,Simple,party; theatrical,For sale,SocksTexVividtights0,9582,yamdxgmHzN5NEB4FX
vivid tights,https://acnhcdn.com/acdb/socks/SocksTexVividtights1.png,Purple,No,720,180,Purple,Purple,1x1,Able Sisters,Available from Able Sisters shop only,1.0.0,Simple,party; theatrical,For sale,SocksTexVividtights1,9687,BwdAj9CGve2HkyoD6
vivid tights,https://acnhcdn.com/acdb/socks/SocksTexVividtights2.png,Red,No,720,180,Red,Red,1x1,Able Sisters,Available from Able Sisters shop only,1.0.0,Simple,party; theatrical,For sale,SocksTexVividtights2,9688,8jhmSZM88ZfjBfpGq
vivid tights,https://acnhcdn.com/acdb/socks/SocksTexVividtights3.png,Pink,No,720,180,Pink,Pink,1x1,Able Sisters,Available from Able Sisters shop only,1.0.0,Simple,party; theatrical,For sale,SocksTexVividtights3,9689,sG3bNkRZwchoYdELC
vivid tights,https://acnhcdn.com/acdb/socks/SocksTexVividtights4.png,Blue,No,720,180,Blue,Blue,1x1,Able Sisters,Available from Able Sisters shop only,1.0.0,Simple,party; theatrical,For sale,SocksTexVividtights4,9690,a5TeestnouHpJzfS5
vivid tights,https://acnhcdn.com/acdb/socks/SocksTexVividtights5.png,Yellow,No,720,180,Yellow,Yellow,1x1,Able Sisters,Available from Able Sisters shop only,1.0.0,Simple,party; theatrical,For sale,SocksTexVividtights5,9691,aNew9qmcaiXhYs4TP
vivid tights,https://acnhcdn.com/acdb/socks/SocksTexVividtights6.png,Green,No,720,180,Green,Green,1x1,Able Sisters,Available from Able Sisters shop only,1.0.0,Simple,party; theatrical,For sale,SocksTexVividtights6,9692,zJDaR6fzSJnk3fP6q
vivid tights,https://acnhcdn.com/acdb/socks/SocksTexVividtights7.png,Orange,No,720,180,Orange,Orange,1x1,Able Sisters,Available from Able Sisters shop only,1.0.0,Simple,party; theatrical,For sale,SocksTexVividtights7,9693,yto8H9GL63QbRHstv
wave-print socks,https://acnhcdn.com/acdb/socks/SocksTexWave0.png,Blue,No,600,150,Blue,Light blue,1x1,Kicks,,1.0.0,Cool,everyday,For sale,SocksTexWave0,5813,dH74WoutZotxbpzxx
wave-print socks,https://acnhcdn.com/acdb/socks/SocksTexWave1.png,Brown,No,600,150,Brown,Beige,1x1,Kicks,,1.0.0,Cool,everyday,For sale,SocksTexWave1,9933,PL58yC9hm87C7NE4u
wave-print socks,https://acnhcdn.com/acdb/socks/SocksTexWave2.png,Purple,No,600,150,Purple,Pink,1x1,Kicks,,1.0.0,Cool,everyday,For sale,SocksTexWave2,9934,Fodq95rD9FYWdxTWD
wave-print socks,https://acnhcdn.com/acdb/socks/SocksTexWave3.png,Green,No,600,150,Green,Green,1x1,Kicks,,1.0.0,Cool,everyday,For sale,SocksTexWave3,9935,ivn7QK5oi2HAJjocA
wave-print socks,https://acnhcdn.com/acdb/socks/SocksTexWave4.png,Gray,No,600,150,Black,Gray,1x1,Kicks,,1.0.0,Cool,everyday,For sale,SocksTexWave4,9936,pbQLWsjHhC4KZ9RrK