Name,Image,Species,Gender,Personality,Birthday,Catchphrase,Style1,Style2,Color1,Color2,Filename,UniqueEntryID,Month
Admiral,https://acnhcdn.com/latest/NpcIcon/brd06.png,Bird,Male,Cranky,1/27,aye aye,Cool,Cool,Black,Blue,brd06,B3RyfNEqwGmcccRC3,1
Agent S,https://acnhcdn.com/latest/NpcIcon/squ05.png,Squirrel,Female,Peppy,7/2,sidekick,Active,Simple,Blue,Black,squ05,SGMdki6dzpDZyXAw5,7
Agnes,https://acnhcdn.com/latest/NpcIcon/pig17.png,Pig,Female,Big sister,4/21,snuffle,Simple,Elegant,Pink,White,pig17,jzWCiDPm9MqtCfecP,4
Al,https://acnhcdn.com/latest/NpcIcon/gor08.png,Gorilla,Male,Lazy,10/18,ayyyeee,Active,Active,Red,White,gor08,LBifxETQJGEaLhBjC,10
Alfonso,https://acnhcdn.com/latest/NpcIcon/crd00.png,Alligator,Male,Lazy,6/9,it'sa me,Simple,Simple,Red,Blue,crd00,REpd8KxB8p9aGBRSE,6
Alice,https://acnhcdn.com/latest/NpcIcon/kal01.png,Koala,Female,Normal,8/19,guvnor,Cute,Cute,Red,Pink,kal01,wkPJDHMMMTK24eqzC,8
Alli,https://acnhcdn.com/latest/NpcIcon/crd01.png,Alligator,Female,Snooty,11/8,graaagh,Gorgeous,Elegant,Yellow,Brown,crd01,dcB3BpFLtcXHAbt5i,11
Amelia,https://acnhcdn.com/latest/NpcIcon/pbr01.png,Eagle,Female,Snooty,11/19,cuz,Cool,Elegant,Black,White,pbr01,gWpcHhfpuN4MSTdhF,11
Anabelle,https://acnhcdn.com/latest/NpcIcon/ant03.png,Anteater,Female,Peppy,2/16,snorty,Cute,Simple,Green,Blue,ant03,gvdKbp6t9xMtx5swT,2
Anchovy,https://acnhcdn.com/latest/NpcIcon/brd02.png,Bird,Male,Lazy,3/4,chuurp,Simple,Simple,Colorful,Orange,brd02,T9ya79MPxRxcR4tae,3
Angus,https://acnhcdn.com/latest/NpcIcon/bul00.png,Bull,Male,Cranky,4/30,macmoo,Cool,Cool,Red,Black,bul00,jHQfWetzGf6Zhgt4u,4
Anicotti,https://acnhcdn.com/latest/NpcIcon/mus10.png,Mouse,Female,Peppy,2/24,cannoli,Simple,Elegant,Red,Pink,mus10,oGr6N9vC3TD9raXbf,2
Ankha,https://acnhcdn.com/latest/NpcIcon/cat19.png,Cat,Female,Snooty,9/22,me meow,Gorgeous,Simple,Colorful,Brown,cat19,AWdRRws22EGTxC7vc,9
Annalisa,https://acnhcdn.com/latest/NpcIcon/ant08.png,Anteater,Female,Normal,2/6,gumdrop,Elegant,Gorgeous,Red,Pink,ant08,XTwyzscZPAA8LRdYN,2
Annalise,https://acnhcdn.com/latest/NpcIcon/hrs09.png,Horse,Female,Snooty,12/2,nipper,Elegant,Active,Blue,Purple,hrs09,88YKJKvjin32GeG4H,12
Antonio,https://acnhcdn.com/latest/NpcIcon/ant01.png,Anteater,Male,Jock,10/20,honk,Simple,Simple,Light blue,Blue,ant01,RQNii4nDE2AWswpgE,10
Apollo,https://acnhcdn.com/latest/NpcIcon/pbr00.png,Eagle,Male,Cranky,7/4,pah,Cool,Simple,Black,Black,pbr00,25sZq7NjGGADiEXtR,7
Apple,https://acnhcdn.com/latest/NpcIcon/ham01.png,Hamster,Female,Peppy,9/24,cheekers,Cute,Simple,Colorful,Red,ham01,bEHwPJ3GBDZaNE4Bd,9
Astrid,https://acnhcdn.com/latest/NpcIcon/kgr05.png,Kangaroo,Female,Snooty,9/8,my pet,Cool,Active,Black,Colorful,kgr05,qrki2afmbkBQ6DbmZ,9
Audie,https://acnhcdn.com/latest/NpcIcon/wol12.png,Wolf,Female,Peppy,8/31,foxtrot,Cute,Active,Green,White,wol12,2tufzN7iwjncqLu7Y,8
Aurora,https://acnhcdn.com/latest/NpcIcon/pgn00.png,Penguin,Female,Normal,1/27,b-b-baby,Cute,Elegant,Pink,Red,pgn00,CXt3MBoeCZXXSRS7B,1
Ava,https://acnhcdn.com/latest/NpcIcon/chn05.png,Chicken,Female,Normal,4/28,beaker,Elegant,Cute,Red,Gray,chn05,93emjZzaaLb7BdkSn,4
Avery,https://acnhcdn.com/latest/NpcIcon/pbr05.png,Eagle,Male,Cranky,2/22,skree-haw,Simple,Gorgeous,Orange,Brown,pbr05,SKF5NqPPqzjL7dEng,2
Axel,https://acnhcdn.com/latest/NpcIcon/elp06.png,Elephant,Male,Jock,3/23,WHONK,Active,Simple,Green,White,elp06,K3aj3w7fLcMETyuzf,3
Baabara,https://acnhcdn.com/latest/NpcIcon/shp01.png,Sheep,Female,Snooty,3/28,daahling,Gorgeous,Elegant,Purple,Blue,shp01,LAWZdKWcejrkbikco,3
Bam,https://acnhcdn.com/latest/NpcIcon/der01.png,Deer,Male,Jock,11/7,kablang,Active,Simple,Green,Brown,der01,2yvPukPn4ZSamngmb,11
Bangle,https://acnhcdn.com/latest/NpcIcon/tig03.png,Tiger,Female,Peppy,8/27,growf,Gorgeous,Cute,Yellow,Green,tig03,DvL5iP2kNCNfwc6Mv,8
Barold,https://acnhcdn.com/latest/NpcIcon/cbr16.png,Cub,Male,Lazy,3/2,cubby,Simple,Cool,Yellow,Black,cbr16,6qZJQFWqeCHzPNyEZ,3
Bea,https://acnhcdn.com/latest/NpcIcon/dog10.png,Dog,Female,Normal,10/15,bingo,Simple,Cool,Light blue,Green,dog10,DkqHjENW8fRBE9uxG,10
Beardo,https://acnhcdn.com/latest/NpcIcon/bea13.png,Bear,Male,Smug,9/27,whiskers,Elegant,Elegant,Brown,Blue,bea13,3XoqTm3LW4C4BvLBt,9
Beau,https://acnhcdn.com/latest/NpcIcon/der07.png,Deer,Male,Lazy,4/5,saltlick,Simple,Cute,Beige,Orange,der07,zbkkW8wWbmyGAZauv,4
Becky,https://acnhcdn.com/latest/NpcIcon/chn09.png,Chicken,Female,Snooty,12/9,chicklet,Gorgeous,Elegant,Purple,Pink,chn09,D7Atj8BuHK6mgwwvZ,12
Bella,https://acnhcdn.com/latest/NpcIcon/mus02.png,Mouse,Female,Peppy,12/28,eeks,Cool,Active,Black,Purple,mus02,hu4qewj6YKKmzMpYL,12
Benedict,https://acnhcdn.com/latest/NpcIcon/chn01.png,Chicken,Male,Lazy,10/10,uh-hoo,Simple,Simple,Blue,Purple,chn01,BjcoELiTM3m8StExF,10
Benjamin,https://acnhcdn.com/latest/NpcIcon/dog16.png,Dog,Male,Lazy,8/3,alrighty,Simple,Simple,Red,White,dog16,wgb64Mp6XbFS2CPwj,8
Bertha,https://acnhcdn.com/latest/NpcIcon/hip03.png,Hippo,Female,Normal,4/25,bloop,Cute,Elegant,Pink,White,hip03,oMQnY9fuzdtPweuLi,4
Bettina,https://acnhcdn.com/latest/NpcIcon/mus15.png,Mouse,Female,Normal,6/12,eekers,Simple,Elegant,White,Red,mus15,r9JpujcMdgTRABad9,6
Bianca,https://acnhcdn.com/latest/NpcIcon/tig06.png,Tiger,Female,Peppy,12/13,glimmer,Cute,Cute,Pink,Orange,tig06,KGECko2WSNbQp4oRY,12
Biff,https://acnhcdn.com/latest/NpcIcon/hip04.png,Hippo,Male,Jock,3/29,squirt,Gorgeous,Active,Black,Blue,hip04,sT2KXbN2N3dqB6aaN,3
Big Top,https://acnhcdn.com/latest/NpcIcon/elp02.png,Elephant,Male,Lazy,10/3,villain,Simple,Active,Green,Green,elp02,o2NPbZGfMvTD7Se5i,10
Bill,https://acnhcdn.com/latest/NpcIcon/duk00.png,Duck,Male,Jock,2/1,quacko,Active,Active,Blue,Purple,duk00,hcnPuswvHJykZw7BX,2
Billy,https://acnhcdn.com/latest/NpcIcon/goa02.png,Goat,Male,Jock,3/25,dagnaabit,Simple,Active,Blue,Purple,goa02,dqEHTSBSx5iLhGiSC,3
Biskit,https://acnhcdn.com/latest/NpcIcon/dog03.png,Dog,Male,Lazy,5/13,dawg,Gorgeous,Simple,Purple,Colorful,dog03,nfeef6XSSstGwrbWo,5
Bitty,https://acnhcdn.com/latest/NpcIcon/hip05.png,Hippo,Female,Snooty,10/6,my dear,Cute,Elegant,Pink,Orange,hip05,JGyY83aN4ocBGZs8s,10
Blaire,https://acnhcdn.com/latest/NpcIcon/squ01.png,Squirrel,Female,Snooty,7/3,nutlet,Gorgeous,Elegant,Orange,Brown,squ01,SjArzqyvbHAbgRz8D,7
Blanche,https://acnhcdn.com/latest/NpcIcon/ost08.png,Ostrich,Female,Snooty,12/21,quite so,Elegant,Gorgeous,Black,Brown,ost08,2B4NDzz69JKjjqF9o,12
Bluebear,https://acnhcdn.com/latest/NpcIcon/cbr00.png,Cub,Female,Peppy,6/24,peach,Cute,Simple,White,Blue,cbr00,ytYM52sRa4vhWW9cF,6
Bob,https://acnhcdn.com/latest/NpcIcon/cat00.png,Cat,Male,Lazy,1/1,pthhpth,Simple,Cute,Colorful,Red,cat00,KijzbrvT4obqCnBTw,1
Bonbon,https://acnhcdn.com/latest/NpcIcon/rbt17.png,Rabbit,Female,Peppy,3/3,deelish,Cute,Elegant,Light blue,Yellow,rbt17,yEQijXt6x8kQxdTrD,3
Bones,https://acnhcdn.com/latest/NpcIcon/dog04.png,Dog,Male,Lazy,8/4,yip yip,Simple,Cute,Beige,Brown,dog04,Y3F5fcfjvypECTqSm,8
Boomer,https://acnhcdn.com/latest/NpcIcon/pgn10.png,Penguin,Male,Lazy,2/7,human,Simple,Cool,Brown,Beige,pgn10,jqR8knKhx3kGYTSSd,2
Boone,https://acnhcdn.com/latest/NpcIcon/gor02.png,Gorilla,Male,Jock,9/12,baboom,Elegant,Cool,Colorful,Red,gor02,ZgTh9dkb3k36EPZ4o,9
Boots,https://acnhcdn.com/latest/NpcIcon/crd02.png,Alligator,Male,Jock,8/7,munchie,Gorgeous,Active,Colorful,Purple,crd02,xEt4yY9KCa4KoERfM,8
Boris,https://acnhcdn.com/latest/NpcIcon/pig09.png,Pig,Male,Cranky,11/6,schnort,Cool,Gorgeous,Purple,Black,pig09,KRpDTZHnRjL2jn4H6,11
Boyd,https://acnhcdn.com/latest/NpcIcon/gor05.png,Gorilla,Male,Cranky,10/1,uh-oh,Simple,Cool,Red,Black,gor05,qmod2zJ2CrQtqzrxw,10
Bree,https://acnhcdn.com/latest/NpcIcon/mus03.png,Mouse,Female,Snooty,7/7,cheeseball,Elegant,Gorgeous,Black,Blue,mus03,6khpEinhKwWjzZh9S,7
Broccolo,https://acnhcdn.com/latest/NpcIcon/mus12.png,Mouse,Male,Lazy,6/30,eat it,Simple,Cute,Colorful,Yellow,mus12,yH5PZX3bdHRRxhCCX,6
Broffina,https://acnhcdn.com/latest/NpcIcon/chn12.png,Chicken,Female,Snooty,10/24,cluckadoo,Gorgeous,Elegant,Black,Red,chn12,XSjgXrChHy9Trd5Pa,10
Bruce,https://acnhcdn.com/latest/NpcIcon/der03.png,Deer,Male,Cranky,5/26,gruff,Cool,Simple,Black,Red,der03,dzo5NgALeJ73j3sNd,5
Bubbles,https://acnhcdn.com/latest/NpcIcon/hip02.png,Hippo,Female,Peppy,9/18,hipster,Active,Cute,Purple,Pink,hip02,K4k5ieRWQieA6Fqm8,9
Buck,https://acnhcdn.com/latest/NpcIcon/hrs00.png,Horse,Male,Jock,4/4,pardner,Active,Simple,Gray,Brown,hrs00,Xi74RYjLgeBB8vopx,4
Bud,https://acnhcdn.com/latest/NpcIcon/lon00.png,Lion,Male,Jock,8/8,shredded,Active,Simple,Green,Yellow,lon00,WhJYGJgSfLF4ySXhh,8
Bunnie,https://acnhcdn.com/latest/NpcIcon/rbt00.png,Rabbit,Female,Peppy,5/9,tee-hee,Cute,Cute,Green,Pink,rbt00,XNBZBNmNXxC5bxz4t,5
Butch,https://acnhcdn.com/latest/NpcIcon/dog01.png,Dog,Male,Cranky,11/1,ROOOOOWF,Cool,Simple,Blue,Gray,dog01,NPbD69TfvJAorLZ9a,11
Buzz,https://acnhcdn.com/latest/NpcIcon/pbr03.png,Eagle,Male,Cranky,12/7,captain,Simple,Active,Yellow,Red,pbr03,LWLRkHDisDgGdJ5ju,12
Cally,https://acnhcdn.com/latest/NpcIcon/squ11.png,Squirrel,Female,Normal,9/4,WHEE,Cute,Elegant,Red,Green,squ11,DvkaYEh9vM2SXJLCc,9
Camofrog,https://acnhcdn.com/latest/NpcIcon/flg03.png,Frog,Male,Cranky,6/5,ten-hut,Cool,Active,Blue,White,flg03,5akmmJeoXXhcpdf8e,6
Canberra,https://acnhcdn.com/latest/NpcIcon/kal08.png,Koala,Female,Big sister,5/14,nuh uh,Active,Cool,Green,Light blue,kal08,ugiHobiK9QnmA22ym,5
Candi,https://acnhcdn.com/latest/NpcIcon/mus08.png,Mouse,Female,Peppy,4/13,sweetie,Simple,Cute,Light blue,Yellow,mus08,4CimNs6T9nDNQuiYH,4
Carmen,https://acnhcdn.com/latest/NpcIcon/rbt16.png,Rabbit,Female,Peppy,1/6,nougat,Elegant,Cute,Green,Beige,rbt16,pAFu4JyZ333Ysoezk,1
Caroline,https://acnhcdn.com/latest/NpcIcon/squ06.png,Squirrel,Female,Normal,7/15,hulaaaa,Cute,Gorgeous,Colorful,White,squ06,Th3uHvMcYaf9eT2Df,7
Carrie,https://acnhcdn.com/latest/NpcIcon/kgr02.png,Kangaroo,Female,Normal,12/5,little one,Cute,Cute,Red,Colorful,kgr02,igeZhX3Fqa8LdKEra,12
Cashmere,https://acnhcdn.com/latest/NpcIcon/shp04.png,Sheep,Female,Snooty,4/2,baaaby,Gorgeous,Elegant,Purple,Beige,shp04,dnRDXd86NcXDNHyf4,4
Celia,https://acnhcdn.com/latest/NpcIcon/pbr09.png,Eagle,Female,Normal,3/25,feathers,Elegant,Cute,Pink,Green,pbr09,L8cCZBvY4JW4KsDGy,3
Cesar,https://acnhcdn.com/latest/NpcIcon/gor00.png,Gorilla,Male,Cranky,9/6,highness,Cool,Elegant,Blue,Light blue,gor00,pDKMq8PfxWLXWrsvT,9
Chadder,https://acnhcdn.com/latest/NpcIcon/mus18.png,Mouse,Male,Smug,12/15,fromage,Elegant,Gorgeous,Black,Gray,mus18,4BLXuRhdjJ9TzvRyA,12
Charlise,https://acnhcdn.com/latest/NpcIcon/bea12.png,Bear,Female,Big sister,4/17,urgh,Active,Cute,Red,Orange,bea12,QqCXo64EBwXSrukSr,4
Cheri,https://acnhcdn.com/latest/NpcIcon/cbr10.png,Cub,Female,Peppy,3/17,tralala,Simple,Cute,Yellow,Light blue,cbr10,MpumYkzF382cPoRt5,3
Cherry,https://acnhcdn.com/latest/NpcIcon/dog17.png,Dog,Female,Big sister,5/11,what what,Cool,Elegant,Black,Purple,dog17,tafi3Cfsf4wbwC9LW,5
Chester,https://acnhcdn.com/latest/NpcIcon/cbr15.png,Cub,Male,Lazy,8/6,rookie,Simple,Simple,Yellow,Green,cbr15,46bDn76rBA3hNjFZu,8
Chevre,https://acnhcdn.com/latest/NpcIcon/goa00.png,Goat,Female,Normal,3/6,la baa,Cute,Elegant,Red,Pink,goa00,XutRmNyAP4NogwPaR,3
Chief,https://acnhcdn.com/latest/NpcIcon/wol00.png,Wolf,Male,Cranky,12/19,harrumph,Cool,Simple,White,Gray,wol00,d3STnZCPAxLzrEzMd,12
Chops,https://acnhcdn.com/latest/NpcIcon/pig14.png,Pig,Male,Smug,10/13,zoink,Gorgeous,Elegant,Red,Green,pig14,8t9Bc5vqJ2vbtcjf5,10
Chow,https://acnhcdn.com/latest/NpcIcon/bea03.png,Bear,Male,Cranky,7/22,aiya,Cool,Gorgeous,Black,White,bea03,M3LhuYKZCmR5K9ckA,7
Chrissy,https://acnhcdn.com/latest/NpcIcon/rbt13.png,Rabbit,Female,Peppy,8/28,sparkles,Cute,Cute,Pink,White,rbt13,pYMsB8AHagkRht8RX,8
Claude,https://acnhcdn.com/latest/NpcIcon/rbt11.png,Rabbit,Male,Lazy,12/3,hopalong,Simple,Simple,Black,Colorful,rbt11,PPFtt3uWkRQNMg2tZ,12
Claudia,https://acnhcdn.com/latest/NpcIcon/tig05.png,Tiger,Female,Snooty,11/22,ooh la la,Gorgeous,Elegant,Purple,White,tig05,xCyuFvwryTntgPgvW,11
Clay,https://acnhcdn.com/latest/NpcIcon/ham05.png,Hamster,Male,Lazy,10/19,thump,Elegant,Simple,Beige,Brown,ham05,K9s2bvx54sfHw8mZ8,10
Cleo,https://acnhcdn.com/latest/NpcIcon/hrs07.png,Horse,Female,Snooty,2/9,sugar,Cute,Elegant,Light blue,White,hrs07,XwxskQMt5rJT8EnH5,2
Clyde,https://acnhcdn.com/latest/NpcIcon/hrs10.png,Horse,Male,Lazy,5/1,clip clawp,Simple,Cute,Green,White,hrs10,2iBqzRfTRaddw2EXi,5
Coach,https://acnhcdn.com/latest/NpcIcon/bul07.png,Bull,Male,Jock,4/29,stubble,Active,Active,Blue,Red,bul07,mYwCLsd8MxLwWALjQ,4
Cobb,https://acnhcdn.com/latest/NpcIcon/pig08.png,Pig,Male,Jock,10/7,hot dog,Simple,Active,White,Blue,pig08,mTNPvAaoYMmPndYnm,10
Coco,https://acnhcdn.com/latest/NpcIcon/rbt02.png,Rabbit,Female,Normal,3/1,doyoing,Simple,Cute,Beige,Green,rbt02,2g7sGcTtHcJeWtwNM,3
Cole,https://acnhcdn.com/latest/NpcIcon/rbt18.png,Rabbit,Male,Lazy,8/10,coooooool,Simple,Cute,Orange,Colorful,rbt18,YaWjP3XtbFqn8YPNd,8
Colton,https://acnhcdn.com/latest/NpcIcon/hrs11.png,Horse,Male,Smug,5/22,check it,Gorgeous,Elegant,Blue,Red,hrs11,GgsrLhmh3FL4ZiAPB,5
Cookie,https://acnhcdn.com/latest/NpcIcon/dog08.png,Dog,Female,Peppy,6/18,arfer,Cute,Cute,Green,Light blue,dog08,YvNrsTEJsqkpdRNqL,6
Cousteau,https://acnhcdn.com/latest/NpcIcon/flg10.png,Frog,Male,Jock,12/17,oui oui,Elegant,Gorgeous,Green,Red,flg10,XPhZym7Wxu926eLD8,12
Cranston,https://acnhcdn.com/latest/NpcIcon/ost06.png,Ostrich,Male,Lazy,9/23,sweatband,Simple,Cool,Beige,Brown,ost06,Wbivs7b7D3NZ7q9y9,9
Croque,https://acnhcdn.com/latest/NpcIcon/flg17.png,Frog,Male,Cranky,7/18,as if,Elegant,Cool,Red,Orange,flg17,SqHZjtuNfu7DAXYDE,7
Cube,https://acnhcdn.com/latest/NpcIcon/pgn02.png,Penguin,Male,Lazy,1/29,brainfreeze,Simple,Cute,Yellow,Colorful,pgn02,YskkqbSnYwCh63Sru,1
Curlos,https://acnhcdn.com/latest/NpcIcon/shp08.png,Sheep,Male,Smug,5/8,shearly,Active,Gorgeous,Red,Green,shp08,B6tM7dBSpcaMrAGrF,5
Curly,https://acnhcdn.com/latest/NpcIcon/pig00.png,Penguin,Male,Jock,7/26,nyoink,Simple,Active,Yellow,Colorful,pig00,kRGwwKyoSLKh9g2Tk,7
Curt,https://acnhcdn.com/latest/NpcIcon/bea02.png,Bear,Male,Cranky,7/1,fuzzball,Cool,Cool,Blue,White,bea02,w7y7v3w49B7KkDXbg,7
Cyd,https://acnhcdn.com/latest/NpcIcon/elp12.png,Elephant,Male,Cranky,6/9,rockin',Cool,Active,Black,Yellow,elp12,edCh8EDStBMbyskYa,6
Cyrano,https://acnhcdn.com/latest/NpcIcon/ant00.png,Anteater,Male,Cranky,3/9,ah-CHOO,Cool,Active,Yellow,Beige,ant00,JaNDeYdAuiJCYZbAx,3
Daisy,https://acnhcdn.com/latest/NpcIcon/dog07.png,Dog,Female,Normal,11/16,bow-WOW,Simple,Cute,Colorful,Blue,dog07,2u92atfG2uMg2J8sS,11
Deena,https://acnhcdn.com/latest/NpcIcon/duk04.png,Duck,Female,Normal,6/27,woowoo,Simple,Cute,Colorful,Blue,duk04,dXBazBPxXu9QGrAzM,6
Deirdre,https://acnhcdn.com/latest/NpcIcon/der04.png,Deer,Female,Big sister,5/4,whatevs,Simple,Simple,Orange,Orange,der04,ibnMhhdYMGHYr9RAZ,5
Del,https://acnhcdn.com/latest/NpcIcon/crd04.png,Alligator,Male,Cranky,5/27,gronk,Cool,Simple,Blue,White,crd04,Eqn3ZXJtMBrEYtm7u,5
Deli,https://acnhcdn.com/latest/NpcIcon/mnk08.png,Monkey,Male,Lazy,5/24,monch,Gorgeous,Elegant,Purple,Brown,mnk08,zh7aML2hmMKy5bbiR,5
Derwin,https://acnhcdn.com/latest/NpcIcon/duk08.png,Duck,Male,Lazy,5/25,derrrr,Simple,Elegant,Yellow,Beige,duk08,nBcDHyXheHurcisiL,5
Diana,https://acnhcdn.com/latest/NpcIcon/der08.png,Deer,Female,Snooty,1/4,no doy,Elegant,Gorgeous,Purple,Pink,der08,QGyW9QJjjxo3jta6j,1
Diva,https://acnhcdn.com/latest/NpcIcon/flg18.png,Frog,Female,Big sister,10/2,ya know,Gorgeous,Elegant,Purple,Light blue,flg18,FmQ9x68HncTm8vdsG,10
Dizzy,https://acnhcdn.com/latest/NpcIcon/elp01.png,Elephant,Male,Lazy,7/14,woo-oo,Simple,Simple,Yellow,Blue,elp01,vthzJrsaM6Y7dykA5,7
Dobie,https://acnhcdn.com/latest/NpcIcon/wol04.png,Wolf,Male,Cranky,2/17,ohmmm,Simple,Cool,Brown,Beige,wol04,YjMXvmH5eovNYShdE,2
Doc,https://acnhcdn.com/latest/NpcIcon/rbt10.png,Rabbit,Male,Lazy,3/16,old bunny,Simple,Elegant,Gray,Beige,rbt10,iasth9JRLdRvLzuQ7,3
Dom,https://acnhcdn.com/latest/NpcIcon/shp15.png,Sheep,Male,Jock,3/18,indeedaroo,Active,Cute,Red,Colorful,shp15,T6YJZ7vj2X52zmDcp,3
Dora,https://acnhcdn.com/latest/NpcIcon/mus00.png,Mouse,Female,Normal,2/18,squeaky,Simple,Elegant,Blue,Light blue,mus00,9Qpj5fqp4E8PvGGFw,2
Dotty,https://acnhcdn.com/latest/NpcIcon/rbt01.png,Rabbit,Female,Peppy,3/14,wee one,Simple,Cute,Blue,Black,rbt01,CRMJaAokcTnrXsQdp,3
Drago,https://acnhcdn.com/latest/NpcIcon/crd08.png,Alligator,Male,Lazy,2/12,burrrn,Elegant,Gorgeous,Orange,Red,crd08,qjqzytG4LCEoong4w,2
Drake,https://acnhcdn.com/latest/NpcIcon/duk09.png,Duck,Male,Lazy,6/25,quacko,Cool,Simple,Brown,Red,duk09,CKAsCWnKjfQYG8R7v,6
Drift,https://acnhcdn.com/latest/NpcIcon/flg04.png,Frog,Male,Jock,10/9,dribbit,Simple,Active,Orange,Red,flg04,gf6jM4si5zSEFjf9w,10
Ed,https://acnhcdn.com/latest/NpcIcon/hrs06.png,Horse,Male,Smug,9/16,greenhorn,Gorgeous,Elegant,Black,Gray,hrs06,JmHu7aFcqj9hxKupZ,9
Egbert,https://acnhcdn.com/latest/NpcIcon/chn02.png,Chicken,Male,Lazy,10/14,doodle-duh,Simple,Simple,Beige,Brown,chn02,jRwtNxCCWuznSMCZy,10
Elise,https://acnhcdn.com/latest/NpcIcon/mnk05.png,Monkey,Female,Snooty,3/21,puh-lease,Elegant,Gorgeous,Purple,Red,mnk05,taRZ4jRFMGPkxCZo4,3
Ellie,https://acnhcdn.com/latest/NpcIcon/elp07.png,Elephant,Female,Normal,5/12,li'l one,Simple,Cute,Gray,Pink,elp07,odt2kdswLHE2YMkQd,5
Elmer,https://acnhcdn.com/latest/NpcIcon/hrs03.png,Horse,Male,Lazy,10/5,tenderfoot,Simple,Cool,Blue,White,hrs03,LcRhQqeH8u7PboJ73,10
Eloise,https://acnhcdn.com/latest/NpcIcon/elp03.png,Elephant,Female,Snooty,12/8,tooooot,Elegant,Simple,Green,Orange,elp03,6QughAEZFkYZ5vKpw,12
Elvis,https://acnhcdn.com/latest/NpcIcon/lon01.png,Lion,Male,Cranky,7/23,unh-hunh,Gorgeous,Elegant,Red,Black,lon01,4jYpCpw9nooMZHR8s,7
Erik,https://acnhcdn.com/latest/NpcIcon/der09.png,Deer,Male,Lazy,7/27,chow down,Simple,Simple,Beige,Red,der09,BJcXu5LtRBo8DdZ2v,7
Eugene,https://acnhcdn.com/latest/NpcIcon/kal10.png,Koala,Male,Smug,10/26,yeah buddy,Cool,Gorgeous,Black,Gray,kal10,2XX9mSSzxEhwXMi4f,10
Eunice,https://acnhcdn.com/latest/NpcIcon/shp02.png,Sheep,Female,Normal,4/3,lambchop,Simple,Elegant,Beige,Orange,shp02,dbAfEFetNQpXajtch,4
Fang,https://acnhcdn.com/latest/NpcIcon/wol06.png,Wolf,Male,Cranky,12/18,cha-chomp,Simple,Cool,White,Light blue,wol06,PFvvq6NGpsRgCwg2z,12
Fauna,https://acnhcdn.com/latest/NpcIcon/der00.png,Deer,Female,Normal,3/26,dearie,Simple,Cute,Beige,White,der00,kB5jGQAqkLnh8LxWy,3
Felicity,https://acnhcdn.com/latest/NpcIcon/cat17.png,Cat,Female,Peppy,3/30,mimimi,Cute,Cute,Yellow,Orange,cat17,ygF99DNm88JRXvKLi,3
Filbert,https://acnhcdn.com/latest/NpcIcon/squ02.png,Squirrel,Male,Lazy,6/3,bucko,Simple,Cute,Blue,White,squ02,ffo6sBoX9fkMB4bem,6
Flip,https://acnhcdn.com/latest/NpcIcon/mnk06.png,Monkey,Male,Jock,11/21,rerack,Active,Simple,Blue,Yellow,mnk06,ADkNZkrRxdSrfGFH8,11
Flo,https://acnhcdn.com/latest/NpcIcon/pgn13.png,Penguin,Female,Big sister,9/2,cha,Cool,Gorgeous,Red,Purple,pgn13,6cB5T5yZtevY6d2jp,9
Flora,https://acnhcdn.com/latest/NpcIcon/ost09.png,Ostrich,Female,Peppy,2/9,pinky,Cute,Active,Colorful,Pink,ost09,eDX52Zi7H7qifrwYm,2
Flurry,https://acnhcdn.com/latest/NpcIcon/ham06.png,Hamster,Female,Normal,1/30,powderpuff,Elegant,Cute,Red,Pink,ham06,B4cpBYrewfSK3WN6M,1
Francine,https://acnhcdn.com/latest/NpcIcon/rbt12.png,Rabbit,Female,Snooty,1/22,karat,Elegant,Gorgeous,Blue,Black,rbt12,eJZX7wDRYqatmKBKr,1
Frank,https://acnhcdn.com/latest/NpcIcon/pbr06.png,Eagle,Male,Cranky,7/30,crushy,Gorgeous,Cool,Brown,Yellow,pbr06,8BgXtjz2mfGBrZwCm,7
Freckles,https://acnhcdn.com/latest/NpcIcon/duk07.png,Duck,Female,Peppy,2/19,ducky,Simple,Cute,Green,Colorful,duk07,AcYKxih6FpRRyZDs4,2
Freya,https://acnhcdn.com/latest/NpcIcon/wol05.png,Wolf,Female,Snooty,12/14,uff da,Elegant,Cool,Green,Blue,wol05,qyoMuqvPA4Wqp3Ybn,12
Friga,https://acnhcdn.com/latest/NpcIcon/pgn04.png,Penguin,Female,Snooty,10/16,brrrmph,Elegant,Gorgeous,Pink,Black,pgn04,uk9DGWqzxRT4TEJbm,10
Frita,https://acnhcdn.com/latest/NpcIcon/shp11.png,Sheep,Female,Big sister,7/16,oh ewe,Active,Cute,Yellow,Red,shp11,79EahCMHHzp3BwH7x,7
Frobert,https://acnhcdn.com/latest/NpcIcon/flg02.png,Frog,Male,Jock,2/8,fribbit,Active,Simple,Blue,Colorful,flg02,YXidGR87Fi7mov7Po,2
Fuchsia,https://acnhcdn.com/latest/NpcIcon/der06.png,Deer,Female,Big sister,9/19,precious,Cool,Cool,Pink,Pink,der06,Z98WrodjQxXZAACLA,9
Gabi,https://acnhcdn.com/latest/NpcIcon/rbt05.png,Rabbit,Female,Peppy,12/16,honeybun,Cute,Gorgeous,Brown,Red,rbt05,WC97mFMgiZixDfcRZ,12
Gala,https://acnhcdn.com/latest/NpcIcon/pig13.png,Pig,Female,Normal,3/5,snortie,Cute,Elegant,Pink,White,pig13,84NHBxaLCDPy48Xpx,3
Gaston,https://acnhcdn.com/latest/NpcIcon/rbt04.png,Rabbit,Male,Cranky,10/28,mon chou,Simple,Gorgeous,Brown,Orange,rbt04,5TXosg4PLkG4jZ3AD,10
Gayle,https://acnhcdn.com/latest/NpcIcon/crd07.png,Alligator,Female,Normal,5/17,snacky,Cute,Cute,Pink,White,crd07,HY5swi9u3np5LyR8Q,5
Genji,https://acnhcdn.com/latest/NpcIcon/rbt08.png,Rabbit,Male,Jock,1/21,otaku,Elegant,Simple,Green,Purple,rbt08,zFPwakzpAr8fmL4FM,1
Gigi,https://acnhcdn.com/latest/NpcIcon/flg16.png,Frog,Female,Snooty,8/11,ribbette,Gorgeous,Elegant,Black,White,flg16,QX93pNfztrLZvLxdC,8
Gladys,https://acnhcdn.com/latest/NpcIcon/ost01.png,Ostrich,Female,Normal,1/15,stretch,Elegant,Cute,Green,Pink,ost01,ZSLn6jgRc5W4oZA4f,1
Gloria,https://acnhcdn.com/latest/NpcIcon/duk15.png,Duck,Female,Snooty,8/12,quacker,Gorgeous,Elegant,Black,Gray,duk15,7iiegnbmMRDeDaC3t,8
Goldie,https://acnhcdn.com/latest/NpcIcon/dog00.png,Dog,Female,Normal,12/27,woof,Simple,Cute,Yellow,Orange,dog00,RdpZtkYzLeivKyx7Z,12
Gonzo,https://acnhcdn.com/latest/NpcIcon/kal04.png,Koala,Male,Cranky,10/13,mate,Simple,Cool,Black,Green,kal04,SFkpDu8Bxgot4ShcP,10
Goose,https://acnhcdn.com/latest/NpcIcon/chn00.png,Chicken,Male,Jock,10/4,buh-kay,Simple,Active,Blue,White,chn00,5iSyoeFknLsoYManw,10
Graham,https://acnhcdn.com/latest/NpcIcon/ham02.png,Hamster,Male,Smug,6/20,indeed,Simple,Cool,Green,Orange,ham02,D86CPtiT7ssiFexPE,6
Greta,https://acnhcdn.com/latest/NpcIcon/mus16.png,Mouse,Female,Snooty,9/5,yelp,Elegant,Simple,Pink,Purple,mus16,jKZuhKCACcaqpDCNQ,9
Grizzly,https://acnhcdn.com/latest/NpcIcon/bea09.png,Bear,Male,Cranky,7/31,grrr,Cool,Simple,Red,Black,bea09,ePDrk4wsbfZAu4rA3,7
Groucho,https://acnhcdn.com/latest/NpcIcon/bea06.png,Bear,Male,Cranky,10/23,grumble,Cool,Simple,Black,Gray,bea06,QC3CiJqhhcm9WpAho,10
Gruff,https://acnhcdn.com/latest/NpcIcon/goa04.png,Goat,Male,Cranky,8/29,bleh eh eh,Cool,Gorgeous,Purple,Black,goa04,oTGj76upYyWRcG34C,8
Gwen,https://acnhcdn.com/latest/NpcIcon/pgn05.png,Penguin,Female,Snooty,1/23,h-h-h-hon,Gorgeous,Elegant,Green,White,pgn05,jFBkwJJrXK4mJ2giR,1
Hamlet,https://acnhcdn.com/latest/NpcIcon/ham00.png,Hamster,Male,Jock,5/30,hammie,Simple,Active,Purple,Blue,ham00,LA2HHrtZ6beHgmKpL,5
Hamphrey,https://acnhcdn.com/latest/NpcIcon/ham07.png,Hamster,Male,Cranky,2/25,snort,Cool,Simple,Gray,Beige,ham07,bp3ns8FmZnYBL7CqD,2
Hans,https://acnhcdn.com/latest/NpcIcon/gor10.png,Gorilla,Male,Smug,12/5,groovy,Elegant,Gorgeous,Gray,Blue,gor10,rAgKSRJPoazkBPS5d,12
Harry,https://acnhcdn.com/latest/NpcIcon/hip08.png,Hippo,Male,Cranky,1/7,beach bum,Cool,Simple,Green,Orange,hip08,dtAkeJzvhPfGXH7pk,1
Hazel,https://acnhcdn.com/latest/NpcIcon/squ18.png,Squirrel,Female,Big sister,8/30,uni-wow,Active,Cute,Red,Yellow,squ18,PfTkvEmpjE2HR3SeD,8
Henry,https://acnhcdn.com/latest/NpcIcon/flg19.png,Frog,Male,Smug,9/21,snoozit,Cool,Simple,Light blue,Blue,flg19,RNats2ap2rGvbdcKn,9
Hippeux,https://acnhcdn.com/latest/NpcIcon/hip09.png,Hippo,Male,Smug,10/15,natch,Elegant,Gorgeous,Brown,Green,hip09,WjAPWpCx6bTjKiZjw,10
Hopkins,https://acnhcdn.com/latest/NpcIcon/rbt14.png,Rabbit,Male,Lazy,3/11,thumper,Simple,Active,Blue,Yellow,rbt14,EeTwHAQeWyShyg7pm,3
Hopper,https://acnhcdn.com/latest/NpcIcon/pgn03.png,Penguin,Male,Cranky,4/6,slushie,Cool,Simple,Yellow,Red,pgn03,FP3bdBM2RSjWTXYHK,4
Hornsby,https://acnhcdn.com/latest/NpcIcon/rhn04.png,Rhino,Male,Lazy,3/20,schnozzle,Simple,Simple,Green,Brown,rhn04,KuDi35nStc6mtd3F8,3
Huck,https://acnhcdn.com/latest/NpcIcon/flg11.png,Frog,Male,Smug,7/9,hopper,Simple,Cool,Green,Yellow,flg11,KWx6zRZpPoaQy2PMD,7
Hugh,https://acnhcdn.com/latest/NpcIcon/pig03.png,Pig,Male,Lazy,12/30,snortle,Simple,Active,Beige,Yellow,pig03,Ko7gAjWQAY3PY5DLi,12
Iggly,https://acnhcdn.com/latest/NpcIcon/pgn11.png,Penguin,Male,Jock,11/2,waddler,Active,Simple,Red,Blue,pgn11,qZtYZEyzeZv2qhoJD,11
Ike,https://acnhcdn.com/latest/NpcIcon/bea11.png,Bear,Male,Cranky,5/16,roadie,Cool,Cool,Green,Blue,bea11,BvhNkdNxf2kJue7kp,5
Jacob,https://acnhcdn.com/latest/NpcIcon/brd11.png,Bird,Male,Lazy,8/24,ya feel,Simple,Simple,Green,Red,brd11,HBYP4stJTe3eGEepn,8
Jacques,https://acnhcdn.com/latest/NpcIcon/brd16.png,Bird,Male,Smug,6/22,zut alors,Cool,Simple,Green,Black,brd16,sXDhuuCThhtuQRDAe,6
Jambette,https://acnhcdn.com/latest/NpcIcon/flg13.png,Frog,Female,Normal,10/27,croak-kay,Cool,Cool,Brown,Brown,flg13,9bG8kLsEtaodApHoX,10
Jay,https://acnhcdn.com/latest/NpcIcon/brd00.png,Bird,Male,Jock,7/17,heeeeeyy,Active,Active,Blue,Light blue,brd00,zv7EfaEb2TnPwmQxe,7
Jeremiah,https://acnhcdn.com/latest/NpcIcon/flg07.png,Frog,Male,Lazy,7/8,nee-deep,Simple,Simple,Orange,Yellow,flg07,Z9mmrgQ578rPeLdjp,7
Jitters,https://acnhcdn.com/latest/NpcIcon/brd04.png,Bird,Male,Jock,2/2,bzzert,Active,Active,Yellow,Orange,brd04,TksYZm8hEYAeDWD2X,2
Joey,https://acnhcdn.com/latest/NpcIcon/duk01.png,Duck,Male,Lazy,1/3,bleeeeeck,Simple,Simple,Green,Blue,duk01,EkpmSi299YR9BP96Y,1
Judy,https://acnhcdn.com/latest/NpcIcon/cbr19.png,Cub,Female,Snooty,3/10,myohmy,Cute,Elegant,Pink,White,cbr19,nEbMBNS4EztR8Ysxv,3
Julia,https://acnhcdn.com/latest/NpcIcon/ost05.png,Ostrich,Female,Snooty,7/31,dahling,Elegant,Gorgeous,Purple,Red,ost05,z8F5zPavZfhe6xqEi,7
Julian,https://acnhcdn.com/latest/NpcIcon/hrs13.png,Horse,Male,Smug,3/15,glitter,Gorgeous,Cool,Purple,Blue,hrs13,CqhXFKr8hdfYSYpRA,3
June,https://acnhcdn.com/latest/NpcIcon/cbr13.png,Cub,Female,Normal,5/21,rainbow,Cute,Simple,White,Red,cbr13,kYaqSE3C2y7EYSXfi,5
Kabuki,https://acnhcdn.com/latest/NpcIcon/cat09.png,Cat,Male,Cranky,11/29,meooo-OH,Simple,Simple,Purple,Red,cat09,d2DY8aRv5AfFtkneg,11
Katt,https://acnhcdn.com/latest/NpcIcon/cat21.png,Cat,Female,Big sister,4/27,purrty,Cool,Cool,Purple,Black,cat21,6rE8fTRLqKCERS4dQ,4
Keaton,https://acnhcdn.com/latest/NpcIcon/pbr08.png,Eagle,Male,Smug,6/1,wingo,Gorgeous,Cool,Blue,White,pbr08,WRueK9fukhKgMrWZa,6
Ken,https://acnhcdn.com/latest/NpcIcon/chn13.png,Chicken,Male,Smug,12/23,no doubt,Cool,Simple,Purple,Blue,chn13,gQZ4xwZeRvqmswoGY,12
Ketchup,https://acnhcdn.com/latest/NpcIcon/duk13.png,Duck,Female,Peppy,7/27,bitty,Cute,Cute,Light blue,White,duk13,CaQE3xJ4A7tgQXDMW,7
Kevin,https://acnhcdn.com/latest/NpcIcon/pig15.png,Pig,Male,Jock,4/26,weeweewee,Active,Simple,Black,Red,pig15,fGznAwhaxGN66K38Q,4
Kid Cat,https://acnhcdn.com/latest/NpcIcon/cat10.png,Cat,Male,Jock,8/1,psst,Active,Simple,Red,Red,cat10,Jd6z54x98v4uJhubB,8
Kidd,https://acnhcdn.com/latest/NpcIcon/goa07.png,Goat,Male,Smug,6/28,wut,Elegant,Cool,Gray,White,goa07,Pv4qNLnQ4NquvddfQ,6
Kiki,https://acnhcdn.com/latest/NpcIcon/cat04.png,Cat,Female,Normal,10/8,kitty cat,Simple,Simple,Brown,Beige,cat04,QTwru2TFs99vCznLg,10
Kitt,https://acnhcdn.com/latest/NpcIcon/kgr00.png,Kangaroo,Female,Normal,10/11,child,Elegant,Simple,Purple,Red,kgr00,jjReK7y42rnNZmQe6,10
Kitty,https://acnhcdn.com/latest/NpcIcon/cat14.png,Cat,Female,Snooty,2/15,mrowrr,Elegant,Gorgeous,Green,Gray,cat14,E6MnPthbMdNSvhHE5,2
Klaus,https://acnhcdn.com/latest/NpcIcon/bea14.png,Bear,Male,Smug,3/31,strudel,Simple,Simple,Gray,White,bea14,cFgAWnZ4nhq7DfrN7,3
Knox,https://acnhcdn.com/latest/NpcIcon/chn11.png,Chicken,Male,Cranky,11/23,cluckling,Elegant,Gorgeous,Brown,Red,chn11,25GGGSHzwEnKmepJk,11
Kody,https://acnhcdn.com/latest/NpcIcon/cbr04.png,Cub,Male,Jock,9/28,grah grah,Active,Simple,Colorful,White,cbr04,j9pPANZ9zsm6Mobh2,9
Kyle,https://acnhcdn.com/latest/NpcIcon/wol10.png,Wolf,Male,Smug,12/6,alpha,Gorgeous,Cool,Black,White,wol10,Q68JosFG2FvzG7QC3,12
Leonardo,https://acnhcdn.com/latest/NpcIcon/tig04.png,Tiger,Male,Jock,5/15,flexin',Active,Gorgeous,Red,Blue,tig04,bZqAHvDsp82Ptify8,5
Leopold,https://acnhcdn.com/latest/NpcIcon/lon04.png,Lion,Male,Smug,8/14,lion cub,Elegant,Gorgeous,Purple,Green,lon04,nn3GdKz434cBryvyC,8
Lily,https://acnhcdn.com/latest/NpcIcon/flg00.png,Frog,Female,Normal,2/4,toady,Cute,Simple,White,Yellow,flg00,CQG32Qp7hhepeaRbg,2
Limberg,https://acnhcdn.com/latest/NpcIcon/mus01.png,Mouse,Male,Cranky,10/17,squinky,Simple,Cool,Green,Blue,mus01,BnXXdXegMXE9HmZiy,10
Lionel,https://acnhcdn.com/latest/NpcIcon/lon08.png,Lion,Male,Smug,7/29,precisely,Gorgeous,Active,Green,Gray,lon08,EQYQEL4crTYEN9yJs,7
Lobo,https://acnhcdn.com/latest/NpcIcon/wol01.png,Wolf,Male,Cranky,11/5,ah-rooooo,Cool,Active,Black,Beige,wol01,9QsHyDimk75LPvBsn,11
Lolly,https://acnhcdn.com/latest/NpcIcon/cat18.png,Cat,Female,Normal,3/27,bonbon,Simple,Simple,Gray,Pink,cat18,ucvTsRXewrZsFj64Y,3
Lopez,https://acnhcdn.com/latest/NpcIcon/der05.png,Deer,Male,Smug,8/20,badoom,Gorgeous,Gorgeous,Gray,Gray,der05,wBJRdKXMHcPyHDPEj,8
Louie,https://acnhcdn.com/latest/NpcIcon/gor04.png,Gorilla,Male,Jock,3/26,hoo hoo ha,Active,Simple,Gray,Red,gor04,emwaesnBa9EmWvW89,3
Lucha,https://acnhcdn.com/latest/NpcIcon/brd15.png,Bird,Male,Smug,12/12,cacaw,Active,Cool,Black,Gray,brd15,se8G8LxivnMhgBiRE,12
Lucky,https://acnhcdn.com/latest/NpcIcon/dog02.png,Dog,Male,Lazy,11/4,rrr-owch,Simple,Simple,Beige,White,dog02,WtvwKvChcpgZ4WcQB,11
Lucy,https://acnhcdn.com/latest/NpcIcon/pig04.png,Pig,Female,Normal,6/2,snoooink,Cute,Elegant,Pink,Red,pig04,8FpMvE2W6YJtmTpiQ,6
Lyman,https://acnhcdn.com/latest/NpcIcon/kal09.png,Koala,Male,Jock,10/12,chips,Simple,Active,Light blue,Yellow,kal09,cnByupc7McZQg8sNJ,10
Mac,https://acnhcdn.com/latest/NpcIcon/dog14.png,Dog,Male,Jock,11/11,woo woof,Active,Cool,Red,Black,dog14,bLyixhvrCHgBYzvoX,11
Maddie,https://acnhcdn.com/latest/NpcIcon/dog09.png,Dog,Female,Peppy,1/11,yippee,Simple,Cute,Purple,Pink,dog09,ebHEDLT4WnnnPtDzK,1
Maelle,https://acnhcdn.com/latest/NpcIcon/duk03.png,Duck,Female,Snooty,4/8,duckling,Cool,Simple,Pink,White,duk03,bHTDLovALeQz9PK4z,4
Maggie,https://acnhcdn.com/latest/NpcIcon/pig10.png,Pig,Female,Normal,9/3,schep,Cute,Elegant,Green,Yellow,pig10,ByLM9r2q7mRAMbgXs,9
Mallary,https://acnhcdn.com/latest/NpcIcon/duk06.png,Duck,Female,Snooty,11/17,quackpth,Cool,Gorgeous,Blue,White,duk06,jhXJGTWpk3ycr6kZC,11
Maple,https://acnhcdn.com/latest/NpcIcon/cbr01.png,Cub,Female,Normal,6/15,honey,Simple,Cute,Beige,Green,cbr01,xgPhy4TnDmnzSkZ6o,6
Marcel,https://acnhcdn.com/latest/NpcIcon/dog15.png,Dog,Male,Lazy,12/31,non,Simple,Cool,Green,Blue,dog15,63FsmgrS7QPpFvL3N,12
Marcie,https://acnhcdn.com/latest/NpcIcon/kgr10.png,Kangaroo,Female,Normal,5/31,pouches,Cute,Elegant,Pink,Beige,kgr10,mSJuJRK54zTu3BkHr,5
Margie,https://acnhcdn.com/latest/NpcIcon/elp04.png,Elephant,Female,Normal,1/28,tootie,Elegant,Cute,Pink,Red,elp04,rnFzZ3Z4gFAv6ouqG,1
Marina,https://acnhcdn.com/latest/NpcIcon/ocp01.png,Octopus,Female,Normal,6/26,blurp,Cute,Cute,Pink,Red,ocp01,BQCu2GxBFFTuigDAY,6
Marshal,https://acnhcdn.com/latest/NpcIcon/squ17.png,Squirrel,Male,Smug,9/29,sulky,Elegant,Cool,Light blue,Blue,squ17,ZZJJbE5zFrcDXfLEF,9
Mathilda,https://acnhcdn.com/latest/NpcIcon/kgr01.png,Kangaroo,Female,Snooty,11/12,wee baby,Cool,Gorgeous,White,Red,kgr01,GSsfXWFSF3FEdbcjA,11
Megan,https://acnhcdn.com/latest/NpcIcon/bea15.png,Bear,Female,Normal,3/13,sundae,Cute,Simple,Yellow,Light blue,bea15,tgsKz4BX3wxFRFrFZ,3
Melba,https://acnhcdn.com/latest/NpcIcon/kal02.png,Koala,Female,Normal,4/12,toasty,Cute,Cute,White,Green,kal02,sLBs68aveqtjT8HZJ,4
Merengue,https://acnhcdn.com/latest/NpcIcon/rhn07.png,Rhino,Female,Normal,3/19,shortcake,Cute,Simple,White,Red,rhn07,qxaecyD6f6aHuNZKK,3
Merry,https://acnhcdn.com/latest/NpcIcon/cat16.png,Cat,Female,Peppy,6/29,mweee,Cute,Cute,Pink,Light blue,cat16,uhd4aEuBudwu9pM6E,6
Midge,https://acnhcdn.com/latest/NpcIcon/brd08.png,Bird,Female,Normal,3/12,tweedledee,Cute,Simple,Pink,Pink,brd08,WSnecxx3DREYtZ3p3,3
Mint,https://acnhcdn.com/latest/NpcIcon/squ09.png,Squirrel,Female,Snooty,5/2,ahhhhhh,Gorgeous,Cute,Pink,Purple,squ09,TgwEuBB4kt96EXAvt,5
Mira,https://acnhcdn.com/latest/NpcIcon/rbt19.png,Rabbit,Female,Big sister,7/6,cottontail,Active,Cool,Red,Yellow,rbt19,ycquvbgfbCzktuLvn,7
Miranda,https://acnhcdn.com/latest/NpcIcon/duk12.png,Duck,Female,Snooty,4/23,quackulous,Elegant,Gorgeous,Blue,Purple,duk12,9AE7bEWmthdc7kZ4m,4
Mitzi,https://acnhcdn.com/latest/NpcIcon/cat01.png,Cat,Female,Normal,9/25,mew,Simple,Simple,Brown,Beige,cat01,4DpkbYXeoySwonvkS,9
Moe,https://acnhcdn.com/latest/NpcIcon/cat08.png,Cat,Male,Lazy,1/12,myawn,Active,Simple,Black,Gray,cat08,EYRuj39J5cS5eYuPD,1
Molly,https://acnhcdn.com/latest/NpcIcon/duk16.png,Duck,Female,Normal,3/7,quackidee,Cute,Simple,Yellow,Pink,duk16,4RLK74MDFhcXAQeuL,3
Monique,https://acnhcdn.com/latest/NpcIcon/cat11.png,Cat,Female,Snooty,9/30,pffffft,Gorgeous,Elegant,Purple,Pink,cat11,6rhSBCp2M4wcM9cRG,9
Monty,https://acnhcdn.com/latest/NpcIcon/mnk04.png,Monkey,Male,Cranky,12/7,g'tang,Cool,Cool,Yellow,Gray,mnk04,AB2WWajw4nPsxsQ5h,12
Moose,https://acnhcdn.com/latest/NpcIcon/mus14.png,Mouse,Male,Jock,9/13,shorty,Cool,Gorgeous,Purple,Red,mus14,bqireWGDZg56QP8JF,9
Mott,https://acnhcdn.com/latest/NpcIcon/lon06.png,Lion,Male,Jock,7/10,cagey,Active,Elegant,Blue,Green,lon06,upZ67GQyTzKPGCLm8,7
Muffy,https://acnhcdn.com/latest/NpcIcon/shp12.png,Sheep,Female,Big sister,2/14,nightshade,Gorgeous,Elegant,Black,Purple,shp12,BMbfDZTTqMr8T4Jvt,2
Murphy,https://acnhcdn.com/latest/NpcIcon/cbr07.png,Cub,Male,Cranky,12/29,malarkey,Simple,Cool,Blue,White,cbr07,Nw4ojqKpHxBQfEqqo,12
Nan,https://acnhcdn.com/latest/NpcIcon/goa01.png,Goat,Female,Normal,8/24,kid,Simple,Elegant,Orange,Yellow,goa01,oGFWxL6p7g9Hq5LWK,8
Nana,https://acnhcdn.com/latest/NpcIcon/mnk01.png,Monkey,Female,Normal,8/23,po po,Cute,Cute,Pink,White,mnk01,z95tvdzwWsxjXbpqP,8
Naomi,https://acnhcdn.com/latest/NpcIcon/cow07.png,Cow,Female,Snooty,2/28,moolah,Elegant,Gorgeous,Colorful,Purple,cow07,3EXPYiDinngndhDng,2
Nate,https://acnhcdn.com/latest/NpcIcon/bea05.png,Bear,Male,Lazy,8/16,yawwwn,Simple,Simple,White,Green,bea05,h2nAg5RGkR7NEnSQq,8
Nibbles,https://acnhcdn.com/latest/NpcIcon/squ04.png,Squirrel,Female,Peppy,7/19,niblet,Cute,Active,Red,Yellow,squ04,Moh8bkfxWaxEa97mG,7
Norma,https://acnhcdn.com/latest/NpcIcon/cow06.png,Cow,Female,Normal,9/20,hoof hoo,Cute,Simple,White,Light blue,cow06,fwgBojtt5KTvk3TL5,9
O'Hare,https://acnhcdn.com/latest/NpcIcon/rbt15.png,Rabbit,Male,Smug,7/24,amigo,Active,Cool,Blue,Light blue,rbt15,WDB4w6DdNpdhCvEuj,7
Octavian,https://acnhcdn.com/latest/NpcIcon/ocp00.png,Octopus,Male,Cranky,9/20,sucker,Cool,Simple,Black,White,ocp00,nLsc5geQY78JR7j4S,9
Olaf,https://acnhcdn.com/latest/NpcIcon/ant09.png,Anteater,Male,Smug,5/19,whiffa,Elegant,Gorgeous,Red,Black,ant09,ar73BhCacgwhTNYnX,5
Olive,https://acnhcdn.com/latest/NpcIcon/cbr09.png,Cub,Female,Normal,7/12,sweet pea,Simple,Simple,Brown,Yellow,cbr09,7ZynzrsbeH5fMqvLu,7
Olivia,https://acnhcdn.com/latest/NpcIcon/cat03.png,Cat,Female,Snooty,2/3,purrr,Cool,Elegant,White,Black,cat03,9TaBZpKSgb9nEWwtH,2
Opal,https://acnhcdn.com/latest/NpcIcon/elp00.png,Elephant,Female,Snooty,1/20,snoot,Elegant,Cool,Black,Orange,elp00,FYopCfP6LEKMEAP7F,1
Ozzie,https://acnhcdn.com/latest/NpcIcon/kal05.png,Koala,Male,Lazy,5/7,ol' bear,Simple,Cute,Yellow,Orange,kal05,jn3GZEfXoGm3ahwd3,5
Pancetti,https://acnhcdn.com/latest/NpcIcon/pig16.png,Pig,Female,Snooty,11/14,sooey,Cute,Gorgeous,Red,Yellow,pig16,bjvvbcuiiN9pYiZA9,11
Pango,https://acnhcdn.com/latest/NpcIcon/ant02.png,Anteater,Female,Peppy,11/9,snooooof,Elegant,Cool,Orange,Purple,ant02,dz29mEXmHc8mM3q7R,11
Paolo,https://acnhcdn.com/latest/NpcIcon/elp05.png,Elephant,Male,Lazy,5/5,pal,Simple,Elegant,Gray,Light blue,elp05,jH9AH2BeLRwtsFwHQ,5
Papi,https://acnhcdn.com/latest/NpcIcon/hrs12.png,Horse,Male,Lazy,1/10,haaay,Simple,Simple,Orange,Light blue,hrs12,miKjvBKFawhzBB8rW,1
Pashmina,https://acnhcdn.com/latest/NpcIcon/goa08.png,Goat,Female,Big sister,12/26,kidders,Cool,Elegant,Red,Colorful,goa08,hftL8Ep8ffr3PWTuE,12
Pate,https://acnhcdn.com/latest/NpcIcon/duk02.png,Duck,Female,Peppy,2/23,quackle,Simple,Cute,Yellow,White,duk02,DHBvGmtvAKgcEQiLx,2
Patty,https://acnhcdn.com/latest/NpcIcon/cow00.png,Cow,Female,Peppy,5/10,how-now,Simple,Cute,Orange,Red,cow00,WwWCGiveKwyuntnBe,5
Paula,https://acnhcdn.com/latest/NpcIcon/bea10.png,Bear,Female,Big sister,3/22,yodelay,Cute,Active,Orange,Green,bea10,mt4oJ6k5CJTCGJXAZ,3
Peaches,https://acnhcdn.com/latest/NpcIcon/hrs08.png,Horse,Female,Normal,11/28,neighbor,Cute,Simple,Colorful,Light blue,hrs08,SRuoS7z66df8wdynd,11
Peanut,https://acnhcdn.com/latest/NpcIcon/squ00.png,Squirrel,Female,Peppy,6/8,slacker,Cute,Cute,Red,Colorful,squ00,ZcdcgJXwiH4rJg2JK,6
Pecan,https://acnhcdn.com/latest/NpcIcon/squ03.png,Squirrel,Female,Snooty,9/10,chipmunk,Elegant,Gorgeous,Purple,Beige,squ03,qJmNiqamwRRxHc4fY,9
Peck,https://acnhcdn.com/latest/NpcIcon/brd17.png,Bird,Male,Jock,7/25,crunch,Simple,Active,Beige,Red,brd17,TC9QnMpcjfskBGzwB,7
Peewee,https://acnhcdn.com/latest/NpcIcon/gor01.png,Gorilla,Male,Cranky,9/11,li'l bitty baby,Active,Cool,Orange,Blue,gor01,HAeZAgW5pywjmCBeu,9
Peggy,https://acnhcdn.com/latest/NpcIcon/pig11.png,Pig,Female,Peppy,5/23,shweetie,Cute,Active,Blue,Red,pig11,YReGwLNQoegR9PhZx,5
Pekoe,https://acnhcdn.com/latest/NpcIcon/cbr14.png,Cub,Female,Normal,5/18,bud,Elegant,Cute,Red,Beige,cbr14,QvWvWxjFtNLCnZES5,5
Penelope,https://acnhcdn.com/latest/NpcIcon/mus17.png,Mouse,Female,Peppy,2/5,oh bow,Cute,Gorgeous,Pink,Red,mus17,L9mYm8tvKg32G85cv,2
Phil,https://acnhcdn.com/latest/NpcIcon/ost07.png,Ostrich,Male,Smug,11/27,hurk,Elegant,Cool,Green,Red,ost07,rCHTjrbTz7pejGT8J,11
Phoebe,https://acnhcdn.com/latest/NpcIcon/ost10.png,Ostrich,Female,Big sister,4/22,sparky,Gorgeous,Cool,Black,Red,ost10,HYJxoDdCoLS7uPdz9,4
Pierce,https://acnhcdn.com/latest/NpcIcon/pbr02.png,Eagle,Male,Jock,1/8,hawkeye,Elegant,Active,Orange,Yellow,pbr02,aavqm5o5TcTxgrBs6,1
Pietro,https://acnhcdn.com/latest/NpcIcon/shp13.png,Sheep,Male,Smug,4/19,honk honk,Gorgeous,Simple,Colorful,Red,shp13,fLBrHLToMTBrc5Was,4
Pinky,https://acnhcdn.com/latest/NpcIcon/bea01.png,Bear,Female,Peppy,9/9,wah,Cute,Simple,Red,Pink,bea01,CLQDMiLJYw9de8t7c,9
Piper,https://acnhcdn.com/latest/NpcIcon/brd05.png,Bird,Female,Peppy,4/18,chickadee,Elegant,Gorgeous,Black,White,brd05,B9nGDw29C3MeZeiob,4
Pippy,https://acnhcdn.com/latest/NpcIcon/rbt06.png,Rabbit,Female,Peppy,6/14,li'l hare,Cute,Simple,Green,Brown,rbt06,zRveogN878Fugd5ga,6
Plucky,https://acnhcdn.com/latest/NpcIcon/chn10.png,Chicken,Female,Big sister,10/12,chicky-poo,Cool,Simple,Light blue,Yellow,chn10,8v54MppXDZwDS2viK,10
Pompom,https://acnhcdn.com/latest/NpcIcon/duk05.png,Duck,Female,Peppy,2/11,rah rah,Cute,Simple,Pink,Light blue,duk05,D4EfZuiFQqxXAaxa5,2
Poncho,https://acnhcdn.com/latest/NpcIcon/cbr02.png,Cub,Male,Jock,1/2,li'l bear,Simple,Simple,Orange,Yellow,cbr02,2yyqShsyFuek2xsPq,1
Poppy,https://acnhcdn.com/latest/NpcIcon/squ15.png,Squirrel,Female,Normal,8/5,nutty,Cute,Elegant,Green,Yellow,squ15,NaP65qNMvxYTzTXrs,8
Portia,https://acnhcdn.com/latest/NpcIcon/dog05.png,Dog,Female,Snooty,10/25,ruffian,Elegant,Gorgeous,Purple,Black,dog05,XAP6AcqdXDufCkTAd,10
Prince,https://acnhcdn.com/latest/NpcIcon/flg12.png,Frog,Male,Lazy,7/21,burrup,Simple,Active,Yellow,White,flg12,3YQrrLRvCYt62wMLi,7
Puck,https://acnhcdn.com/latest/NpcIcon/pgn06.png,Penguin,Male,Lazy,2/21,brrrrrrrrr,Active,Simple,Blue,Red,pgn06,qnejmf3Q7jvCoBvw7,2
Puddles,https://acnhcdn.com/latest/NpcIcon/flg06.png,Frog,Female,Peppy,1/13,splish,Cute,Gorgeous,Green,Pink,flg06,TuEiYBT2nG3qNT2RX,1
Pudge,https://acnhcdn.com/latest/NpcIcon/cbr03.png,Cub,Male,Lazy,6/11,pudgy,Simple,Simple,Green,Blue,cbr03,QGD2qdJ8oyu4SS7To,6
Punchy,https://acnhcdn.com/latest/NpcIcon/cat06.png,Cat,Male,Lazy,4/11,mrmpht,Simple,Simple,Blue,Light blue,cat06,Q8Qds8CMWMnXTGbqf,4
Purrl,https://acnhcdn.com/latest/NpcIcon/cat07.png,Cat,Female,Snooty,5/29,kitten,Cool,Elegant,Gray,Blue,cat07,ZgpbeQ6LW63qq2yok,5
Queenie,https://acnhcdn.com/latest/NpcIcon/ost00.png,Ostrich,Female,Snooty,11/13,chicken,Gorgeous,Elegant,Black,Gray,ost00,4vYPTrcRBimNwXmcC,11
Quillson,https://acnhcdn.com/latest/NpcIcon/duk17.png,Duck,Male,Smug,12/22,ridukulous,Elegant,Cool,Beige,Orange,duk17,tdfJ4MAeE2pKDxxNd,12
Raddle,https://acnhcdn.com/latest/NpcIcon/flg15.png,Frog,Male,Lazy,6/6,aaach—,Elegant,Simple,White,Gray,flg15,Xi6NDcp6NptRB9WDz,6
Rasher,https://acnhcdn.com/latest/NpcIcon/pig02.png,Pig,Male,Cranky,4/7,swine,Cool,Simple,Blue,Black,pig02,vhd6ReEt63uAnpYsq,4
Raymond,https://acnhcdn.com/latest/NpcIcon/cat23.png,Cat,Male,Smug,10/1,crisp,Elegant,Cool,Black,Gray,cat23,2nbzgWsuDBSN2LeEj,10
Renée,https://acnhcdn.com/latest/NpcIcon/rhn08.png,Rhino,Female,Big sister,5/28,yo yo yo,Cool,Active,Purple,Yellow,rhn08,ZyeqzXyxABEFXsS5c,5
Reneigh,https://acnhcdn.com/latest/NpcIcon/hrs16.png,Horse,Female,Big sister,6/4,ayup yup,Cool,Gorgeous,Black,Purple,hrs16,4rRW9HkPYfAWBQvWC,6
Rex,https://acnhcdn.com/latest/NpcIcon/lon02.png,Lion,Male,Lazy,7/24,cool cat,Simple,Cute,Blue,Light blue,lon02,umQmbALHn7dbiMrYL,7
Rhonda,https://acnhcdn.com/latest/NpcIcon/rhn01.png,Rhino,Female,Normal,1/24,bigfoot,Elegant,Gorgeous,Purple,Black,rhn01,BjYi6hQsSg6sQcxhm,1
Ribbot,https://acnhcdn.com/latest/NpcIcon/flg01.png,Frog,Male,Jock,2/13,zzrrbbitt,Simple,Active,Blue,Light blue,flg01,vg2BFTmhyyhbiHtbC,2
Ricky,https://acnhcdn.com/latest/NpcIcon/squ10.png,Squirrel,Male,Cranky,9/14,nutcase,Cool,Simple,Blue,Red,squ10,g5JArfBAeNAXb8rFX,9
Rizzo,https://acnhcdn.com/latest/NpcIcon/mus09.png,Mouse,Male,Cranky,1/17,squee,Simple,Cool,Black,Gray,mus09,vmbvXTtjpswNLkcpi,1
Roald,https://acnhcdn.com/latest/NpcIcon/pgn01.png,Penguin,Male,Jock,1/5,b-b-buddy,Active,Simple,Red,Yellow,pgn01,kxpZTdDuacHxQA3An,1
Robin,https://acnhcdn.com/latest/NpcIcon/brd01.png,Bird,Female,Snooty,12/4,la-di-da,Elegant,Cool,Light blue,Purple,brd01,xK49Rcb2Lnm5P4aLM,12
Rocco,https://acnhcdn.com/latest/NpcIcon/hip00.png,Hamster,Male,Cranky,8/18,hippie,Simple,Cool,Yellow,Black,hip00,vfET6L7B9ruRApyMb,8
Rocket,https://acnhcdn.com/latest/NpcIcon/gor09.png,Gorilla,Female,Big sister,4/14,vroom,Active,Cool,Pink,Red,gor09,eJNBB5SYzfj5DaWjx,4
Rod,https://acnhcdn.com/latest/NpcIcon/mus05.png,Mouse,Male,Jock,8/14,ace,Active,Cool,Blue,Light blue,mus05,ezLuGMubv35hSamPr,8
Rodeo,https://acnhcdn.com/latest/NpcIcon/bul01.png,Bull,Male,Lazy,10/29,chaps,Simple,Cool,Black,Red,bul01,QNT5F2pjZixKpiD4D,10
Rodney,https://acnhcdn.com/latest/NpcIcon/ham03.png,Hamster,Male,Smug,11/10,le ham,Gorgeous,Cool,Pink,Colorful,ham03,AnFmctYx65LkTaFGu,11
Rolf,https://acnhcdn.com/latest/NpcIcon/tig00.png,Tiger,Male,Cranky,8/22,grrrolf,Cool,Active,Blue,Black,tig00,MA2wxkE7cEyD4f4hz,8
Rooney,https://acnhcdn.com/latest/NpcIcon/kgr09.png,Kangaroo,Male,Cranky,12/1,punches,Active,Active,Gray,Black,kgr09,9wnSweJyqfd4izW4M,12
Rory,https://acnhcdn.com/latest/NpcIcon/lon07.png,Lion,Male,Jock,8/7,capital,Simple,Active,Blue,Red,lon07,hAfSborD4JtyNGFd6,8
Roscoe,https://acnhcdn.com/latest/NpcIcon/hrs04.png,Horse,Male,Cranky,6/16,nay,Cool,Gorgeous,Black,Gray,hrs04,RKAg95c8nosL8fNec,6
Rosie,https://acnhcdn.com/latest/NpcIcon/cat02.png,Cat,Female,Peppy,2/27,silly,Cute,Cute,Pink,Red,cat02,NTwyXi4RAX4EKTcW6,2
Rowan,https://acnhcdn.com/latest/NpcIcon/tig01.png,Tiger,Male,Jock,8/26,mango,Active,Simple,Light blue,Gray,tig01,WqtXZv8CLheckbHoF,8
Ruby,https://acnhcdn.com/latest/NpcIcon/rbt09.png,Rabbit,Female,Peppy,12/25,li'l ears,Cute,Active,Light blue,Pink,rbt09,rjbSmp6a8PdsEw9BM,12
Rudy,https://acnhcdn.com/latest/NpcIcon/cat20.png,Cat,Male,Jock,12/20,mush,Active,Simple,Yellow,Beige,cat20,TqXTvnySgEac3iEt7,12
Sally,https://acnhcdn.com/latest/NpcIcon/squ07.png,Squirrel,Female,Normal,6/19,nutmeg,Simple,Elegant,White,Beige,squ07,jtXMvWWbQ9qN2iw7S,6
Samson,https://acnhcdn.com/latest/NpcIcon/mus04.png,Mouse,Male,Jock,7/5,pipsqueak,Simple,Active,Red,Yellow,mus04,XFzdPqYwq4n98EpuF,7
Sandy,https://acnhcdn.com/latest/NpcIcon/ost02.png,Ostrich,Female,Normal,10/21,speedy,Simple,Cool,Light blue,White,ost02,6t3MfdfbyRKwjgNPd,10
Savannah,https://acnhcdn.com/latest/NpcIcon/hrs02.png,Horse,Female,Normal,1/25,y'all,Cool,Simple,Light blue,Blue,hrs02,Mquwz8gbb3EEmazyF,1
Scoot,https://acnhcdn.com/latest/NpcIcon/duk10.png,Duck,Male,Jock,6/13,zip zoom,Active,Simple,Beige,Blue,duk10,wanb7GiQ9fe6puXe8,6
Shari,https://acnhcdn.com/latest/NpcIcon/mnk07.png,Monkey,Female,Big sister,4/10,cheeky,Cute,Active,Light blue,Yellow,mnk07,sR4EndxJk6uqcQKxB,4
Sheldon,https://acnhcdn.com/latest/NpcIcon/squ16.png,Squirrel,Male,Jock,2/26,cardio,Active,Cool,Green,Yellow,squ16,KQG9B6Yp57KhnDiZ9,2
Shep,https://acnhcdn.com/latest/NpcIcon/dog18.png,Dog,Male,Smug,11/24,baa baa baa,Simple,Cool,Light blue,Blue,dog18,P4FqMoZg2EJQ6EzAb,11
Sherb,https://acnhcdn.com/latest/NpcIcon/goa09.png,Goat,Male,Lazy,1/18,bawwww,Simple,Cute,Gray,Blue,goa09,XaaDkAfHynrEY2YS4,1
Simon,https://acnhcdn.com/latest/NpcIcon/mnk02.png,Monkey,Male,Lazy,1/19,zzzook,Simple,Active,Red,Colorful,mnk02,mTk2qZXe4XwP3WzNT,1
Skye,https://acnhcdn.com/latest/NpcIcon/wol09.png,Wolf,Female,Normal,3/24,airmail,Cute,Cute,Blue,White,wol09,y8Mi2cSB26qfaxCa3,3
Sly,https://acnhcdn.com/latest/NpcIcon/crd06.png,Alligator,Male,Jock,11/15,hoo-rah,Cool,Simple,Brown,Green,crd06,GbXz3ZAtzig3qyKd5,11
Snake,https://acnhcdn.com/latest/NpcIcon/rbt03.png,Rabbit,Male,Jock,11/3,bunyip,Active,Simple,Black,Blue,rbt03,LZcGjneEs8xmxNE3q,11
Snooty,https://acnhcdn.com/latest/NpcIcon/ant06.png,Anteater,Female,Snooty,10/24,sniffff,Simple,Simple,Green,Yellow,ant06,hZmkhmRhK7xgM6BhP,10
Soleil,https://acnhcdn.com/latest/NpcIcon/ham04.png,Hamster,Female,Snooty,8/9,tarnation,Cool,Gorgeous,Red,Yellow,ham04,EzZzup4KP8t2FvL8f,8
Sparro,https://acnhcdn.com/latest/NpcIcon/brd18.png,Bird,Male,Jock,11/20,like whoa,Active,Simple,Green,Gray,brd18,kyF7bCcryEzaErcTJ,11
Spike,https://acnhcdn.com/latest/NpcIcon/rhn02.png,Rhino,Male,Cranky,6/17,punk,Cool,Gorgeous,Black,Gray,rhn02,e8bJbKYBcretqhbuR,6
Spork,https://acnhcdn.com/latest/NpcIcon/pig05.png,Pig,Male,Lazy,9/3,snork,Simple,Active,Green,Colorful,pig05,NeqP5jCsuLugbA2PW,9
Sprinkle,https://acnhcdn.com/latest/NpcIcon/pgn14.png,Penguin,Female,Peppy,2/20,frappe,Cute,Elegant,Light blue,White,pgn14,5ffTHHjgjsXGAcsb3,2
Sprocket,https://acnhcdn.com/latest/NpcIcon/ost03.png,Ostrich,Male,Jock,12/1,zort,Simple,Active,Orange,Green,ost03,mFq536yZgoy7zEbKd,12
Static,https://acnhcdn.com/latest/NpcIcon/squ08.png,Squirrel,Male,Cranky,7/9,krzzt,Cool,Active,Black,Yellow,squ08,vqPjvoChWTNpj2t6E,7
Stella,https://acnhcdn.com/latest/NpcIcon/shp03.png,Sheep,Female,Normal,4/9,baa-dabing,Simple,Simple,Yellow,Beige,shp03,PnrARfxc8picdtvL8,4
Sterling,https://acnhcdn.com/latest/NpcIcon/pbr07.png,Eagle,Male,Jock,12/11,skraaaaw,Simple,Elegant,Blue,Red,pbr07,u7tJskupjfv3Ejedt,12
Stinky,https://acnhcdn.com/latest/NpcIcon/cat13.png,Cat,Male,Jock,8/17,GAAHHH,Active,Simple,Red,Blue,cat13,daE2wDXCWHDJZBkD4,8
Stitches,https://acnhcdn.com/latest/NpcIcon/cbr05.png,Cub,Male,Lazy,2/10,stuffin',Simple,Cute,Colorful,White,cbr05,SfGuc8givs3kR8kvM,2
Stu,https://acnhcdn.com/latest/NpcIcon/bul03.png,Bull,Male,Lazy,4/20,mrooooo,Simple,Simple,Brown,Beige,bul03,rcPtvvvscvkEWG7AF,4
Sydney,https://acnhcdn.com/latest/NpcIcon/kal03.png,Koala,Female,Normal,6/21,sunshine,Cute,Simple,Beige,Yellow,kal03,crrWmmqsC9RfmZNCS,6
Sylvana,https://acnhcdn.com/latest/NpcIcon/squ14.png,Squirrel,Female,Normal,10/22,hubbub,Cute,Simple,Green,Purple,squ14,MBkrN9pXkoACmfPdE,10
Sylvia,https://acnhcdn.com/latest/NpcIcon/kgr06.png,Kangaroo,Female,Big sister,5/3,boing,Simple,Gorgeous,Yellow,Green,kgr06,PZsBTkeYBg5ACE5xB,5
T-Bone,https://acnhcdn.com/latest/NpcIcon/bul05.png,Bull,Male,Cranky,5/20,moocher,Cool,Simple,Blue,Black,bul05,QLPX4QqjhiPwCLcko,5
Tabby,https://acnhcdn.com/latest/NpcIcon/cat12.png,Cat,Female,Peppy,8/13,me-WOW,Active,Cool,Black,Gray,cat12,P3ouRnR3NRSch3LaC,8
Tad,https://acnhcdn.com/latest/NpcIcon/flg09.png,Frog,Male,Jock,8/3,sluuuurp,Active,Simple,Yellow,Colorful,flg09,v74Hs9XT2zRC6gDjE,8
Tammi,https://acnhcdn.com/latest/NpcIcon/mnk03.png,Monkey,Female,Peppy,4/2,chimpy,Cute,Active,Purple,Green,mnk03,vYWvCyge46SGeHfHH,4
Tammy,https://acnhcdn.com/latest/NpcIcon/cbr17.png,Cub,Female,Big sister,6/23,ya heard,Cool,Active,Red,Purple,cbr17,vw7ussv29jkjDdnJ7,6
Tangy,https://acnhcdn.com/latest/NpcIcon/cat05.png,Cat,Female,Peppy,6/17,reeeeOWR,Simple,Cute,Green,Yellow,cat05,eeMEC83wHWmKuHNvh,6
Tank,https://acnhcdn.com/latest/NpcIcon/rhn00.png,Rhino,Male,Jock,5/6,kerPOW,Active,Simple,Red,Green,rhn00,tq4TfLyNJx7un4h2m,5
Tasha,https://acnhcdn.com/latest/NpcIcon/squ13.png,Squirrel,Female,Snooty,11/30,nice nice,Elegant,Gorgeous,Beige,Gray,squ13,i3FzxyjfuBzy7Fnv3,11
Teddy,https://acnhcdn.com/latest/NpcIcon/bea00.png,Bear,Male,Jock,9/26,grooof,Simple,Simple,Yellow,Orange,bea00,JhB2GSBmZCpaqRGDv,9
Tex,https://acnhcdn.com/latest/NpcIcon/pgn12.png,Penguin,Male,Smug,10/6,picante,Cool,Elegant,Black,Gray,pgn12,99QcysqkrEZ7ycBWs,10
Tia,https://acnhcdn.com/latest/NpcIcon/elp10.png,Elephant,Female,Normal,11/18,teacup,Cute,Elegant,Black,White,elp10,2SK8tjSB8JvYLgPn9,11
Tiffany,https://acnhcdn.com/latest/NpcIcon/rbt07.png,Rabbit,Female,Snooty,1/9,bunbun,Gorgeous,Cool,Black,Red,rbt07,yhaDSkcEFYP6urwjN,1
Timbra,https://acnhcdn.com/latest/NpcIcon/shp10.png,Sheep,Female,Snooty,10/21,pine nut,Elegant,Gorgeous,Green,Brown,shp10,yafB94xabfKKPPNSp,10
Tipper,https://acnhcdn.com/latest/NpcIcon/cow01.png,Cow,Female,Snooty,8/25,pushy,Gorgeous,Cute,Colorful,Pink,cow01,ZWevBdWKRpz7DC7B4,8
Tom,https://acnhcdn.com/latest/NpcIcon/cat15.png,Cat,Male,Cranky,12/10,me-YOWZA,Cool,Simple,Black,Gray,cat15,2vHKegY3XyX2DBc6G,12
Truffles,https://acnhcdn.com/latest/NpcIcon/pig01.png,Pig,Female,Peppy,7/28,snoutie,Cute,Gorgeous,Green,Red,pig01,3oNZnyk4zv3zJD2m5,7
Tucker,https://acnhcdn.com/latest/NpcIcon/elp09.png,Elephant,Male,Lazy,9/7,fuzzers,Active,Simple,Yellow,Orange,elp09,96HCsK6H2c7J2ARMa,9
Tutu,https://acnhcdn.com/latest/NpcIcon/bea07.png,Bear,Female,Peppy,9/15,twinkles,Cute,Simple,Pink,Red,bea07,HqboYio5a8bRbKtcL,9
Twiggy,https://acnhcdn.com/latest/NpcIcon/brd03.png,Bird,Female,Peppy,7/13,cheepers,Simple,Cute,Pink,Blue,brd03,P6sD4cQvXFHHvNcz8,7
Tybalt,https://acnhcdn.com/latest/NpcIcon/tig02.png,Tiger,Male,Jock,8/19,grrrRAH,Active,Simple,Blue,Purple,tig02,Q49mH4FY3BrgFDoyN,8
Ursala,https://acnhcdn.com/latest/NpcIcon/bea08.png,Bear,Female,Big sister,1/16,grooomph,Simple,Cute,Red,Orange,bea08,zodRh39TrqXPbGW49,1
Velma,https://acnhcdn.com/latest/NpcIcon/goa06.png,Goat,Female,Snooty,1/14,blih,Elegant,Gorgeous,Light blue,Purple,goa06,PkAYXk745ZHBE69a9,1
Vesta,https://acnhcdn.com/latest/NpcIcon/shp00.png,Sheep,Female,Normal,4/16,baaaffo,Simple,Cute,Orange,Red,shp00,pkzxW9Pmtd39TMdDH,4
Vic,https://acnhcdn.com/latest/NpcIcon/bul08.png,Bull,Male,Cranky,12/29,cud,Cool,Active,Light blue,Blue,bul08,9ouwtyzDNP65WJv77,12
Victoria,https://acnhcdn.com/latest/NpcIcon/hrs01.png,Horse,Female,Peppy,7/11,sugar cube,Active,Simple,Yellow,Orange,hrs01,R5zfwZxyxaa6gue4d,7
Violet,https://acnhcdn.com/latest/NpcIcon/gor07.png,Gorilla,Female,Snooty,9/1,sweetie,Gorgeous,Cool,Purple,Pink,gor07,z7N6aubfytXa7Z4Me,9
Vivian,https://acnhcdn.com/latest/NpcIcon/wol08.png,Wolf,Female,Snooty,1/26,piffle,Gorgeous,Elegant,Gray,Purple,wol08,tWyG3bE5fwvNNGpWM,1
Vladimir,https://acnhcdn.com/latest/NpcIcon/cbr06.png,Cub,Male,Cranky,8/2,nyet,Simple,Cool,Yellow,Colorful,cbr06,Eskwc34f2x6Qx6ZNT,8
Wade,https://acnhcdn.com/latest/NpcIcon/pgn09.png,Penguin,Male,Lazy,10/30,so it goes,Simple,Gorgeous,Light blue,Blue,pgn09,cy2hRtipGaiHEBPd8,10
Walker,https://acnhcdn.com/latest/NpcIcon/dog06.png,Dog,Male,Lazy,6/10,wuh,Simple,Simple,Orange,Red,dog06,rh6PGwW3Lg6EFcfo6,6
Walt,https://acnhcdn.com/latest/NpcIcon/kgr08.png,Kangaroo,Male,Cranky,4/24,pockets,Cool,Cool,Black,Gray,kgr08,wN36ADi7MxiLNJ3Eu,4
Wart Jr.,https://acnhcdn.com/latest/NpcIcon/flg05.png,Frog,Male,Cranky,8/21,grr-ribbit,Simple,Simple,Blue,Purple,flg05,HCbj4RPsBexGWd2Sy,8
Weber,https://acnhcdn.com/latest/NpcIcon/duk11.png,Duck,Male,Lazy,6/30,quaa,Cool,Simple,Blue,Black,duk11,QrbKSTR4H9tFKBofW,6
Wendy,https://acnhcdn.com/latest/NpcIcon/shp09.png,Sheep,Female,Peppy,8/15,lambkins,Cool,Gorgeous,Red,Green,shp09,YyW9WdsWe6EgMF4Mq,8
Whitney,https://acnhcdn.com/latest/NpcIcon/wol03.png,Wolf,Female,Snooty,9/17,snappy,Elegant,Cool,Blue,Light blue,wol03,KbixDxCFpoWTimarv,9
Willow,https://acnhcdn.com/latest/NpcIcon/shp07.png,Sheep,Female,Snooty,11/26,bo peep,Cute,Gorgeous,White,Pink,shp07,HT58xc2w7ootdCRWb,11
Winnie,https://acnhcdn.com/latest/NpcIcon/hrs05.png,Horse,Female,Peppy,1/31,hay-OK,Cool,Simple,White,Gray,hrs05,b4HwfyvThyipScSAv,1
Wolfgang,https://acnhcdn.com/latest/NpcIcon/wol02.png,Wolf,Male,Cranky,11/25,snarrrl,Cool,Active,Black,Green,wol02,RbF2wcn6jRxtgLDRd,11
Yuka,https://acnhcdn.com/latest/NpcIcon/kal00.png,Koala,Female,Snooty,7/20,tsk tsk,Cool,Elegant,Orange,Yellow,kal00,QDcxk3dCNT6yeD9hk,7
Zell,https://acnhcdn.com/latest/NpcIcon/der02.png,Deer,Male,Smug,6/7,pronk,Cool,Gorgeous,Purple,Gray,der02,LodBWtdMRZbjFNga9,6
Zucker,https://acnhcdn.com/latest/NpcIcon/ocp02.png,Octopus,Male,Lazy,3/8,bloop,Simple,Cute,Blue,Yellow,ocp02,2F5tipHqgmWvWXTLC,3
