Name,Image,VFX,VFX Type,DIY,Buy,Sell,Source,Source Notes,Catalog,WindowType,WindowColor,PaneType,CurtainType,CurtainColor,Ceiling Type,Color1,Color2,HHAConcept1,HHAConcept2,HHASeries,Tag,Version,Filename,InternalID,UniqueEntryID
abstract wall,https://acnhcdn.com/latest/FtrIcon/RoomTexWallAbstract00.png,No,NA,No,1560,390,Nook's Cranny,,For sale,Four Pane,Grey Wood,Glass,Roller Shades,White,Cloth,White,Colorful,shop,facility,None,Cloth Walls,1.0.0,RoomTexWallAbstract00,4873,FpdbDr4PMe5WdEZkA
ancient wall,https://acnhcdn.com/latest/FtrIcon/RoomTexWallEgypt00.png,No,NA,No,3000,750,Saharah,,Not for sale,None,NA,NA,None,NA,Stone,Beige,Brown,folk art,horror,None,Asia,1.0.0,RoomTexWallEgypt00,4936,Y2pykQMhqbEoGGa62
apple wall,https://acnhcdn.com/latest/FtrIcon/RoomTexWallApple00.png,No,NA,Yes,0,4000,Crafting,,Not for sale,Four Pane,Grey Wood,Glass,Roller Shades,White,Cloth,Red,Red,fancy,child's room,fruits,Fruit Walls,1.0.0,RoomTexWallApple00,4916,roJZFWataeLQK6vqa
aqua tile wall,https://acnhcdn.com/latest/FtrIcon/RoomTexWallTile01.png,No,NA,No,1420,355,Nook's Cranny,,For sale,Single Pane,White Metal,Glass,Slatted Blinds,White Plastic,Stone,Light blue,Light blue,bathroom,facility,None,Tile Walls,1.0.0,RoomTexWallTile01,4930,6NXvjsdpxJLbd96RM
arched-window wall,https://acnhcdn.com/latest/FtrIcon/RoomSpWallGlass00.png,Yes,NA,No,2150,537,Nook's Cranny,,For sale,None,NA,NA,None,NA,Wood,Brown,Light blue,shop,expensive,None,Special Walls,1.0.0,RoomSpWallGlass00,5482,TzS5oe6a7KyBezmLS
autumn wall,https://acnhcdn.com/latest/FtrIcon/RoomSpWallAutumun00.png,Yes,Random,Yes,0,4700,Crafting,Fall seasonal DIY using autumn leaves (caught with net),Not for sale,None,NA,NA,None,NA,Wood,Brown,Orange,garden,None,tree's bounty or leaves ,Special Warm Nature Walls,1.0.0,RoomSpWallAutumun00,4905,KfLqJKhWtys8v86ig
backyard-fence wall,https://acnhcdn.com/latest/FtrIcon/RoomSpWallBackyard00.png,Yes,Synchro,No,3000,750,Saharah,,Not for sale,None,NA,NA,None,NA,Plain,Light blue,White,garden,None,None,Special Cool Nature Walls,1.0.0,RoomSpWallBackyard00,5481,oPYWjEfm7BqHTYipq
bamboo wall,https://acnhcdn.com/latest/FtrIcon/RoomTexWallBamboo00.png,No,NA,Yes,0,2400,Crafting,,Not for sale,None,NA,NA,None,NA,Wood,Green,Beige,zen-style,None,bamboo,Nature Walls,1.0.0,RoomTexWallBamboo00,4833,MYpD6DoNCPDw6d9t3
bamboo-grove wall,https://acnhcdn.com/latest/FtrIcon/RoomTexWallChikurin00.png,No,NA,Yes,0,4300,Crafting,Spring seasonal DIY using bamboo (from bamboo trees),Not for sale,None,NA,NA,None,NA,Wood,Green,Green,zen-style,None,bamboo,Nature Walls,1.0.0,RoomTexWallChikurin00,4853,LbsrED9Rwg6SHTCpa
bamboo-screen wall,https://acnhcdn.com/latest/FtrIcon/RoomTexWallRattan00.png,No,NA,No,1770,442,Nook's Cranny,,For sale,None,NA,NA,None,NA,Stone,Brown,Brown,zen-style,None,None,Wood Walls,1.0.0,RoomTexWallRattan00,4836,MZt39wkPG6P7iWG2M
bank-vault wall,https://acnhcdn.com/latest/FtrIcon/RoomTexWallSafeBox00.png,No,NA,No,3000,750,Saharah,,Not for sale,None,NA,NA,None,NA,Tile,Gray,Gray,facility,expensive,None,Iron Walls,1.0.0,RoomTexWallSafeBox00,4839,HrgjLfo8tPzP2zpbE
basic wall,https://acnhcdn.com/latest/FtrIcon/RoomSpWallSimplePanel00.png,Yes,NA,No,600,150,Nook's Cranny,,For sale,None,NA,NA,None,NA,Tile,White,White,office,facility,None,Special Walls,1.0.0,RoomSpWallSimplePanel00,5559,FJxKPu5W2sd2YWQfA
beaded-curtain wall,https://acnhcdn.com/latest/FtrIcon/RoomTexWallBeadsCurtain00.png,No,NA,No,1720,430,Nook's Cranny,,For sale,Four Pane,Natural Wood,Glass,Curtains,White Lace,Wood,White,Orange,shop,kitchen,None,Cloth Walls,1.0.0,RoomTexWallBeadsCurtain00,4877,M3mNZS2vSaHaiujcH
beige art-deco wall,https://acnhcdn.com/latest/FtrIcon/RoomTexWallArtDeco00.png,No,NA,No,2780,695,Nook's Cranny,,For sale,Arch,Wood,Glass,None,NA,Wood,Beige,Beige,child's room,living room,None,Art Deco Walls,1.0.0,RoomTexWallArtDeco00,4817,2zmJaMB2B9i8gLTKt
beige blossoming wall,https://acnhcdn.com/latest/FtrIcon/RoomTexWallCountry00.png,No,NA,No,1760,440,Nook's Cranny,,For sale,Four Pane,Natural Wood,Glass,Curtains,Red Checkered,Wood,Beige,Brown,fancy,living room,None,Country,1.0.0,RoomTexWallCountry00,4831,CF5325jZx7pNsqb6Z
beige desert-tile wall,https://acnhcdn.com/latest/FtrIcon/RoomTexWallMorocco00.png,No,NA,No,2440,610,Nook's Cranny,,For sale,Sliding Pane,White Metal,Glass,None,NA,Stone,Beige,Beige,bathroom,facility,None,Morocco,1.0.0,RoomTexWallMorocco00,4834,qZrgjoMjxz9ehXqa4
black botanical-tile wall,https://acnhcdn.com/latest/FtrIcon/RoomTexWallWoodTile03.png,No,NA,No,1240,310,Nook's Cranny,,For sale,Single Pane,Black Metal,Glass,Slatted Blinds,Black Plastic,Stone,Black,Black,facility,expensive,None,Wood Tile Walls,1.0.0,RoomTexWallWoodTile03,6877,PEcX9J774Ffd6Gn8S
black hallway wall,https://acnhcdn.com/latest/FtrIcon/RoomTexWallHall03.png,No,NA,No,2000,500,Nook's Cranny,,For sale,None,NA,NA,None,NA,Wood,Black,Black,facility,music,None,Hall Walls,1.0.0,RoomTexWallHall03,6862,pQrYRHsmovBApejNJ
black perforated-board wall,https://acnhcdn.com/latest/FtrIcon/RoomTexWallPegboard02.png,No,NA,No,1180,295,Nook's Cranny,,For sale,None,NA,NA,None,NA,Tile,Black,Black,music,facility,None,Pegboard Walls,1.0.0,RoomTexWallPegboard02,4922,7fMiJATy4fWP4DpoC
black two-toned tile wall,https://acnhcdn.com/latest/FtrIcon/RoomTexWallTwoToneTile06.png,No,NA,No,1850,462,Nook's Cranny,,For sale,Sliding Pane,White Metal,Glass,None,NA,Stone,Black,Black,bathroom,facility,None,Two-Tone Tile Walls,1.0.0,RoomTexWallTwoToneTile06,6859,aF8tqscwpShhhsASx
black-brick wall,https://acnhcdn.com/latest/FtrIcon/RoomTexWallBrick02.png,No,NA,No,1000,250,Nook's Cranny,,For sale,Four Pane,Dark Wood,Glass,None,NA,Wood,Black,Black,facility,shop,None,Brick,1.0.0,RoomTexWallBrick02,4929,tCex7y47sAsaD44Wm
black-crown wall,https://acnhcdn.com/latest/FtrIcon/RoomTexWallCrown01.png,No,NA,No,2350,587,Nook's Cranny,,For sale,None,NA,NA,None,NA,Tile,Black,Black,expensive,None,None,Crown Walls,1.0.0,RoomTexWallCrown01,4815,4cCAvP8bbCYcyAyBE
blackboard wall,https://acnhcdn.com/latest/FtrIcon/RoomTexWallBlackBoard00.png,No,NA,No,3000,750,Saharah,,Not for sale,None,NA,NA,None,NA,Wood,Black,Colorful,shop,school,None,Neta Walls,1.0.0,RoomTexWallBlackBoard00,4882,Aseoowo4cuXJqyWaA
blue blossoming wall,https://acnhcdn.com/latest/FtrIcon/RoomTexWallCountry02.png,No,NA,No,1760,440,Nook's Cranny,,For sale,Four Pane,Grey Wood,Glass,Curtains,Blue Checkered,Wood,Light blue,Blue,fancy,living room,None,Country,1.0.0,RoomTexWallCountry02,4896,SZWxorHWvT7vhGXsj
blue camo wall,https://acnhcdn.com/latest/FtrIcon/RoomTexWallCamouflage01.png,No,NA,No,1150,287,Nook's Cranny,,For sale,Single Pane,Grey Wood,Glass,Slatted Blinds,White Plastic,Cloth,Blue,Blue,party,child's room,None,Camouflage,1.0.0,RoomTexWallCamouflage01,4884,xQ2EDvGyh76skJyX3
blue delicate-blooms wall,https://acnhcdn.com/latest/FtrIcon/RoomTexWallManor03.png,No,NA,No,1900,475,Nook's Cranny,,For sale,Four Pane,Dark Wood,Glass,Roller Shades,Undyed,Wood,Blue,Black,expensive,living room,None,Manor Walls,1.0.0,RoomTexWallManor03,6852,7Fb4nvMvoxtCZRQv7
blue desert-tile wall,https://acnhcdn.com/latest/FtrIcon/RoomTexWallMorocco01.png,No,NA,No,2440,610,Nook's Cranny,,For sale,Sliding Pane,White Metal,Glass,None,NA,Stone,Blue,White,bathroom,facility,None,Morocco,1.0.0,RoomTexWallMorocco01,4835,vgNuogZ2JG2eZEBni
blue diner wall,https://acnhcdn.com/latest/FtrIcon/RoomTexWallDiner00.png,No,NA,No,2420,605,Nook's Cranny,,For sale,Single Pane,White Metal,Glass,Slatted Blinds,White Plastic,Stone,Blue,Light blue,fancy,shop,None,Diner Walls,1.0.0,RoomTexWallDiner00,7241,GjJT3k3neqwzenXku
blue flower-print wall,https://acnhcdn.com/latest/FtrIcon/RoomTexWallFlower03.png,No,NA,No,1780,445,Nook's Cranny,,For sale,Four Pane,Dark Wood,Glass,Curtains,Light blue,Wood,Blue,Light blue,fancy,living room,None,Flower Walls,1.0.0,RoomTexWallFlower03,6873,Hfm5a2EozWyQws3Tv
blue heart-pattern wall,https://acnhcdn.com/latest/FtrIcon/RoomTexWallHeart00.png,No,NA,No,1280,320,Nook's Cranny,,For sale,Four Pane,White Wood,Glass,Roller Shades,White,Cloth,Blue,Light blue,fancy,child's room,None,Heart Walls,1.0.0,RoomTexWallHeart00,4874,9dXvZ4H39kton3Tcj
blue honeycomb-tile wall,https://acnhcdn.com/latest/FtrIcon/RoomTexWallHoneycomb01.png,No,NA,No,1680,420,Nook's Cranny,,For sale,Sliding Pane,Black Metal,Glass,None,NA,Stone,Blue,Blue,bathroom,facility,None,Honeycomb,1.0.0,RoomTexWallHoneycomb01,4912,Fht6yazsmMqdtEYQb
blue intricate wall,https://acnhcdn.com/latest/FtrIcon/RoomTexWallFlowerPop00.png,No,NA,No,1570,392,Nook's Cranny,,For sale,Four Pane,Grey Wood,Glass,Roller Shades,White,Wood,Blue,White,living room,shop,None,Flower Pop Walls,1.0.0,RoomTexWallFlowerPop00,4848,p65nAJPAzQRgrjmDk
blue molded-panel wall,https://acnhcdn.com/latest/FtrIcon/RoomTexWallPanelMold01.png,No,NA,No,1980,495,Nook's Cranny,,For sale,Sliding Pane,White Metal,Glass,None,NA,Cloth,Blue,Brown,expensive,shop,None,Panel Mold Walls,1.0.0,RoomTexWallPanelMold01,4871,NpLfp6Jj3N5SDZJGK
blue painted-wood wall,https://acnhcdn.com/latest/FtrIcon/RoomTexWallPaintWood00.png,No,NA,No,1650,412,Nook's Cranny,,For sale,Four Pane,White Wood,Glass,None,NA,Wood,Blue,Light blue,fancy,living room,None,Painted Wood,1.0.0,RoomTexWallPaintWood00,4948,taLRgdodXzdzaAqA5
blue playroom wall,https://acnhcdn.com/latest/FtrIcon/RoomTexWallToy00.png,No,NA,No,2540,635,Nook's Cranny,,For sale,Sliding Pane,White Metal,Glass,None,NA,Cloth,Light blue,Blue,child's room,fancy,None,Toy Walls,1.0.0,RoomTexWallToy00,4888,GFvGWj5w9m6i5eRwu
blue quilt wall,https://acnhcdn.com/latest/FtrIcon/RoomTexWallDollhouse01.png,No,NA,No,2150,537,Nook's Cranny,,For sale,Four Pane,White Wood,Glass,Curtains,White Lace,Cloth,Blue,White,fancy,child's room,None,Dollhouse Walls,1.0.0,RoomTexWallDollhouse01,7277,PPTLt5GQAdAhgRkxx
blue shanty wall,https://acnhcdn.com/latest/FtrIcon/RoomTexWallTin02.png,No,NA,No,620,155,Nook's Cranny,,For sale,Single Pane,Grey Wood,Glass,Slatted Blinds,White Plastic,Stone,Blue,Blue,garage,None,None,Tin Walls,1.0.0,RoomTexWallTin02,4925,izNEFpPcp7pZaokHC
blue simple-cloth wall,https://acnhcdn.com/latest/FtrIcon/RoomTexWallSimple03.png,No,NA,No,750,187,Nook's Cranny,,For sale,Four Pane,White Wood,Glass,Curtains,White,Wood,Blue,Light blue,child's room,living room,None,Simple Walls,1.0.0,RoomTexWallSimple03,4869,KEN3oXsCwXwBcrfyD
blue subway-tile wall,https://acnhcdn.com/latest/FtrIcon/RoomTexWallMetro00.png,No,NA,No,1340,335,Nook's Cranny,,For sale,Sliding Pane,White Metal,Glass,None,NA,Stone,Blue,Light blue,facility,shop,None,Metro Walls,1.0.0,RoomTexWallMetro00,4940,mJ2HZDvnKgWB4TfXD
blue tile wall,https://acnhcdn.com/latest/FtrIcon/RoomTexWallTile03.png,No,NA,No,1420,355,Nook's Cranny,,For sale,Single Pane,White Metal,Glass,Slatted Blinds,White Plastic,Stone,Blue,Blue,bathroom,facility,None,Tile Walls,1.0.0,RoomTexWallTile03,7127,gFc6NFYEbm8AqnpNu
blue two-toned tile wall,https://acnhcdn.com/latest/FtrIcon/RoomTexWallTwoToneTile05.png,No,NA,No,1850,462,Nook's Cranny,,For sale,Sliding Pane,White Metal,Glass,None,NA,Stone,Blue,Blue,bathroom,facility,None,Two-Tone Tile Walls,1.0.0,RoomTexWallTwoToneTile05,6858,97tHxtBzbMechYNAe
blue-crown wall,https://acnhcdn.com/latest/FtrIcon/RoomTexWallCrown00.png,No,NA,No,2350,587,Nook's Cranny,,For sale,None,NA,NA,None,NA,Tile,Blue,Black,expensive,None,None,Crown Walls,1.0.0,RoomTexWallCrown00,4814,k3b6CntCn3X84TN8X
blue-paint wall,https://acnhcdn.com/latest/FtrIcon/RoomTexWallStucco03.png,No,NA,No,1600,400,Nook's Cranny,,For sale,Four Pane,Dark Wood,Glass,None,NA,Stone,Blue,Blue,fancy,living room,None,Stucco Walls,1.0.0,RoomTexWallStucco03,4811,Pdr9WyCDQ9MBgG2qf
blue-rose wall,https://acnhcdn.com/latest/FtrIcon/RoomTexWallRose03.png,No,NA,No,1720,430,Nook's Cranny,,For sale,Arch,Grey Metal,Glass,None,NA,Wood,Blue,Light blue,fancy,living room,None,Rose Walls,1.0.0,RoomTexWallRose03,6869,24hAjZQPsBXg3qHgw
blue-striped wall,https://acnhcdn.com/latest/FtrIcon/RoomTexWallStripe03.png,No,NA,No,1520,380,Nook's Cranny,,For sale,Four Pane,White Wood,Glass,Roller Shades,White,Cloth,Blue,White,fancy,child's room,None,Stripe Walls,1.0.0,RoomTexWallStripe03,4945,ZN2NXtCWSxQyeY9TF
botanical-tile wall,https://acnhcdn.com/latest/FtrIcon/RoomTexWallWoodTile02.png,No,NA,No,1240,310,Nook's Cranny,,For sale,Single Pane,Natural Wood,Glass,Slatted Blinds,Natural Wood,Stone,Beige,Yellow,facility,expensive,None,Wood Tile Walls,1.0.0,RoomTexWallWoodTile02,6876,gAvEyZiovXdKht7Db
brown botanical-tile wall,https://acnhcdn.com/latest/FtrIcon/RoomTexWallWoodTile01.png,No,NA,No,1240,310,Nook's Cranny,,For sale,Single Pane,Dark Wood,Glass,Slatted Blinds,Dark Brown Wood,Stone,Brown,Brown,facility,expensive,None,Wood Tile Walls,1.0.0,RoomTexWallWoodTile01,4827,FBLdaz4BkJbYvtdhy
brown diner wall,https://acnhcdn.com/latest/FtrIcon/RoomTexWallDiner03.png,No,NA,No,2420,605,Nook's Cranny,,For sale,Single Pane,White Metal,Glass,Slatted Blinds,White Plastic,Stone,Brown,Colorful,fancy,shop,None,Diner Walls,1.0.0,RoomTexWallDiner03,7244,wtnNQikxNEJkL753p
brown hallway wall,https://acnhcdn.com/latest/FtrIcon/RoomTexWallHall00.png,No,NA,No,2000,500,Nook's Cranny,,For sale,None,NA,NA,None,NA,Wood,Brown,Brown,facility,music,None,Hall Walls,1.0.0,RoomTexWallHall00,4806,hFcaZ4n9ktaGNSTBE
brown herringbone wall,https://acnhcdn.com/latest/FtrIcon/RoomTexWallHerringbone00.png,No,NA,Yes,0,1800,Crafting,,Not for sale,Single Pane,Natural Wood,Glass,Slatted Blinds,Brown Wood,Wood,Brown,Brown,living room,shop,None,Herringbone,1.0.0,RoomTexWallHerringbone00,4804,oYALopoXWt2ZRT7Ej
brown shanty wall,https://acnhcdn.com/latest/FtrIcon/RoomTexWallTin03.png,No,NA,No,620,155,Nook's Cranny,,For sale,Single Pane,Grey Wood,Glass,Slatted Blinds,White Plastic,Stone,Brown,Brown,garage,None,None,Tin Walls,1.0.0,RoomTexWallTin03,4926,MHxmHT82gP3odiLwv
brown-brick wall,https://acnhcdn.com/latest/FtrIcon/RoomTexWallBrick03.png,No,NA,No,1000,250,Nook's Cranny,,For sale,Four Pane,Natural Wood,Glass,None,NA,Wood,Brown,Brown,facility,shop,None,Brick,1.0.0,RoomTexWallBrick03,6850,BE69b25WcF47xAqdG
brown-crown wall,https://acnhcdn.com/latest/FtrIcon/RoomTexWallCrown03.png,No,NA,No,2350,587,Nook's Cranny,,For sale,None,NA,NA,None,NA,Tile,Brown,Brown,expensive,None,None,Crown Walls,1.0.0,RoomTexWallCrown03,6851,oL8aBjZoFCFKEEgAg
Bunny Day wall,https://acnhcdn.com/latest/FtrIcon/RoomTexWallEaster00.png,No,NA,Yes,0,4800,Crafting,"Obtained randomly from villager, egg message bottle or egg balloon during Bunny Day event",Not for sale,,,,,,Wood,Yellow,Colorful,fancy,child's room,Bunny Day,Cloth Walls,1.1.0,RoomTexWallEaster00,5231,dEoSTZADDLkvmDHuY
butterflies wall,https://acnhcdn.com/latest/FtrIcon/RoomTexWallInsect00.png,No,NA,No,0,840,Bug-Off,,Not for sale,Four Pane,White Wood,Glass,Roller Shades,White,Wood,White,Colorful,fancy,facility,None,Nature Walls,1.0.0,RoomTexWallInsect00,4880,gJEmy4shFTnDB9Pjy
cabin wall,https://acnhcdn.com/latest/FtrIcon/RoomTexWallLog00.png,No,NA,Yes,0,1800,Crafting,,Not for sale,Four Pane,Natural Wood,Glass,Curtains,White Lace,Wood,Beige,Beige,living room,facility,None,Wood Walls,1.0.0,RoomTexWallLog00,4840,sAEWR5uKGAXM6utL7
caf√©-curtain wall,https://acnhcdn.com/latest/FtrIcon/RoomSpWallCafe00.png,Yes,NA,No,3000,750,Saharah,,Not for sale,None,NA,NA,None,NA,Cloth,Black,White,shop,expensive,None,Special Walls,1.0.0,RoomSpWallCafe00,5483,ficQ2fw73rzF5EJBB
camo wall,https://acnhcdn.com/latest/FtrIcon/RoomTexWallCamouflage00.png,No,NA,No,1150,287,Nook's Cranny,,For sale,Single Pane,Grey Wood,Glass,Slatted Blinds,White Plastic,Plain,Black,Green,party,child's room,None,Camouflage,1.0.0,RoomTexWallCamouflage00,4883,gBLHTGPLB65iZypbn
chain-link fence,https://acnhcdn.com/latest/FtrIcon/RoomSpWallEmptyLot00.png,Yes,NA,No,3000,750,Saharah,,Not for sale,None,NA,NA,None,NA,Cloth,Gray,Gray,garden,garage,None,Special Cool Nature Walls,1.0.0,RoomSpWallEmptyLot00,5485,Qwbt8qxT8yN9XfXdR
cherry wall,https://acnhcdn.com/latest/FtrIcon/RoomTexWallCherry00.png,No,Random,Yes,0,4000,Crafting,,Not for sale,Four Pane,Grey Wood,Glass,Roller Shades,White,Stone,Pink,Red,child's room,fancy,fruits,Fruit Walls,1.0.0,RoomTexWallCherry00,4919,tcMuDzZqtDYs29Asm
cherry-blossom-trees wall,https://acnhcdn.com/latest/FtrIcon/RoomSpWallSakura00.png,Yes,NA,Yes,0,4600,Crafting,Cherry blossom seasonal DIY using cherry-blossom petals (caught with net),Not for sale,None,NA,NA,None,NA,Wood,Brown,Pink,garden,None,cherry blossoms,Special Warm Nature Walls,1.0.0,RoomSpWallSakura00,7205,LrRvk9Twg87SSqNR4
chic tearoom wall,https://acnhcdn.com/latest/FtrIcon/RoomTexWallMud03.png,No,NA,No,1750,437,Nook's Cranny,,For sale,Circle,Dark Wood,Screen,None,NA,Wood,Black,Black,zen-style,shop,None,Tea Room Walls,1.0.0,RoomTexWallMud03,11176,juLfiYnkF3x3wSAMZ
chic wall,https://acnhcdn.com/latest/FtrIcon/RoomTexWallClassic00.png,No,NA,No,1960,490,Nook's Cranny,,For sale,Four Pane,White Wood,Glass,Curtains,White Lace,Wood,Yellow,Beige,expensive,living room,None,Cloth Walls,1.0.0,RoomTexWallClassic00,4828,QMofvFznsaNcsDTqg
chocolate hallway wall,https://acnhcdn.com/latest/FtrIcon/RoomTexWallHall01.png,No,NA,No,2000,500,Nook's Cranny,,For sale,None,NA,NA,None,NA,Wood,Brown,Brown,facility,music,None,Hall Walls,1.0.0,RoomTexWallHall01,4807,WZfDqbGb3cACFJWrg
chocolate herringbone wall,https://acnhcdn.com/latest/FtrIcon/RoomTexWallHerringbone01.png,No,NA,Yes,0,1800,Crafting,,Not for sale,Single Pane,Dark Wood,Glass,Slatted Blinds,Dark Brown Wood,Stone,Brown,Brown,living room,shop,None,Herringbone,1.0.0,RoomTexWallHerringbone01,4805,TpZxYjK6NorSqDMwu
circuit-board wall,https://acnhcdn.com/latest/FtrIcon/RoomTexWallGeek00.png,No,NA,No,3000,750,Saharah,,Not for sale,None,NA,NA,None,NA,Cloth,Green,Green,facility,None,None,Neta Walls,1.0.0,RoomTexWallGeek00,4821,Ms4DDtXTTGMwXdvvy
cityscape wall,https://acnhcdn.com/latest/FtrIcon/RoomSpWallNightView00.png,Yes,NA,No,3000,750,Saharah,,Not for sale,None,NA,NA,None,NA,Wood,Black,Black,shop,expensive,None,Special Walls,1.0.0,RoomSpWallNightView00,5400,9B4hFDTD7xM8goPGs
classic-library wall,https://acnhcdn.com/latest/FtrIcon/RoomTexWallLibrary00.png,No,NA,Yes,0,1450,Crafting,,Not for sale,None,NA,NA,None,NA,Cloth,Black,Black,den,None,None,Library Walls,1.0.0,RoomTexWallLibrary00,4837,YbYmnjKXc49cyT6GB
colorful puzzle wall,https://acnhcdn.com/latest/FtrIcon/RoomTexWallPuzzle01.png,No,NA,No,1540,385,Nook's Cranny,,For sale,Single Pane,White Metal,Glass,Slatted Blinds,White Plastic,Stone,Colorful,Colorful,fancy,child's room,None,Puzzle Walls,1.0.0,RoomTexWallPuzzle01,4887,gpsYwFiGd3coj2eBS
colorful-tile wall,https://acnhcdn.com/latest/FtrIcon/RoomTexWallTile02.png,No,NA,No,1420,355,Nook's Cranny,,For sale,Single Pane,White Metal,Glass,Slatted Blinds,White Plastic,Wood,Colorful,Colorful,bathroom,facility,None,Tile Walls,1.0.0,RoomTexWallTile02,4931,yu9xkApAW49Zhhf9i
common wall,https://acnhcdn.com/latest/FtrIcon/RoomTexWallCommon00.png,No,NA,No,800,200,Nook's Cranny,,For sale,Four Pane,Natural Wood,Glass,Curtains,White,Stone,Beige,Brown,living room,school,None,Stone Walls,1.0.0,RoomTexWallCommon00,4795,nLsLm3SoBAKtH5DmF
concrete wall,https://acnhcdn.com/latest/FtrIcon/RoomTexWallConcrete00.png,No,NA,No,940,235,Nook's Cranny,,For sale,Single Pane,Grey Wood,Glass,Slatted Blinds,White Plastic,Stone,Gray,Gray,garage,facility,None,Stone Walls,1.0.0,RoomTexWallConcrete00,4890,jmixjxLNuH9jRQhyr
construction-site wall,https://acnhcdn.com/latest/FtrIcon/RoomTexWallBlueSheet00.png,No,NA,No,3000,750,Saharah,,Not for sale,None,NA,NA,None,NA,Wood,Blue,Blue,garage,facility,None,Neta Walls,1.0.0,RoomTexWallBlueSheet00,4843,gDubZLr2wi622j5De
crepe-design wall,https://acnhcdn.com/latest/FtrIcon/RoomTexWallCrepe00.png,No,NA,No,1550,387,Nook's Cranny,,For sale,Circle,Grey Wood,Screen,None,NA,Cloth,White,Colorful,zen-style,None,None,Japanese Style,1.0.0,RoomTexWallCrepe00,4841,dBSCiiYyny3ReAbgo
cute blue wall,https://acnhcdn.com/latest/FtrIcon/RoomTexWallCute02.png,No,NA,No,1880,470,Nook's Cranny,,For sale,Four Pane,White Wood,Glass,Curtains,White Lace,Cloth,Blue,White,fancy,child's room,None,Cute Walls,1.0.0,RoomTexWallCute02,7217,KFhQNtCs6tx9sj7dy
cute red wall,https://acnhcdn.com/latest/FtrIcon/RoomTexWallCute01.png,No,NA,No,1880,470,Nook's Cranny,,For sale,Four Pane,Grey Wood,Glass,Curtains,White Lace,Cloth,Red,White,fancy,child's room,None,Cute Walls,1.0.0,RoomTexWallCute01,7216,qYZyrdquxzvHErF5n
cute white wall,https://acnhcdn.com/latest/FtrIcon/RoomTexWallCute00.png,No,NA,No,1880,470,Nook's Cranny,,For sale,Four Pane,Grey Wood,Glass,Curtains,White Lace,Cloth,White,White,fancy,child's room,None,Cute Walls,1.0.0,RoomTexWallCute00,7215,McKcAab2qjAaviYvA
cute yellow wall,https://acnhcdn.com/latest/FtrIcon/RoomTexWallCute03.png,No,NA,No,1880,470,Nook's Cranny,,For sale,Four Pane,White Wood,Glass,Curtains,White Lace,Stone,Yellow,White,fancy,child's room,None,Cute Walls,1.0.0,RoomTexWallCute03,7218,6j8PFwiuCwkN7GP5b
dark wooden-mosaic wall,https://acnhcdn.com/latest/FtrIcon/RoomTexWallMixPlankWood01.png,No,NA,Yes,0,1800,Crafting,,Not for sale,Single Pane,Dark Wood,Glass,Slatted Blinds,Dark Brown Wood,Tile,Black,Black,living room,shop,None,Wood Plank Walls,1.0.0,RoomTexWallMixPlankWood01,4860,zZ6oMsuRibBQMkCA7
dark-chocolate wall,https://acnhcdn.com/latest/FtrIcon/RoomTexWallChocolate00.png,No,Synchro,No,3000,750,Saharah,,Not for sale,None,NA,NA,None,NA,Plain,Brown,Brown,fancy,None,None,Chocolate,1.0.0,RoomTexWallChocolate00,4932,MWLvj23WuHrEJkMjk
desert vista,https://acnhcdn.com/latest/FtrIcon/RoomSpWallDesert00.png,Yes,NA,No,3000,750,Saharah,,Not for sale,None,NA,NA,None,NA,Stone,Beige,Gray,folk art,None,None,Special Cool Nature Walls,1.0.0,RoomSpWallDesert00,5488,o45mte3eFoaM3ts98
dig-site wall,https://acnhcdn.com/latest/FtrIcon/RoomTexWallStratum00.png,No,NA,No,3000,750,Saharah,,Not for sale,None,NA,NA,None,NA,Wood,Brown,Beige,garden,horror,None,Stone Walls,1.0.0,RoomTexWallStratum00,5222,Rj3X2dJ5WfYu3wpMP
dirt-clod wall,https://acnhcdn.com/latest/FtrIcon/RoomTexWallOldSoil00.png,No,NA,No,200,50,Nook's Cranny,,For sale,Four Pane,Natural Wood,Screen,None,NA,Wood,Beige,Brown,horror,None,None,Stone Walls,1.0.0,RoomTexWallOldSoil00,4856,LCJDGnfwuHqkgfxJB
dojo wall,https://acnhcdn.com/latest/FtrIcon/RoomTexWallBaseboards00.png,No,NA,No,3000,750,Saharah,,Not for sale,None,NA,NA,None,NA,Stone,Yellow,Beige,fitness,zen-style,None,Wood Walls,1.0.0,RoomTexWallBaseboards00,5227,sLYrC9TRZJDMCZjM6
dungeon wall,https://acnhcdn.com/latest/FtrIcon/RoomSpWallJail00.png,Yes,NA,No,3000,750,Saharah,,Not for sale,None,NA,NA,None,NA,Wood,Black,Gray,horror,None,None,Special Inorganic Walls,1.0.0,RoomSpWallJail00,5509,zcHJb34EruL2Szn87
exquisite wall,https://acnhcdn.com/latest/FtrIcon/RoomTexWallChina00.png,No,NA,No,3000,750,Saharah,,Not for sale,None,NA,NA,None,NA,Stone,Brown,White,zen-style,shop,None,Asia,1.0.0,RoomTexWallChina00,4866,TPZRP5K6z87YHs6TC
forest wall,https://acnhcdn.com/latest/FtrIcon/RoomTexWallMushForest00.png,No,Synchro,Yes,0,44000,Crafting,Mushroom seasonal DIY,Not for sale,None,NA,NA,None,NA,Stone,Black,Black,garden,None,mush,Nature Walls,1.0.0,RoomTexWallMushForest00,7187,ogwkK7pveFmag6MXj
future-tech wall,https://acnhcdn.com/latest/FtrIcon/RoomSpWallTechnology00.png,Yes,NA,No,3000,750,Saharah,,Not for sale,None,NA,NA,None,NA,Plain,Black,Black,horror,folk art,None,Special Inorganic Walls,1.0.0,RoomSpWallTechnology00,5494,JawM9P46KeFwGXdsm
garbage-heap wall,https://acnhcdn.com/latest/FtrIcon/RoomTexWallGarbage00.png,No,NA,Yes,0,120,Crafting,,Not for sale,None,NA,NA,None,NA,Wood,Light blue,Gray,garage,horror,None,Neta Walls,1.0.0,RoomTexWallGarbage00,5229,KfoTScCc4NZruFYd8
gold-screen wall,https://acnhcdn.com/latest/FtrIcon/RoomTexWallFusumaGorgeous00.png,No,NA,Yes,0,20750,Crafting,,Not for sale,None,NA,NA,None,NA,Gold,Yellow,Yellow,zen-style,expensive,None,Japanese Style,1.0.0,RoomTexWallFusumaGorgeous00,4820,CucFATJt8EtZmbKFX
golden wall,https://acnhcdn.com/latest/FtrIcon/RoomTexWallGold00.png,No,NA,Yes,0,40000,Crafting,,Not for sale,None,NA,NA,None,NA,Stone,Yellow,Brown,expensive,horror,golden,Asia,1.0.0,RoomTexWallGold00,4894,uyLj28ErYLEjpYzEF
gray diner wall,https://acnhcdn.com/latest/FtrIcon/RoomTexWallDiner02.png,No,NA,No,2420,605,Nook's Cranny,,For sale,Single Pane,White Metal,Glass,Slatted Blinds,White Plastic,Cloth,White,Colorful,fancy,shop,None,Diner Walls,1.0.0,RoomTexWallDiner02,7243,eTcpWCGHCzsdGRs7k
gray molded-panel wall,https://acnhcdn.com/latest/FtrIcon/RoomTexWallPanelMold02.png,No,NA,No,1980,495,Nook's Cranny,,For sale,Sliding Pane,Black Metal,Glass,None,NA,Stone,Gray,Gray,expensive,shop,None,Panel Mold Walls,1.0.0,RoomTexWallPanelMold02,4872,49g9WCb7cvS8kpqDF
gray shanty wall,https://acnhcdn.com/latest/FtrIcon/RoomTexWallTin00.png,No,NA,No,620,155,Nook's Cranny,,For sale,Single Pane,Grey Wood,Glass,Slatted Blinds,White Plastic,Cloth,Gray,Gray,garage,None,None,Tin Walls,1.0.0,RoomTexWallTin00,4923,7uz4sbe5zSfsa8PqK
gray-striped wall,https://acnhcdn.com/latest/FtrIcon/RoomTexWallStripe02.png,No,NA,No,1520,380,Nook's Cranny,,For sale,Four Pane,White Wood,Glass,Roller Shades,White,Wood,Gray,White,fancy,child's room,None,Stripe Walls,1.0.0,RoomTexWallStripe02,4944,xWHnQXK7duTWZ8GrD
green blossoming wall,https://acnhcdn.com/latest/FtrIcon/RoomTexWallCountry03.png,No,NA,No,1760,440,Nook's Cranny,,For sale,Four Pane,Light Wood,Glass,Curtains,Green Checkered,Wood,Green,Brown,fancy,living room,None,Country,1.0.0,RoomTexWallCountry03,4903,ZPCtPY4gYYKPn7ipQ
green delicate-blooms wall,https://acnhcdn.com/latest/FtrIcon/RoomTexWallManor02.png,No,NA,No,1900,475,Nook's Cranny,,For sale,Four Pane,Dark Wood,Glass,Roller Shades,Undyed,Wood,Green,Black,expensive,living room,None,Manor Walls,1.0.0,RoomTexWallManor02,4898,rsBmsGkcmQYWzEivw
green flower-print wall,https://acnhcdn.com/latest/FtrIcon/RoomTexWallFlower01.png,No,NA,No,1780,445,Nook's Cranny,,For sale,Four Pane,White Wood,Glass,Curtains,Green,Stone,Green,Beige,fancy,living room,None,Flower Walls,1.0.0,RoomTexWallFlower01,4935,oYN6MCEQENZymoKdm
green honeycomb-tile wall,https://acnhcdn.com/latest/FtrIcon/RoomTexWallHoneycomb02.png,No,NA,No,1680,420,Nook's Cranny,,For sale,Sliding Pane,Grey Metal,Glass,None,NA,Wood,Green,Green,bathroom,facility,None,Honeycomb,1.0.0,RoomTexWallHoneycomb02,4913,Aws33pgNCEygKeaB4
green intricate wall,https://acnhcdn.com/latest/FtrIcon/RoomTexWallFlowerPop02.png,No,NA,No,1570,392,Nook's Cranny,,For sale,Four Pane,Grey Wood,Glass,Roller Shades,White,Cloth,Green,White,living room,shop,None,Flower Pop Walls,1.0.0,RoomTexWallFlowerPop02,6878,hD6uCKiZPpJC6eqom
green molded-panel wall,https://acnhcdn.com/latest/FtrIcon/RoomTexWallPanelMold03.png,No,NA,No,1980,495,Nook's Cranny,,For sale,Sliding Pane,White Metal,Glass,None,NA,Wood,Green,White,fancy,child's room,None,Panel Mold Walls,1.0.0,RoomTexWallPanelMold03,6854,L5cttCqv5dPEpZNwm
green painted-wood wall,https://acnhcdn.com/latest/FtrIcon/RoomTexWallPaintWood01.png,No,NA,No,1650,412,Nook's Cranny,,For sale,Four Pane,White Wood,Glass,None,NA,Cloth,Green,Green,fancy,child's room,None,Painted Wood,1.0.0,RoomTexWallPaintWood01,4949,wDrM2ExdLkKTKohtr
green playroom wall,https://acnhcdn.com/latest/FtrIcon/RoomTexWallToy02.png,No,NA,No,2540,635,Nook's Cranny,,For sale,Sliding Pane,White Metal,Glass,None,NA,Stone,Green,Green,child's room,fancy,None,Toy Walls,1.0.0,RoomTexWallToy02,6866,hrZPmBpEgQ8SZm2oe
green-paint wall,https://acnhcdn.com/latest/FtrIcon/RoomTexWallStucco04.png,No,NA,No,1600,400,Nook's Cranny,,For sale,Four Pane,Dark Wood,Glass,None,NA,Cloth,Green,Green,fancy,living room,None,Stucco Walls,1.0.0,RoomTexWallStucco04,4812,3ZHQo8e8Wqgw4cpwy
groovy wall,https://acnhcdn.com/latest/FtrIcon/RoomTexWallPsyche00.png,No,NA,No,1280,320,Nook's Cranny,,For sale,Single Pane,Natural Wood,Glass,Slatted Blinds,Brown Wood,Stone,Orange,Orange,party,None,None,Cloth Walls,1.0.0,RoomTexWallPsyche00,4846,gt5Bv4qHoaZ9QCyj4
harmonious wall,https://acnhcdn.com/latest/FtrIcon/RoomTexWallOriental00.png,No,NA,No,1780,445,Nook's Cranny,,For sale,None,NA,NA,None,NA,Wood,Brown,Brown,zen-style,shop,None,Asia,1.0.0,RoomTexWallOriental00,11180,uCzqeq8GvfKRsWRd4
heavy-curtain wall,https://acnhcdn.com/latest/FtrIcon/RoomTexWallThickCurtain00.png,No,NA,No,3000,750,Saharah,,Not for sale,None,NA,NA,None,NA,Stone,Red,Black,music,party,None,Cloth Walls,1.0.0,RoomTexWallThickCurtain00,4878,mKPtEN398qGZ7Yryu
honeycomb wall,https://acnhcdn.com/latest/FtrIcon/RoomTexWallHoney00.png,No,NA,Yes,0,3600,Crafting,,Not for sale,None,NA,NA,None,NA,Stone,Yellow,Yellow,fancy,facility,None,Tile Walls,1.0.0,RoomTexWallHoney00,4865,hB3LqvkNidDmzrZ8z
honeycomb-tile wall,https://acnhcdn.com/latest/FtrIcon/RoomTexWallHoneycomb00.png,No,NA,No,1680,420,Nook's Cranny,,For sale,Sliding Pane,Black Metal,Glass,None,NA,Stone,Brown,Brown,bathroom,facility,None,Honeycomb,1.0.0,RoomTexWallHoneycomb00,4909,S3bCMm6KGHKF6Ynzg
ice wall,https://acnhcdn.com/latest/FtrIcon/RoomSpWallIce00.png,Yes,NA,Yes,0,8200,Snowman,Reward for making a perfect snow-person,Not for sale,None,NA,NA,None,NA,Plain,Light blue,Light blue,freezing cold,facility,frozen,Special Walls,1.0.0,RoomSpWallIce00,5505,d84Y3R4CzrtjCasov
iceberg wall,https://acnhcdn.com/latest/FtrIcon/RoomTexWallIceFloe00.png,No,NA,Yes,0,4000,Crafting,Winter seasonal DIY using snowflakes (caught with net),Not for sale,None,NA,NA,None,NA,Stone,Light blue,White,freezing cold,None,None,Neta Walls,1.0.0,RoomTexWallIceFloe00,5662,XqrwARWP9bzsmsjiF
imperial wall,https://acnhcdn.com/latest/FtrIcon/RoomTexWallDynasty00.png,No,NA,No,3000,750,Saharah,,Not for sale,None,NA,NA,None,NA,Stone,Red,Red,expensive,None,None,Asia,1.0.0,RoomTexWallDynasty00,5224,YkuzvDjqXDB9CYHhm
industrial wall,https://acnhcdn.com/latest/FtrIcon/RoomTexWallFactory00.png,No,NA,No,3000,750,Saharah,,Not for sale,None,NA,NA,None,NA,Stone,Black,Black,facility,None,None,Iron Walls,1.0.0,RoomTexWallFactory00,4876,ao5GCHQqnwssDNRGN
ivy wall,https://acnhcdn.com/latest/FtrIcon/RoomTexWallIvy00.png,No,Synchro,No,3000,750,Saharah,,Not for sale,None,NA,NA,None,NA,Wood,Brown,Green,facility,shop,None,Nature Walls,1.0.0,RoomTexWallIvy00,4850,t6XmWqkyhZt8Axyeh
Jingle wall,https://acnhcdn.com/latest/FtrIcon/RoomSpWallXmas00.png,Yes,NA,Yes,0,2500,Crafting,Festive seasonal DIY using ornaments (from shaking trees),Not for sale,None,NA,NA,None,NA,Stone,Green,Colorful,fancy,party,festive,Special Walls,1.0.0,RoomSpWallXmas00,5230,ZjBHKK8ckePAaKpxe
jungle wall,https://acnhcdn.com/latest/FtrIcon/RoomTexWallJungle00.png,No,NA,Yes,0,1380,Crafting,,Not for sale,None,NA,NA,None,NA,Cloth,Green,Green,garden,facility,None,Nature Walls,1.0.0,RoomTexWallJungle00,5457,pJFdFWHgQRiYAn67i
kisses wall,https://acnhcdn.com/latest/FtrIcon/RoomTexWallKiss00.png,No,Random,No,3000,750,Saharah,,Not for sale,Single Pane,White Metal,Glass,Slatted Blinds,White Plastic,Tile,Pink,White,party,fancy,None,Cloth Walls,1.0.0,RoomTexWallKiss00,4881,ZeuGwoWptbyaQDsbu
laboratory wall,https://acnhcdn.com/latest/FtrIcon/RoomSpWallLabo00.png,Yes,NA,No,3000,750,Saharah,,Not for sale,None,NA,NA,None,NA,Wood,Black,Black,facility,None,None,Special Inorganic Walls,1.0.0,RoomSpWallLabo00,5495,kNrqC5Xs7RFybYfkN
lattice wall,https://acnhcdn.com/latest/FtrIcon/RoomTexWallLattice00.png,No,Synchro,No,1780,445,Nook's Cranny,,For sale,None,NA,NA,None,NA,Stone,Brown,Brown,zen-style,shop,None,Asia,1.0.0,RoomTexWallLattice00,4830,ZQFuCuh6fdtufMYzs
magma-cavern wall,https://acnhcdn.com/latest/FtrIcon/RoomSpWallVolcano00.png,Yes,NA,No,3000,750,Saharah,,Not for sale,None,NA,NA,None,NA,Cloth,Orange,Orange,horror,None,None,Special Warm Nature Walls,1.0.0,RoomSpWallVolcano00,5506,ugvpYYqX4F9bgLbnj
manga-library wall,https://acnhcdn.com/latest/FtrIcon/RoomTexWallLibrary01.png,No,NA,Yes,0,1050,Crafting,,Not for sale,None,NA,NA,None,NA,Plain,White,White,facility,den,None,Library Walls,1.0.0,RoomTexWallLibrary01,4838,wRBeXRoDHw6Curx44
mangrove wall,https://acnhcdn.com/latest/FtrIcon/RoomTexWallMangrove00.png,No,NA,No,3000,750,Saharah,,Not for sale,None,NA,NA,None,NA,Wood,Green,Green,garden,None,None,Nature Walls,1.0.0,RoomTexWallMangrove00,5514,j8cYo8ozHYBaAm3JH
marine pop wall,https://acnhcdn.com/latest/FtrIcon/RoomTexWallFish00.png,No,Synchro,No,0,805,Fishing Tourney,,Not for sale,Four Pane,Grey Wood,Glass,Roller Shades,White,Plain,Light blue,Blue,ocean,child's room,None,Cloth Walls,1.0.0,RoomTexWallFish00,4879,DmheJHpCg6xk8dX3R
meadow vista,https://acnhcdn.com/latest/FtrIcon/RoomSpWallHighLands00.png,Yes,Random,No,3000,750,Saharah,,Not for sale,None,NA,NA,None,NA,Stone,Green,Light blue,garden,None,None,Special Cool Nature Walls,1.0.0,RoomSpWallHighLands00,5484,QdWj45HftWrWwC3dH
misty-garden wall,https://acnhcdn.com/latest/FtrIcon/RoomSpWallRain00.png,Yes,NA,No,3000,585,Saharah,,Not for sale,None,NA,NA,None,NA,Cloth,Gray,Gray,garden,None,None,Special Cool Nature Walls,1.0.0,RoomSpWallRain00,11915,hgiWgFTr76YtZH8sH
mod wall,https://acnhcdn.com/latest/FtrIcon/RoomTexWallMod00.png,No,NA,No,1220,305,Nook's Cranny,,For sale,Four Pane,Natural Wood,Glass,Roller Shades,Undyed,Wood,Orange,Orange,party,None,None,Cloth Walls,1.0.0,RoomTexWallMod00,4908,Tiya4QoMRwThyKcG8
modern shoji-screen wall,https://acnhcdn.com/latest/FtrIcon/RoomSpWallShojiModem00.png,Yes,NA,No,1150,287,Nook's Cranny,,For sale,None,NA,NA,None,NA,Wood,Brown,White,zen-style,shop,None,Japanese Style,1.0.0,RoomSpWallShojiModem00,4864,WBh8T7xJBavLRKZpB
modern tearoom wall,https://acnhcdn.com/latest/FtrIcon/RoomTexWallMud02.png,No,NA,No,1750,437,Nook's Cranny,,For sale,Circle,Dark Wood,Screen,None,NA,Stone,Brown,Brown,zen-style,shop,None,Tea Room Walls,1.0.0,RoomTexWallMud02,11178,Yk5NZC7SSyjDEpnA7
modern wood wall,https://acnhcdn.com/latest/FtrIcon/RoomTexWallMixwood00.png,No,NA,Yes,0,1800,Crafting,,Not for sale,Single Pane,Natural Wood,Glass,Slatted Blinds,Brown Wood,Wood,Brown,Brown,living room,child's room,None,Wood Walls,1.0.0,RoomTexWallMixwood00,4904,KZjTLMR8uhbpJGQ64
monochromatic dotted wall,https://acnhcdn.com/latest/FtrIcon/RoomTexWallDot00.png,No,NA,No,1100,275,Nook's Cranny,,For sale,Four Pane,Dark Wood,Glass,Curtains,White,Stone,Gray,White,fancy,child's room,None,Dot,1.0.0,RoomTexWallDot00,4892,SWkrbmL8ME6NeQd9Q
monochromatic-tile wall,https://acnhcdn.com/latest/FtrIcon/RoomTexWallTile00.png,No,NA,No,1420,355,Nook's Cranny,,For sale,Single Pane,White Metal,Glass,Slatted Blinds,White Plastic,Stone,Gray,White,bathroom,facility,None,Tile Walls,1.0.0,RoomTexWallTile00,4910,6pk8nNbm4EmT3PrBr
mortar wall,https://acnhcdn.com/latest/FtrIcon/RoomTexWallPlaster00.png,No,NA,No,3000,750,Saharah,,Not for sale,None,NA,NA,None,NA,Stone,Gray,Gray,zen-style,None,None,Stone Walls,1.0.0,RoomTexWallPlaster00,5215,mfRLEniEAEB9YAjCY
mosaic-tile wall,https://acnhcdn.com/latest/FtrIcon/RoomTexWallMosaicTile00.png,No,NA,No,1450,362,Nook's Cranny,,For sale,Four Pane,Grey Wood,Glass,Roller Shades,White,Stone,Black,White,bathroom,facility,None,Tile Walls,1.0.0,RoomTexWallMosaicTile00,4862,2T8d9sRKwijHhESDS
mossy-garden wall,https://acnhcdn.com/latest/FtrIcon/RoomTexWallMoss00.png,No,NA,No,3000,750,Saharah,,Not for sale,None,NA,NA,None,NA,Cloth,Green,Green,zen-style,None,None,Nature Walls,1.0.0,RoomTexWallMoss00,5458,nuuPHdxH5skMPdehs
mush wall,https://acnhcdn.com/latest/FtrIcon/RoomTexWallMush00.png,No,NA,Yes,0,21400,Crafting,Mushroom seasonal DIY,Not for sale,Four Pane,White Wood,Glass,Roller Shades,Undyed,Wood,Orange,Brown,fancy,None,mush,Cloth Walls,1.0.0,RoomTexWallMush00,5164,6xJHWgQgJA9e2n4jJ
Nook Inc. wall,https://acnhcdn.com/latest/FtrIcon/RoomTexWallFirst00.png,No,NA,No,0,6000,Nook Miles Shop,,Not for sale,Four Pane,Dark Wood,Glass,Curtains,White,Plain,White,Light blue,fancy,shop,None,Cloth Walls,1.0.0,RoomTexWallFirst00,6004,e7uEC5di7XvHpvkuk
ocean-horizon wall,https://acnhcdn.com/latest/FtrIcon/RoomSpWallHorizon00.png,Yes,Synchro,No,3000,750,Saharah,,Not for sale,None,NA,NA,None,NA,Tile,Blue,Light blue,ocean,None,None,Special Cool Nature Walls,1.0.0,RoomSpWallHorizon00,5486,BYpn3AZyJ8PWCAxHj
office wall,https://acnhcdn.com/latest/FtrIcon/RoomTexWallOffice00.png,No,NA,No,3000,750,Saharah,,Not for sale,None,NA,NA,None,NA,Wood,White,Light blue,office,None,None,Special Walls,1.0.0,RoomTexWallOffice00,5218,gSMtrRvmA9mYgtKtD
old wallpaper,https://acnhcdn.com/latest/FtrIcon/RoomTexWallOld00.png,No,NA,No,200,50,Nook's Cranny,,For sale,Four Pane,White Wood,Glass,None,NA,Stone,Beige,Beige,horror,None,None,Cloth Walls,1.0.0,RoomTexWallOld00,4857,LvLyyhmz3TH3qjBi4
olive desert-tile wall,https://acnhcdn.com/latest/FtrIcon/RoomTexWallMorocco03.png,No,NA,No,2440,610,Nook's Cranny,,For sale,Sliding Pane,White Metal,Glass,None,NA,Cloth,Yellow,Yellow,bathroom,facility,None,Morocco,1.0.0,RoomTexWallMorocco03,6863,z5bNEBbKNL56CwQKo
orange camo wall,https://acnhcdn.com/latest/FtrIcon/RoomTexWallCamouflage03.png,No,NA,No,1150,287,Nook's Cranny,,For sale,Single Pane,Grey Wood,Glass,Slatted Blinds,White Plastic,Cloth,Orange,Orange,party,child's room,None,Camouflage,1.0.0,RoomTexWallCamouflage03,6855,xiaFSrf6okC624pCz
orange molded-panel wall,https://acnhcdn.com/latest/FtrIcon/RoomTexWallPanelMold00.png,No,NA,No,1980,495,Nook's Cranny,,For sale,Sliding Pane,White Metal,Glass,None,NA,Cloth,Orange,Beige,fancy,child's room,None,Panel Mold Walls,1.0.0,RoomTexWallPanelMold00,4870,zW3vwqmKDGhK68rCJ
orange wall,https://acnhcdn.com/latest/FtrIcon/RoomTexWallOrange00.png,No,NA,Yes,0,4000,Crafting,,Not for sale,Four Pane,Grey Wood,Glass,Roller Shades,White,Stone,Orange,Orange,fancy,child's room,fruits,Fruit Walls,1.0.0,RoomTexWallOrange00,4915,4GirW6p4notkWfhs7
orange-paint wall,https://acnhcdn.com/latest/FtrIcon/RoomTexWallStucco01.png,No,NA,No,1600,400,Nook's Cranny,,For sale,Four Pane,Natural Wood,Glass,None,NA,Stone,Orange,Orange,fancy,child's room,None,Stucco Walls,1.0.0,RoomTexWallStucco01,4809,TFsdbmb9sti7Gz3pt
paintball wall,https://acnhcdn.com/latest/FtrIcon/RoomTexWallAtelier00.png,No,NA,No,3000,750,Saharah,,Not for sale,Single Pane,Grey Metal,Glass,Slatted Blinds,Aluminium,Stone,White,Colorful,garage,facility,None,Stone Walls,1.0.0,RoomTexWallAtelier00,4854,qnE76Sd6WdnihirBL
palace wall,https://acnhcdn.com/latest/FtrIcon/RoomSpWallPalace00.png,Yes,NA,No,3000,750,Saharah,,Not for sale,None,NA,NA,None,NA,Cloth,Beige,White,expensive,folk art,None,Special Inorganic Walls,1.0.0,RoomSpWallPalace00,5502,fGigBL7P6sRsv25Au
party wall,https://acnhcdn.com/latest/FtrIcon/RoomTexWallParty00.png,No,NA,No,0,370,Birthday,,Not for sale,Four Pane,Dark Wood,Glass,Roller Shades,White,Wood,Colorful,White,party,fancy,None,Cloth Walls,1.0.0,RoomTexWallParty00,5226,9v4H4NeFMQR9tKLj7
pastel dotted wall,https://acnhcdn.com/latest/FtrIcon/RoomTexWallDot01.png,No,NA,No,1100,275,Nook's Cranny,,For sale,Four Pane,Dark Wood,Glass,Curtains,White,Cloth,White,Colorful,fancy,child's room,None,Dot,1.0.0,RoomTexWallDot01,4899,m4ha6kr7tPuio5AcL
pastel puzzle wall,https://acnhcdn.com/latest/FtrIcon/RoomTexWallPuzzle00.png,No,NA,No,1540,385,Nook's Cranny,,For sale,Single Pane,White Metal,Glass,Slatted Blinds,White Plastic,Stone,White,White,fancy,child's room,None,Puzzle Walls,1.0.0,RoomTexWallPuzzle00,4886,b3EvGiavTx8QPHrfP
peach two-toned tile wall,https://acnhcdn.com/latest/FtrIcon/RoomTexWallTwoToneTile04.png,No,NA,No,1850,462,Nook's Cranny,,For sale,Sliding Pane,White Metal,Glass,None,NA,Cloth,Pink,Pink,bathroom,facility,None,Two-Tone Tile Walls,1.0.0,RoomTexWallTwoToneTile04,6857,m9bGMPzT4cjdMddyY
peach wall,https://acnhcdn.com/latest/FtrIcon/RoomTexWallPeach00.png,No,NA,Yes,0,4000,Crafting,,Not for sale,Four Pane,Grey Wood,Glass,Roller Shades,White,Cloth,Pink,Pink,fancy,child's room,fruits,Fruit Walls,1.0.0,RoomTexWallPeach00,4918,cpGXBrDm4SXGAXraz
pear wall,https://acnhcdn.com/latest/FtrIcon/RoomTexWallPear00.png,No,NA,Yes,0,4000,Crafting,,Not for sale,Four Pane,Grey Wood,Glass,Roller Shades,White,Tile,Green,Green,fancy,child's room,fruits,Fruit Walls,1.0.0,RoomTexWallPear00,4917,vtaaw7vsoJD8meQuM
perforated-board wall,https://acnhcdn.com/latest/FtrIcon/RoomTexWallPegboard01.png,No,NA,No,1180,295,Nook's Cranny,,For sale,None,NA,NA,None,NA,Wood,Brown,Brown,music,facility,None,Pegboard Walls,1.0.0,RoomTexWallPegboard01,4921,BThQrmfp4EnBqyfv3
pink blossoming wall,https://acnhcdn.com/latest/FtrIcon/RoomTexWallCountry01.png,No,NA,No,1760,440,Nook's Cranny,,For sale,Four Pane,Dark Wood,Glass,Curtains,Red Checkered,Stone,Pink,Brown,fancy,living room,None,Country,1.0.0,RoomTexWallCountry01,4895,zgZSrtarnCJG53AdD
pink diner wall,https://acnhcdn.com/latest/FtrIcon/RoomTexWallDiner01.png,No,NA,No,2420,605,Nook's Cranny,,For sale,Single Pane,White Metal,Glass,Slatted Blinds,White Plastic,Wood,Pink,Colorful,fancy,shop,None,Diner Walls,1.0.0,RoomTexWallDiner01,7242,MXeKHor4q66HH3GJs
pink flower-print wall,https://acnhcdn.com/latest/FtrIcon/RoomTexWallFlower00.png,No,NA,No,1780,445,Nook's Cranny,,For sale,Four Pane,Natural Wood,Glass,Curtains,Pink,Cloth,Pink,Pink,fancy,living room,None,Flower Walls,1.0.0,RoomTexWallFlower00,4893,eCN5rZb7sXsoWSCmW
pink heart-pattern wall,https://acnhcdn.com/latest/FtrIcon/RoomTexWallHeart01.png,No,NA,No,1280,320,Nook's Cranny,,For sale,Four Pane,White Wood,Glass,Roller Shades,White,Wood,Pink,Pink,fancy,child's room,None,Heart Walls,1.0.0,RoomTexWallHeart01,4875,4f732CJdDvXxHDQsd
pink painted-wood wall,https://acnhcdn.com/latest/FtrIcon/RoomTexWallPaintWood02.png,No,NA,No,1650,412,Nook's Cranny,,For sale,Four Pane,White Wood,Glass,None,NA,Cloth,Pink,Pink,fancy,child's room,None,Painted Wood,1.0.0,RoomTexWallPaintWood02,4802,tjx2TsuHTcr4jaMHM
pink playroom wall,https://acnhcdn.com/latest/FtrIcon/RoomTexWallToy01.png,No,NA,No,2540,635,Nook's Cranny,,For sale,Sliding Pane,White Metal,Glass,None,NA,Cloth,Pink,Pink,child's room,fancy,None,Toy Walls,1.0.0,RoomTexWallToy01,4889,xYNWemEyTsD9zG8iC
pink quilt wall,https://acnhcdn.com/latest/FtrIcon/RoomTexWallDollhouse00.png,No,NA,No,2150,537,Nook's Cranny,,For sale,Four Pane,White Wood,Glass,Curtains,White Lace,Stone,Pink,White,fancy,child's room,None,Dollhouse Walls,1.0.0,RoomTexWallDollhouse00,7274,gToedZLPo7MbMvpah
pink shanty wall,https://acnhcdn.com/latest/FtrIcon/RoomTexWallTin01.png,No,NA,No,620,155,Nook's Cranny,,For sale,Single Pane,Grey Wood,Glass,Slatted Blinds,White Plastic,Wood,Pink,Pink,garage,None,None,Tin Walls,1.0.0,RoomTexWallTin01,4924,WfmPknxrLpp25SMbS
pink simple-cloth wall,https://acnhcdn.com/latest/FtrIcon/RoomTexWallSimple02.png,No,NA,No,750,187,Nook's Cranny,,For sale,Four Pane,White Wood,Glass,Curtains,White,Tile,Pink,Pink,child's room,living room,None,Simple Walls,1.0.0,RoomTexWallSimple02,4868,mH2zs7NpfPgERmHwm
pink-crown wall,https://acnhcdn.com/latest/FtrIcon/RoomTexWallCrown02.png,No,NA,No,2350,587,Nook's Cranny,,For sale,None,NA,NA,None,NA,Cloth,Pink,White,fancy,expensive,None,Crown Walls,1.0.0,RoomTexWallCrown02,4816,cwBg3xvzjfh2qm7Lg
pink-striped wall,https://acnhcdn.com/latest/FtrIcon/RoomTexWallStripe01.png,No,NA,No,1520,380,Nook's Cranny,,For sale,Four Pane,White Wood,Glass,Roller Shades,White,Cloth,Pink,White,fancy,child's room,None,Stripe Walls,1.0.0,RoomTexWallStripe01,4943,Pwd2z87xxFm52tA28
purple camo wall,https://acnhcdn.com/latest/FtrIcon/RoomTexWallCamouflage02.png,No,NA,No,1150,287,Nook's Cranny,,For sale,Single Pane,White Metal,Glass,Slatted Blinds,White Plastic,Stone,Purple,Purple,party,child's room,None,Camouflage,1.0.0,RoomTexWallCamouflage02,4885,AY2jSyyAd4BD74xQ7
purple desert-tile wall,https://acnhcdn.com/latest/FtrIcon/RoomTexWallMorocco02.png,No,NA,No,2440,610,Nook's Cranny,,For sale,Sliding Pane,White Metal,Glass,None,NA,Wood,Purple,Purple,bathroom,facility,None,Morocco,1.0.0,RoomTexWallMorocco02,6864,2y5jPPPs3so7APToC
purple dotted wall,https://acnhcdn.com/latest/FtrIcon/RoomTexWallDot04.png,No,NA,No,1100,275,Nook's Cranny,,For sale,Four Pane,Natural Wood,Glass,Curtains,White,Cloth,Purple,White,fancy,child's room,None,Dot,1.0.0,RoomTexWallDot04,4902,JRu4Xs5kYG4ognk2P
purple puzzle wall,https://acnhcdn.com/latest/FtrIcon/RoomTexWallPuzzle03.png,No,NA,No,1540,385,Nook's Cranny,,For sale,Single Pane,White Metal,Glass,Slatted Blinds,White Plastic,Cloth,Purple,Colorful,None,None,None,Puzzle Walls,1.0.0,RoomTexWallPuzzle03,6875,iG8MR3f2F2jDsLjT9
purple quilt wall,https://acnhcdn.com/latest/FtrIcon/RoomTexWallDollhouse03.png,No,NA,No,2150,537,Nook's Cranny,,For sale,Four Pane,White Wood,Glass,Curtains,White Lace,Wood,Purple,White,fancy,child's room,None,Dollhouse Walls,1.0.0,RoomTexWallDollhouse03,7275,tmY5uczEnYXA6fdeQ
purple-rose wall,https://acnhcdn.com/latest/FtrIcon/RoomTexWallRose01.png,No,NA,No,1720,430,Nook's Cranny,,For sale,Arch,Grey Metal,Glass,None,NA,Stone,Purple,Purple,fancy,None,None,Rose Walls,1.0.0,RoomTexWallRose01,4907,kHEHhFZSfDXTHtZAa
rammed-earth wall,https://acnhcdn.com/latest/FtrIcon/RoomTexWallHanchiku00.png,No,NA,No,1800,450,Nook's Cranny,,For sale,None,NA,NA,None,NA,Stone,Brown,Beige,folk art,None,None,Stone Walls,1.0.0,RoomTexWallHanchiku00,4845,9AafcLh3QkLp2tdWj
ramshackle wall,https://acnhcdn.com/latest/FtrIcon/RoomTexWallRuins00.png,No,NA,No,3000,750,Saharah,,Not for sale,Four Pane,Dark Wood,Glass,None,NA,Wood,Brown,Beige,horror,None,None,Stone Walls,1.0.0,RoomTexWallRuins00,5225,bTb98gEchXobwaqdt
red art-deco wall,https://acnhcdn.com/latest/FtrIcon/RoomTexWallArtDeco01.png,No,NA,No,2780,695,Nook's Cranny,,For sale,Arch,Grey Metal,Glass,None,NA,Wood,Red,Black,child's room,living room,None,Art Deco Walls,1.0.0,RoomTexWallArtDeco01,4818,R3zgKkrxc3ar4y9A8
red delicate-blooms wall,https://acnhcdn.com/latest/FtrIcon/RoomTexWallManor01.png,No,NA,No,1900,475,Nook's Cranny,,For sale,Four Pane,Dark Wood,Glass,Roller Shades,Undyed,Wood,Red,Brown,expensive,living room,None,Manor Walls,1.0.0,RoomTexWallManor01,4897,F7oWFwEAh4evtkJcb
red dotted wall,https://acnhcdn.com/latest/FtrIcon/RoomTexWallDot02.png,No,NA,No,1100,275,Nook's Cranny,,For sale,Four Pane,White Wood,Glass,Curtains,White,Cloth,Red,Red,fancy,child's room,None,Dot,1.0.0,RoomTexWallDot02,4900,3mfqbt8sXR88eDfTk
red heart-pattern wall,https://acnhcdn.com/latest/FtrIcon/RoomTexWallHeart03.png,No,NA,No,1280,320,Nook's Cranny,,For sale,Four Pane,White Wood,Glass,Roller Shades,White,Wood,Red,Red,fancy,child's room,None,Heart Walls,1.0.0,RoomTexWallHeart03,6870,TPrtAkkWJa7KpLady
red intricate wall,https://acnhcdn.com/latest/FtrIcon/RoomTexWallFlowerPop03.png,No,NA,No,1570,392,Nook's Cranny,,For sale,Four Pane,Grey Wood,Glass,Roller Shades,White,Tile,Red,White,living room,shop,None,Flower Pop Walls,1.0.0,RoomTexWallFlowerPop03,6879,yasngHr44QgXc9tYs
red perforated-board wall,https://acnhcdn.com/latest/FtrIcon/RoomTexWallPegboard03.png,No,NA,No,1180,295,Nook's Cranny,,For sale,None,NA,NA,None,NA,Stone,Red,Red,music,facility,None,Pegboard Walls,1.0.0,RoomTexWallPegboard03,6853,TCLSE3BdkCQeiM7wX
red two-toned tile wall,https://acnhcdn.com/latest/FtrIcon/RoomTexWallTwoToneTile03.png,No,NA,No,1850,462,Nook's Cranny,,For sale,Sliding Pane,White Metal,Glass,None,NA,Wood,Red,Red,bathroom,facility,None,Two-Tone Tile Walls,1.0.0,RoomTexWallTwoToneTile03,6856,u9dKmtft32t4cxxiW
red-brick wall,https://acnhcdn.com/latest/FtrIcon/RoomTexWallBrick01.png,No,NA,No,1000,250,Nook's Cranny,,For sale,Four Pane,Dark Wood,Glass,None,NA,Wood,Red,Brown,facility,shop,None,Brick,1.0.0,RoomTexWallBrick01,4928,Hu3jyiCP23j78PCdX
retro flower-print wall,https://acnhcdn.com/latest/FtrIcon/RoomTexWallKitsch00.png,No,NA,No,1660,415,Nook's Cranny,,For sale,Four Pane,White Wood,Glass,Curtains,White Lace,Plain,Green,Green,fancy,living room,None,Cloth Walls,1.0.0,RoomTexWallKitsch00,4847,MdWwebM7zyeBdykxp
rice-paddy wall,https://acnhcdn.com/latest/FtrIcon/RoomSpWallFarm00.png,Yes,Synchro,No,3000,750,Saharah,,Not for sale,None,NA,NA,None,NA,Plain,Light blue,Green,garden,None,None,Special Cool Nature Walls,1.0.0,RoomSpWallFarm00,5487,TnHvGeJGKioxc95mH
ringside seating,https://acnhcdn.com/latest/FtrIcon/RoomSpWallWrestling00.png,Yes,NA,No,3000,750,Saharah,,Not for sale,None,NA,NA,None,NA,Stone,Black,Black,fitness,None,None,Special Walls,1.0.0,RoomSpWallWrestling00,5512,bg9rQRYAbzeD8rLCw
rock-climbing wall,https://acnhcdn.com/latest/FtrIcon/RoomTexWallBouldering00.png,No,NA,No,3000,750,Saharah,,Not for sale,None,NA,NA,None,NA,Wood,White,Colorful,fitness,None,None,Neta Walls,1.0.0,RoomTexWallBouldering00,4851,CRvqDNWfXzY2ibXvG
rose wall,https://acnhcdn.com/latest/FtrIcon/RoomTexWallRose00.png,No,NA,No,1720,430,Nook's Cranny,,For sale,Arch,Wood,Glass,None,NA,Stone,Red,White,fancy,None,None,Rose Walls,1.0.0,RoomTexWallRose00,4906,azgSWFRcgeuopRWrH
ruins wall,https://acnhcdn.com/latest/FtrIcon/RoomTexWallRemains00.png,No,NA,No,3000,750,Saharah,,Not for sale,None,NA,NA,None,NA,Stone,Black,Gray,horror,folk art,None,Nature Walls,1.0.0,RoomTexWallRemains00,5228,ZHiKhqts5brebhYH9
rustic-stone wall,https://acnhcdn.com/latest/FtrIcon/RoomTexWallStone00.png,No,NA,Yes,0,1750,Crafting,,Not for sale,Four Pane,Dark Wood,Glass,None,NA,Wood,Gray,Gray,facility,shop,None,Stone Walls,1.0.0,RoomTexWallStone00,4813,xP7S673w2oNwNHowp
sakura-wood wall,https://acnhcdn.com/latest/FtrIcon/RoomTexWallSolidWood00.png,No,NA,Yes,0,3200,Crafting,Cherry blossom seasonal DIY using cherry-blossom petals (caught with net),Not for sale,Four Pane,Grey Wood,Glass,Curtains,Pink,Tile,Pink,Pink,child's room,fancy,cherry blossoms,Wood Walls,1.0.0,RoomTexWallSolidWood00,4947,jFtMrj8NBC3o4ALzG
sci-fi wall,https://acnhcdn.com/latest/FtrIcon/RoomSpWallSF00.png,Yes,Random,Yes,0,7500,Crafting,,Not for sale,None,NA,NA,None,NA,Wood,Black,Black,space,facility,None,Special Inorganic Walls,1.0.0,RoomSpWallSF00,5510,y48TLWMbXCbrWQp5a
screen wall,https://acnhcdn.com/latest/FtrIcon/RoomTexWallFusuma00.png,No,NA,No,3000,750,Nook's Cranny,,For sale,None,NA,NA,None,NA,Plain,White,White,zen-style,facility,None,Japanese Style,1.0.0,RoomTexWallFusuma00,4819,wk4ST89FjabXnZPXy
sea view,https://acnhcdn.com/latest/FtrIcon/RoomSpWallSeaView00.png,Yes,Synchro,No,3000,750,Saharah,,Not for sale,None,NA,NA,None,NA,Tile,Light blue,Blue,ocean,None,None,Special Cool Nature Walls,1.0.0,RoomSpWallSeaView00,5501,fHQn9EzoTxznm7nJ9
security-monitors wall,https://acnhcdn.com/latest/FtrIcon/RoomSpWallMonitor00.png,Yes,Random,No,3000,750,Saharah,,Not for sale,None,NA,NA,None,NA,Cloth,Black,Gray,facility,None,None,Special Inorganic Walls,1.0.0,RoomSpWallMonitor00,5491,N6T3rBvQdYoJoXkrH
sepia puzzle wall,https://acnhcdn.com/latest/FtrIcon/RoomTexWallPuzzle02.png,No,NA,No,1540,385,Nook's Cranny,,For sale,Single Pane,White Metal,Glass,Slatted Blinds,White Plastic,Tile,Beige,Colorful,fancy,child's room,None,Puzzle Walls,1.0.0,RoomTexWallPuzzle02,6874,2mtYv7D25wDqMWi6P
server-room wall,https://acnhcdn.com/latest/FtrIcon/RoomSpWallServer00.png,Yes,Random,No,3000,750,Saharah,,Not for sale,None,NA,NA,None,NA,Wood,Black,Black,facility,None,None,Special Inorganic Walls,1.0.0,RoomSpWallServer00,5490,ycnhxNaWfeXEq5x7A
shoji screen,https://acnhcdn.com/latest/FtrIcon/RoomSpWallShoji00.png,Yes,NA,No,1880,470,Nook's Cranny,,For sale,None,NA,NA,None,NA,Stone,Beige,White,zen-style,None,None,Japanese Style,1.0.0,RoomSpWallShoji00,4863,5RdqeAZAvdCR5QxqM
shutter wall,https://acnhcdn.com/latest/FtrIcon/RoomTexWallShutter00.png,No,NA,No,3000,750,Saharah,,Not for sale,None,NA,NA,None,NA,Plain,White,Gray,facility,shop,None,Iron Walls,1.0.0,RoomTexWallShutter00,4825,4ez74JDpR9kmiroQr
ski-slope wall,https://acnhcdn.com/latest/FtrIcon/RoomSpWallGelande00.png,Yes,Synchro,Yes,0,3200,Crafting,Winter seasonal DIY using snowflakes (caught with net),Not for sale,None,NA,NA,None,NA,Cloth,White,White,freezing cold,None,None,Special Cool Nature Walls,1.0.0,RoomSpWallGelande00,5498,hCdDcFDBWEe6pmctp
skull wall,https://acnhcdn.com/latest/FtrIcon/RoomSpWallSkull00.png,Yes,LightOff,No,3000,750,Nook's Cranny,,For sale,Single Pane,Black Metal,Glass,Slatted Blinds,Black Plastic,Plain,Black,Black,horror,child's room,None,Special Inorganic Walls,1.0.0,RoomSpWallSkull00,5520,7GLt2YDxMDyp8EJth
sky wall,https://acnhcdn.com/latest/FtrIcon/RoomSpWallCloud00.png,Yes,Synchro,No,3000,750,Saharah,,Not for sale,None,NA,NA,None,NA,Stone,Light blue,White,fancy,None,None,Special Cool Nature Walls,1.0.0,RoomSpWallCloud00,5504,9YmTrPqSZRCvxRtLi
skyscraper wall,https://acnhcdn.com/latest/FtrIcon/RoomTexWallSkyscraper00.png,No,NA,No,3000,750,Saharah,,Not for sale,None,NA,NA,None,NA,Cloth,Black,Gray,expensive,None,None,Neta Walls,1.0.0,RoomTexWallSkyscraper00,4852,Ah36ZRM9QBHBt7HZF
snowflake wall,https://acnhcdn.com/latest/FtrIcon/RoomTexWallSnowCrystal00.png,No,NA,Yes,0,4800,Crafting,Winter seasonal DIY using snowflakes (caught with net),Not for sale,Four Pane,Grey Wood,Glass,Roller Shades,White,Wood,Light blue,Light blue,freezing cold,None,None,Cloth Walls,1.0.0,RoomTexWallSnowCrystal00,4855,w5MEjbgphAwDo42mk
soothing tearoom wall,https://acnhcdn.com/latest/FtrIcon/RoomTexWallMud01.png,No,NA,No,1750,437,Nook's Cranny,,For sale,Circle,Natural Wood,Screen,None,NA,Wood,White,Beige,zen-style,shop,None,Tea Room Walls,1.0.0,RoomTexWallMud01,11177,Bke28iGoY3LhDagx4
stacked-wood wall,https://acnhcdn.com/latest/FtrIcon/RoomTexWallFireWood00.png,No,NA,Yes,0,1800,Crafting,,Not for sale,None,NA,NA,None,NA,Plain,Brown,Brown,garage,facility,None,Wood Walls,1.0.0,RoomTexWallFireWood00,4844,TZi9bo7GYzJxPJNNe
stadium wall,https://acnhcdn.com/latest/FtrIcon/RoomSpWallStadium00.png,Yes,NA,No,3000,750,Saharah,,Not for sale,None,NA,NA,None,NA,Wood,Colorful,Colorful,fitness,None,None,Special Cool Nature Walls,1.0.0,RoomSpWallStadium00,5503,oJoGTXMzLnYTpdBaf
standard tearoom wall,https://acnhcdn.com/latest/FtrIcon/RoomTexWallMud00.png,No,NA,No,1750,437,Nook's Cranny,,For sale,Circle,Natural Wood,Screen,None,NA,Cloth,Green,Green,zen-style,None,None,Tea Room Walls,1.0.0,RoomTexWallMud00,5521,4Zv8KLzxrsm6k53pN
starry wall,https://acnhcdn.com/latest/FtrIcon/RoomSpWallStarPrint00.png,Yes,LightOff,Yes,0,7500,Crafting,,Not for sale,Four Pane,White Wood,Glass,Roller Shades,White,Plain,Gray,White,fancy,child's room,None,Special Cool Nature Walls,1.0.0,RoomSpWallStarPrint00,5528,sjnLXANKDEPMzdGbn
starry-sky wall,https://acnhcdn.com/latest/FtrIcon/RoomSpWallStarSky00.png,Yes,NA,Yes,0,7500,Crafting,,Not for sale,None,NA,NA,None,NA,Stone,Blue,Blue,space,None,stars,Special Cool Nature Walls,1.0.0,RoomSpWallStarSky00,5500,iMQgW8pWYPWbj9Qom
stately wall,https://acnhcdn.com/latest/FtrIcon/RoomTexWallRenaissance00.png,No,NA,No,2450,612,Nook's Cranny,,For sale,None,NA,NA,None,NA,Stone,White,White,expensive,None,None,Asia,1.0.0,RoomTexWallRenaissance00,4861,BdPATBHc8m7YvJzwP
steel-frame wall,https://acnhcdn.com/latest/FtrIcon/RoomTexWallSteel00.png,No,NA,Yes,0,6000,Crafting,,Not for sale,None,NA,NA,None,NA,Stone,Red,Gray,garage,facility,None,Iron Walls,1.0.0,RoomTexWallSteel00,4801,K2uSKanJ3r6bQt6MG
stone wall,https://acnhcdn.com/latest/FtrIcon/RoomTexWallBasement00.png,No,NA,Yes,0,1500,Crafting,,Not for sale,None,NA,NA,None,NA,Plain,Black,Gray,horror,facility,None,Stone Walls,1.0.0,RoomTexWallBasement00,5216,8hnPcADHfoEpvgSAS
stormy-night wall,https://acnhcdn.com/latest/FtrIcon/RoomSpWallThunder00.png,Yes,Random,No,3000,750,Saharah,,Not for sale,None,NA,NA,None,NA,Stone,Black,Gray,horror,None,None,Special Warm Nature Walls,1.0.0,RoomSpWallThunder00,5499,Y3sjyMeHtDFcdBfrM
straw wall,https://acnhcdn.com/latest/FtrIcon/RoomTexWallStraw00.png,No,NA,No,3000,750,Saharah,,Not for sale,None,NA,NA,None,NA,Tile,Beige,Beige,folk art,None,None,Wood Walls,1.0.0,RoomTexWallStraw00,5217,u3orRaGAX2iwdtCLG
strawberry-chocolate wall,https://acnhcdn.com/latest/FtrIcon/RoomTexWallChocolate02.png,No,NA,No,3000,750,Saharah,,Not for sale,None,NA,NA,None,NA,Stone,Pink,Pink,fancy,None,None,Chocolate,1.0.0,RoomTexWallChocolate02,4934,G5QeNa2L26MwuCexA
street-art wall,https://acnhcdn.com/latest/FtrIcon/RoomTexWallStreetArt00.png,No,NA,No,3000,750,Saharah,,Not for sale,None,NA,NA,None,NA,Plain,Colorful,Colorful,garage,None,None,Neta Walls,1.0.0,RoomTexWallStreetArt00,5221,88hCuytidryqimPXr
summit wall,https://acnhcdn.com/latest/FtrIcon/RoomSpWallMountainTop00.png,Yes,Synchro,No,3000,750,Saharah,,Not for sale,None,NA,NA,None,NA,Stone,Black,White,garden,None,None,Special Cool Nature Walls,1.0.0,RoomSpWallMountainTop00,5513,hFmF2iNjDvLGfF3Rf
tree-lined wall,https://acnhcdn.com/latest/FtrIcon/RoomTexWallRoadsideTree00.png,No,NA,No,3000,750,Saharah,,Not for sale,None,NA,NA,None,NA,Plain,Green,Light blue,garden,None,None,Nature Walls,1.0.0,RoomTexWallRoadsideTree00,5456,aLzrLXC7Nyk6h6pDw
tropical vista,https://acnhcdn.com/latest/FtrIcon/RoomSpWallTropical00.png,Yes,Synchro,Yes,0,6000,Crafting,Summer seasonal DIY using summer shells (found on beach),Not for sale,None,NA,NA,None,NA,Plain,Light blue,Beige,ocean,None,None,Special Cool Nature Walls,1.0.0,RoomSpWallTropical00,5661,sZgNFwEcxpLSAxB4X
underwater wall,https://acnhcdn.com/latest/FtrIcon/RoomSpWallFishTank00.png,Yes,Synchro,Yes,0,8600,Crafting,Summer seasonal DIY using summer shells (found on beach),Not for sale,None,NA,NA,None,NA,Stone,Blue,Light blue,ocean,None,None,Special Cool Nature Walls,1.0.0,RoomSpWallFishTank00,5508,QXNnruZcwJursNmjP
wavy-tile wall,https://acnhcdn.com/latest/FtrIcon/RoomTexWallWaveTile00.png,No,NA,No,1740,435,Nook's Cranny,,For sale,None,NA,NA,None,NA,Plain,Gray,White,shop,facility,None,Tile Walls,1.0.0,RoomTexWallWaveTile00,4832,eLQ2JDZKjrzcnP9gn
western vista,https://acnhcdn.com/latest/FtrIcon/RoomSpWallWilderness00.png,Yes,Synchro,No,3000,750,Saharah,,Not for sale,None,NA,NA,None,NA,Stone,Brown,Beige,folk art,horror,None,Special Cool Nature Walls,1.0.0,RoomSpWallWilderness00,5489,tYFKmm4XzGGGQAcfG
white botanical-tile wall,https://acnhcdn.com/latest/FtrIcon/RoomTexWallWoodTile00.png,No,NA,No,1240,310,Nook's Cranny,,For sale,Single Pane,White Wood,Glass,Slatted Blinds,White Plastic,Wood,White,White,facility,expensive,None,Wood Tile Walls,1.0.0,RoomTexWallWoodTile00,4826,QyrvwKiKMmNvm7KxR
white delicate-blooms wall,https://acnhcdn.com/latest/FtrIcon/RoomTexWallManor00.png,No,NA,No,1900,475,Nook's Cranny,,For sale,Four Pane,Dark Wood,Glass,Roller Shades,Undyed,Wood,White,White,expensive,living room,None,Manor Walls,1.0.0,RoomTexWallManor00,4891,ZDpt8b6TTGr2hihP5
white hallway wall,https://acnhcdn.com/latest/FtrIcon/RoomTexWallHall02.png,No,NA,No,2000,500,Nook's Cranny,,For sale,None,NA,NA,None,NA,Stone,White,White,facility,music,None,Hall Walls,1.0.0,RoomTexWallHall02,6861,HZoM3iHpKrQPBK2Gh
white honeycomb-tile wall,https://acnhcdn.com/latest/FtrIcon/RoomTexWallHoneycomb03.png,No,NA,No,1680,420,Nook's Cranny,,For sale,Sliding Pane,White Metal,Glass,None,NA,Wood,White,White,bathroom,facility,None,Honeycomb,1.0.0,RoomTexWallHoneycomb03,4914,K8mdzBZZeBLxZEAzZ
white painted-wood wall,https://acnhcdn.com/latest/FtrIcon/RoomTexWallPaintWood03.png,No,NA,No,1650,412,Nook's Cranny,,For sale,Four Pane,White Wood,Glass,None,NA,Tile,White,White,living room,child's room,None,Painted Wood,1.0.0,RoomTexWallPaintWood03,4803,cN4bnHaw4mruhnMZk
white perforated-board wall,https://acnhcdn.com/latest/FtrIcon/RoomTexWallPegboard00.png,No,NA,No,1180,295,Nook's Cranny,,For sale,None,NA,NA,None,NA,Wood,White,White,music,facility,None,Pegboard Walls,1.0.0,RoomTexWallPegboard00,4920,krohWS7x49N2hCKrF
white simple-cloth wall,https://acnhcdn.com/latest/FtrIcon/RoomTexWallSimple00.png,No,NA,No,750,187,Nook's Cranny,,For sale,Four Pane,Light Wood,Glass,Curtains,White,Stone,White,White,child's room,living room,None,Simple Walls,1.0.0,RoomTexWallSimple00,4939,z2Zh2fzFwCbvMDm8J
white subway-tile wall,https://acnhcdn.com/latest/FtrIcon/RoomTexWallMetro01.png,No,NA,No,1340,335,Nook's Cranny,,For sale,Sliding Pane,White Metal,Glass,None,NA,Wood,White,White,facility,shop,None,Metro Walls,1.0.0,RoomTexWallMetro01,4941,ajXm5zy9pwf7XEyHF
white-brick wall,https://acnhcdn.com/latest/FtrIcon/RoomTexWallBrick00.png,No,NA,No,1000,250,Nook's Cranny,,For sale,Four Pane,White Wood,Glass,None,NA,Tile,White,White,facility,shop,None,Brick,1.0.0,RoomTexWallBrick00,4927,htjwxjceb2hc6GxjX
white-chocolate wall,https://acnhcdn.com/latest/FtrIcon/RoomTexWallChocolate01.png,No,NA,No,3000,750,Saharah,,Not for sale,None,NA,NA,None,NA,Wood,White,Beige,fancy,None,None,Chocolate,1.0.0,RoomTexWallChocolate01,4933,6qMhFdc2nDSvJSCfT
white-rose wall,https://acnhcdn.com/latest/FtrIcon/RoomTexWallRose02.png,No,NA,No,1720,430,Nook's Cranny,,For sale,Arch,Grey Metal,Glass,None,NA,Stone,Pink,White,fancy,None,None,Rose Walls,1.0.0,RoomTexWallRose02,6868,yksDvcnnKqM7tnzas
wild-wood wall,https://acnhcdn.com/latest/FtrIcon/RoomTexWallWildWood00.png,No,NA,Yes,0,1800,Crafting,,Not for sale,Single Pane,Dark Wood,Glass,Slatted Blinds,Dark Brown Wood,Wood,Black,Black,living room,shop,None,Wood Walls,1.0.0,RoomTexWallWildWood00,4858,vhJr7B96SnG3xQQCs
wooden-knot wall,https://acnhcdn.com/latest/FtrIcon/RoomTexWallCedar00.png,No,NA,Yes,0,1800,Crafting,,Not for sale,Four Pane,Natural Wood,Glass,Roller Shades,Undyed,Stone,Brown,Brown,living room,child's room,None,Wood Walls,1.0.0,RoomTexWallCedar00,4911,puQYs9hygxfcQWsjt
wooden-mosaic wall,https://acnhcdn.com/latest/FtrIcon/RoomTexWallMixPlankWood00.png,No,NA,Yes,0,1800,Crafting,,Not for sale,Single Pane,Natural Wood,Glass,Slatted Blinds,Brown Wood,Stone,Brown,Brown,living room,shop,None,Wood Plank Walls,1.0.0,RoomTexWallMixPlankWood00,4859,RgzoarteJyzD4xSAm
woodland wall,https://acnhcdn.com/latest/FtrIcon/RoomTexWallJukai00.png,No,NA,Yes,0,1380,Crafting,,Not for sale,None,NA,NA,None,NA,Wood,Green,Green,horror,facility,None,Nature Walls,1.0.0,RoomTexWallJukai00,5223,2B4YTYqnm64vgANY4
yellow flower-print wall,https://acnhcdn.com/latest/FtrIcon/RoomTexWallFlower02.png,No,NA,No,1780,445,Nook's Cranny,,For sale,Four Pane,Dark Wood,Glass,Curtains,Yellow,Cloth,Yellow,Yellow,fancy,living room,None,Flower Walls,1.0.0,RoomTexWallFlower02,6872,esknqzcAenk8uqzYk
yellow heart-pattern wall,https://acnhcdn.com/latest/FtrIcon/RoomTexWallHeart02.png,No,NA,No,1280,320,Nook's Cranny,,For sale,Four Pane,White Wood,Glass,Roller Shades,White,Wood,Yellow,Yellow,fancy,child's room,None,Heart Walls,1.0.0,RoomTexWallHeart02,6871,BqWMEqc2tL8CnPAmd
yellow intricate wall,https://acnhcdn.com/latest/FtrIcon/RoomTexWallFlowerPop01.png,No,NA,No,1570,392,Nook's Cranny,,For sale,Four Pane,Grey Wood,Glass,Roller Shades,White,Cloth,Yellow,White,living room,shop,None,Flower Pop Walls,1.0.0,RoomTexWallFlowerPop01,4849,FrZas8MjMdjDTPvkX
yellow playroom wall,https://acnhcdn.com/latest/FtrIcon/RoomTexWallToy03.png,No,NA,No,2540,635,Nook's Cranny,,For sale,Sliding Pane,White Metal,Glass,None,NA,Cloth,Yellow,Yellow,child's room,fancy,None,Toy Walls,1.0.0,RoomTexWallToy03,6865,mraytANoYBQvA8qAk
yellow quilt wall,https://acnhcdn.com/latest/FtrIcon/RoomTexWallDollhouse02.png,No,NA,No,2150,537,Nook's Cranny,,For sale,Four Pane,White Wood,Glass,Curtains,White Lace,Wood,Yellow,White,fancy,child's room,None,Dollhouse Walls,1.0.0,RoomTexWallDollhouse02,7276,ysEdh2vpCpg5qBcNg
yellow simple-cloth wall,https://acnhcdn.com/latest/FtrIcon/RoomTexWallSimple01.png,No,NA,No,750,187,Nook's Cranny,,For sale,Four Pane,White Wood,Glass,Curtains,White,Stone,Beige,Yellow,child's room,living room,None,Simple Walls,1.0.0,RoomTexWallSimple01,4867,7sSXFNqcYgPMcGY8k
yellow-paint wall,https://acnhcdn.com/latest/FtrIcon/RoomTexWallStucco00.png,No,NA,No,1600,400,Nook's Cranny,,For sale,Four Pane,Natural Wood,Glass,None,NA,Cloth,Yellow,Yellow,fancy,child's room,None,Stucco Walls,1.0.0,RoomTexWallStucco00,4808,TySAA4kKqyvGGeZ5C
yellow-striped wall,https://acnhcdn.com/latest/FtrIcon/RoomTexWallStripe04.png,No,NA,No,1520,380,Nook's Cranny,,For sale,Four Pane,White Wood,Glass,Roller Shades,White,Cloth,Yellow,Beige,fancy,child's room,None,Stripe Walls,1.0.0,RoomTexWallStripe04,4946,N6sef3YhY973LDgdR